"gene_name","homologene_id","species","gene","mrna","protein"
"A2M","37248","H.sapiens","A2M","NM_000014.4","NP_000005.2"
"A2M","37248","P.troglodytes","A2M","XM_001139819.1","XP_001139819.1"
"A2M","37248","C.lupus","A2M","XM_534893.2","XP_534893.2"
"A2M","37248","B.taurus","A2M","NM_001109795.1","NP_001103265.1"
"A2M","37248","M.musculus","A2m","NM_175628.2","NP_783327.1"
"A2M","37248","R.norvegicus","A2m","NM_012488.1","NP_036620.1"
"A2M","37248","G.gallus","A2M","XM_416476.2","XP_416476.2"
"A2M","37248","D.rerio","LOC1000068","XM_001923641.1","XP_001923676.1"
"A2M","37248","D.rerio","zgc:165518","NM_001100153.1","NP_001093623.1"
"A2M","37248","D.rerio","si:dkey-46","XM_001922868.1","XP_001922903.1"
"A2M","37248","D.rerio","LOC793100","XM_001332320.2","XP_001332356.1"
"A2M","37248","D.rerio","zgc:171446","NM_001114556.1","NP_001108028.1"
"A2M","37248","D.rerio","LOC1000067","XM_001345402.2","XP_001345438.2"
"A2M","37248","D.rerio","a2ml","XM_001345520.2","XP_001345556.2"
"A2M","37248","D.rerio","sb:cb37","XM_001345505.2","XP_001345541.2"
"A2M","37248","D.rerio","LOC569025","XM_692385.3","XP_697477.3"
"A2M","37248","D.rerio","LOC1000037","XM_001921484.1","XP_001921519.1"
"A2M","37248","D.rerio","zgc:171445","NM_001113629.1","NP_001107101.1"
"A2M","37248","D.rerio","si:dkey-46","NM_001114716.1","NP_001108188.1"
"A2M","37248","D.rerio","wu:fb68b01","XM_001345533.2","XP_001345569.2"
"A2M","37248","D.rerio","LOC1000069","XM_001921542.1","XP_001921577.1"
"A2M","37248","D.rerio","zgc:171426","NM_001114700.1","NP_001108172.1"
"ACADVL","5","H.sapiens","ACADVL","NM_000018.2","NP_000009.1"
"ACADVL","5","C.lupus","ACADVL","XM_546581.2","XP_546581.2"
"ACADVL","5","B.taurus","ACADVL","NM_174494.2","NP_776919.1"
"ACADVL","5","M.musculus","Acadvl","NM_017366.2","NP_059062.1"
"ACADVL","5","R.norvegicus","Acadvl","NM_012891.1","NP_037023.1"
"ACADVL","5","D.rerio","acadvl","NM_212611.1","NP_997776.1"
"ACADVL","5","D.melanogaster","CG7461","NM_137565.1","NP_611409.1"
"ACADVL","5","A.gambiae","AgaP_AGAP0","XM_314893.4","XP_314893.4"
"ACADVL","5","C.elegans","acdh-12","NM_001026891.3","NP_001022062.1"
"ADAM9 ","20824","H.sapiens","ADAM9","NM_003816.2","NP_003807.1"
"ADAM9 ","20824","P.troglodytes","ADAM9","XM_519719.2","XP_519719.2"
"ADAM9 ","20824","C.lupus","ADAM9","XM_532798.2","XP_532798.2"
"ADAM9 ","20824","B.taurus","ADAM9","XM_614306.4","XP_614306.4"
"ADAM9 ","20824","M.musculus","Adam9","NM_007404.1","NP_031430.1"
"ADAM9 ","20824","R.norvegicus","Adam9","NM_001014772.1","NP_001014772.1"
"ADAM9 ","20824","G.gallus","ADAM9","NM_001031396.1","NP_001026567.1"
"ADAM9 ","20824","D.rerio","zgc:174164","NM_001114439.1","NP_001107911.1"
"ADRM1","10513","H.sapiens ","ADRM1 ","NM_175573.1 ","NP_783163.1"
"ADRM1","10513","C.lupus ","ADRM1 ","XM_534476.2 ","XP_534476.2"
"ADRM1","10513","B.taurus ","ADRM1 ","NM_001080282.1 ","NP_001073751.1"
"ADRM1","10513","M.musculus ","Adrm1 ","NM_019822.3 ","NP_062796.2"
"ADRM1","10513","R.norvegicus ","Adrm1 ","NM_031708.1 ","NP_113896.1"
"ADRM1","10513","G.gallus ","ADRM1 ","NM_204651.1 ","NP_989982.1"
"ADRM1","10513","D.rerio ","adrm1b ","NM_201013.2 ","NP_957307.2"
"ADRM1","10513","D.melanogaster ","CG13349 ","NM_137073.2 ","NP_610917.1"
"ADRM1","10513","A.gambiae ","AgaP_AGAP0","XM_001689037.1 ","XP_001689089.1"
"ADRM1","10513","C.elegans ","C56G2.7 ","NM_065986.5 ","NP_498387.2"
"ADRM1","10513","S.pombe ","SPBC342.04","NM_001023767.1 ","NP_596747.1"
"ADRM1","10513","A.thaliana ","AT2G26590 ","NM_128216.2 ","NP_565626.1"
"ADRM1","10513","O.sativa ","Os05g05948","NM_001063044.1 ","NP_001056509.1"
"AEBP1","878","H.sapiens","AEBP1","NM_001129.3","NP_001120.3"
"AEBP1","878","M.musculus","Aebp1","NM_009636.1","NP_033766.1"
"AEBP1","878","R.norvegicus","Aebp1","XM_223583.4","XP_223583.4"
"AEBP1","878","D.rerio","LOC793308","XM_001920851.1","XP_001920886.1"
"AEBP1","878","D.rerio","si:ch1073-","XM_690930.3","XP_696022.3"
"AHCY","554","H.sapiens ","AHCY ","NM_000687.1 ","NP_000678.1"
"AHCY","554","P.troglodytes ","AHCY ","XM_514594.2 ","XP_514594.2"
"AHCY","554","C.lupus ","AHCY ","XM_534388.2 ","XP_534388.2"
"AHCY","554","B.taurus ","AHCY ","NM_001034315.1 ","NP_001029487.1"
"AHCY","554","M.musculus ","Ahcy ","NM_016661.2 ","NP_057870.2"
"AHCY","554","R.norvegicus ","Ahcy ","NM_017201.1 ","NP_058897.1"
"AHCY","554","G.gallus ","AHCY ","XM_417331.2 ","XP_417331.2"
"AHCY","554","D.rerio ","ahcy ","NM_199218.1 ","NP_954688.1"
"AHCY","554","D.melanogaster ","Ahcy13 ","NM_078609.2 ","NP_511164.2"
"AHCY","554","A.gambiae ","AgaP_AGAP0","XM_311257.3 ","XP_311257.2"
"AHCY","554","C.elegans ","K02F2.2 ","NM_059554.5 ","NP_491955.1"
"AHCY","554","S.pombe ","SPBC8D2.18","NM_001021475.1 ","NP_595580.1"
"AHCY","554","S.cerevisiae ","SAH1 ","SAH1_6320882 ","NP_010961.1"
"AHCY","554","K.lactis ","KLLA0A0119","XM_451052.1 ","XP_451052.1"
"AHCY","554","E.gossypii ","AGOS_AFR24","NM_211145.1 ","NP_985790.1"
"AHCY","554","M.grisea ","MGG_05155 ","XM_359622.1 ","XP_359622.1"
"AHCY","554","N.crassa ","NCU07930.1","XM_328635.1 ","XP_328636.1"
"AHCY","554","A.thaliana ","SAHH2 ","NM_113286.2 ","NP_189023.1"
"AHCY","554","A.thaliana ","MEE58 ","NM_117468.2 ","NP_193130.1"
"AHCY","554","O.sativa ","Os11g04555","NM_001074377.1 ","NP_001067845.1"
"AHCY","554","P.falciparum ","PFE1050w ","XM_001351731.1 ","XP_001351767.1"
"AIM2","83226","H.sapiens ","AIM2 ","NM_004833.1 ","NP_004824.1"
"AIM2","83226","P.troglodytes ","AIM2 ","XM_513914.2 ","XP_513914.2"
"AIM2","83226","M.musculus ","Aim2 ","NM_001013779.1 ","NP_001013801.1"
"AIM2","83226","R.norvegicus ","Aim2 ","XM_222949.4 ","XP_222949.4"
"AKT1","3785","H.sapiens","AKT1","NM_001014431.1","NP_001014431.1"
"AKT1","3785","P.troglodytes","AKT1","XM_001143158.1","XP_001143158.1"
"AKT1","3785","C.lupus","AKT1","XM_548000.2","XP_548000.2"
"AKT1","3785","B.taurus","AKT1","NM_173986.2","NP_776411.1"
"AKT1","3785","M.musculus","Akt1","NM_009652.2","NP_033782.1"
"AKT1","3785","R.norvegicus","Akt1","NM_033230.1","NP_150233.1"
"AKT1","3785","G.gallus","AKT1","NM_205055.1","NP_990386.1"
"AKT1","3785","D.rerio","LOC792354","XM_001921958.1","XP_001921993.1"
"AKT1","3785","C.elegans","akt-1","NM_001028474.3","NP_001023645.1"
"AKT1","3785","C.elegans","akt-2","NM_077956.4","NP_510357.3"
"ALDH7A1","913","H.sapiens","ALDH7A1","NM_001182.3","NP_001173.2"
"ALDH7A1","913","P.troglodytes","ALDH7A1","XM_517904.2","XP_517904.2"
"ALDH7A1","913","C.lupus","ALDH7A1","XM_538607.2","XP_538607.2"
"ALDH7A1","913","B.taurus","ALDH7A1","NM_001045969.1","NP_001039434.1"
"ALDH7A1","913","M.musculus","Aldh7a1","NM_138600.2","NP_613066.1"
"ALDH7A1","913","R.norvegicus","Aldh7a1","XM_214535.4","XP_214535.3"
"ALDH7A1","913","G.gallus","ALDH7A1","XM_424422.2","XP_424422.2"
"ALDH7A1","913","D.rerio","aldh7a1","NM_212724.1","NP_997889.1"
"ALDH7A1","913","D.melanogaster","CG9629","NM_140842.1","NP_649099.1"
"ALDH7A1","913","A.gambiae","AgaP_AGAP0","XM_316857.4","XP_316857.3"
"ALDH7A1","913","C.elegans","alh-9","NM_065862.2","NP_498263.2"
"ALDH7A1","913","A.thaliana","ALDH7B4","NM_179476.2","NP_849807.1"
"ALDH7A1","913","O.sativa","Os09g04403","NM_001069816.1","NP_001063281.1"
"ALOX12","560","H.sapiens","ALOX12","NM_000697.2","NP_000688.2"
"ALOX12","560","P.troglodytes","ALOX12","XM_511984.2","XP_511984.2"
"ALOX12","560","C.lupus","ALOX12","XM_851445.1","XP_856538.1"
"ALOX12","560","B.taurus","ALOX12","XM_590488.4","XP_590488.2"
"ALOX12","560","M.musculus","Alox12","NM_007440.3","NP_031466.2"
"ALOX12","560","R.norvegicus","Alox12","XM_213369.4","XP_213369.4"
"ALOX12","560","D.rerio","alox12","NM_199618.1","NP_955912.1"
"ALOX12B","884","H.sapiens","ALOX12B","NM_001139.2","NP_001130.1"
"ALOX12B","884","P.troglodytes","ALOX12B","XM_511864.2","XP_511864.2"
"ALOX12B","884","C.lupus","ALOX12B","XM_546604.2","XP_546604.2"
"ALOX12B","884","B.taurus","ALOX12B","XM_580977.2","XP_580977.2"
"ALOX12B","884","M.musculus","Alox12b","NM_009659.2","NP_033789.1"
"ALOX12B","884","R.norvegicus","Alox12b","NM_001039377.1","NP_001034466.1"
"ANG","74385","H.sapiens","ANG","NM_001097577.2","NP_001091046.1"
"ANG","74385","P.troglodytes","ANG","NM_001009159.1","NP_001009159.1"
"ANG","74385","B.taurus","LOC783225","XM_001251869.1","XP_001251870.1"
"ANG","74385","B.taurus","ANG","NM_001078144.1","NP_001071612.1"
"ANG","74385","B.taurus","ANG2","NM_001099396.1","NP_001092866.1"
"ANG","74385","M.musculus","Ang","NM_007447.2","NP_031473.1"
"ANG","74385","R.norvegicus","Ang1","NM_001006992.1","NP_001006993.1"
"ANG","74385","R.norvegicus","Ang","NM_001012359.1","NP_001012359.1"
"ANLN","41281","H.sapiens ","ANLN ","NM_018685.2 ","NP_061155.2"
"ANLN","41281","P.troglodytes ","ANLN ","XM_001169854.1 ","XP_001169854.1"
"ANLN","41281","C.lupus ","ANLN ","XM_539518.2 ","XP_539518.2"
"ANLN","41281","B.taurus ","ANLN ","XM_596461.4 ","XP_596461.3"
"ANLN","41281","M.musculus ","Anln ","NM_028390.2 ","NP_082666.1"
"ANLN","41281","R.norvegicus ","Anln ","XM_225479.4 ","XP_225479.4"
"ANLN","41281","G.gallus ","ANLN ","XM_418836.2 ","XP_418836.2"
"ANLN","41281","D.rerio ","si:dkey-30","XM_682687.3 ","XP_687779.3"
"ANXA1","563","H.sapiens ","ANXA1 ","NM_000700.1 ","NP_000691.1"
"ANXA1","563","P.troglodytes ","ANXA1 ","XM_001143668.1 ","XP_001143668.1"
"ANXA1","563","C.lupus ","ANXA1 ","XM_533524.2 ","XP_533524.2"
"ANXA1","563","B.taurus ","ANXA1 ","NM_175784.3 ","NP_786978.2"
"ANXA1","563","M.musculus ","Anxa1 ","NM_010730.2 ","NP_034860.2"
"ANXA1","563","R.norvegicus ","Anxa1 ","NM_012904.1 ","NP_037036.1"
"ANXA1","563","G.gallus ","ANXA1 ","NM_206906.1 ","NP_996789.1"
"ANXA1","563","D.rerio ","anxa1a ","NM_181758.1 ","NP_861423.1"
"ANXA2","20857","H.sapiens ","ANXA2 ","NM_001002858.2 ","NP_001002858.1"
"ANXA2","20857","P.troglodytes ","ANXA2 ","XM_001155637.1 ","XP_001155637.1"
"ANXA2","20857","C.lupus ","ANXA2 ","NM_001002961.1 ","NP_001002961.1"
"ANXA2","20857","B.taurus ","ANXA2 ","NM_174716.1 ","NP_777141.1"
"ANXA2","20857","M.musculus ","Anxa2 ","NM_007585.3 ","NP_031611.1"
"ANXA2","20857","R.norvegicus ","Anxa2 ","NM_019905.1 ","NP_063970.1"
"ANXA2","20857","G.gallus ","ANXA2 ","NM_205351.1 ","NP_990682.1"
"ANXA2","20857","D.rerio ","anxa2a ","NM_181761.2 ","NP_861426.1"
"ANXA2","20857","D.rerio ","anxa2b ","NM_001105600.1 ","NP_001099070.1"
"ANXA4","68164","H.sapiens ","ANXA4 ","NM_001153.3 ","NP_001144.1"
"ANXA4","68164","P.troglodytes ","ANXA4 ","XM_001139581.1 ","XP_001139581.1"
"ANXA4","68164","C.lupus ","ANXA4 ","XM_850465.1 ","XP_855558.1"
"ANXA4","68164","B.taurus ","ANXA4 ","NM_001001440.2 ","NP_001001440.2"
"ANXA4","68164","M.musculus ","Anxa4 ","NM_013471.1 ","NP_038499.1"
"ANXA4","68164","R.norvegicus ","Anxa4 ","NM_024155.3 ","NP_077069.3"
"ANXA4","68164","D.rerio ","LOC792474 ","XM_001331775.2 ","XP_001331811.1"
"ANXA8","20393","H.sapiens","ANXA8","NM_001040084.1","NP_001035173.1"
"ANXA8","20393","H.sapiens","ANXA8L1","NM_001098845.1","NP_001092315.1"
"ANXA8","20393","P.troglodytes","ANXA8L1","XM_001161209.1","XP_001161209.1"
"ANXA8","20393","C.lupus","ANXA8L1","XM_536412.2","XP_536412.2"
"ANXA8","20393","B.taurus","ANXA8L1","NM_174241.2","NP_776666.1"
"ANXA8","20393","M.musculus","Anxa8","NM_013473.3","NP_038501.2"
"ANXA8","20393","R.norvegicus","Anxa8","NM_001031654.1","NP_001026824.1"
"ANXA8","20393","G.gallus","ANXA8L1","XM_421646.2","XP_421646.1"
"APC","30950","H.sapiens","APC","NM_000038.4","NP_000029.2"
"APC","30950","P.troglodytes","APC","XM_001143366.1","XP_001143366.1"
"APC","30950","C.lupus","APC","XM_536285.2","XP_536285.2"
"APC","30950","B.taurus","APC","XM_001787603.1","XP_001787655.1"
"APC","30950","M.musculus","Apc","NM_007462.2","NP_031488.2"
"APC","30950","R.norvegicus","Apc","NM_012499.1","NP_036631.1"
"APC","30950","G.gallus","APC","XM_001233410.1","XP_001233411.1"
"APLP2","20396","H.sapiens","APLP2","NM_001642.2","NP_001633.1"
"APLP2","20396","P.troglodytes","APLP2","XM_001155152.1","XP_001155152.1"
"APLP2","20396","C.lupus","APLP2","XM_851401.1","XP_856494.1"
"APLP2","20396","B.taurus","APLP2","XM_001251234.2","XP_001251235.1"
"APLP2","20396","M.musculus","Aplp2","NM_009691.2","NP_033821.1"
"APLP2","20396","R.norvegicus","Aplp2","XM_343513.3","XP_343514.3"
"APLP2","20396","D.rerio","aplp2","XM_001922713.1","XP_001922748.1"
"APOC1","1244","H.sapiens ","APOC1 ","NM_001645.3 ","NP_001636.1"
"APOC1","1244","P.troglodytes ","APOC1 ","XM_001148061.1 ","XP_001148061.1"
"APOC1","1244","C.lupus ","APOC1 ","XM_847490.1 ","XP_852583.1"
"APOC1","1244","M.musculus ","Apoc1 ","NM_007469.3 ","NP_031495.1"
"APOC1","1244","R.norvegicus ","Apoc1 ","NM_012824.1 ","NP_036956.1"
"APOD","1246","H.sapiens ","APOD ","NM_001647.3 ","NP_001638.1"
"APOD","1246","P.troglodytes ","APOD ","XM_516965.2 ","XP_516965.1"
"APOD","1246","C.lupus ","APOD ","XM_535780.2 ","XP_535780.1"
"APOD","1246","B.taurus ","APOD ","NM_001076301.1 ","NP_001069769.1"
"APOD","1246","M.musculus ","Apod ","NM_007470.3 ","NP_031496.2"
"APOD","1246","R.norvegicus ","Apod ","NM_012777.1 ","NP_036909.1"
"APOD","1246","G.gallus ","APOD ","NM_001011692.1 ","NP_001011692.1"
"APOD","1246","D.rerio ","zgc:123339","NM_001037695.1 ","NP_001032784.1"
"APOD","1246","D.rerio ","zgc:153593","NM_001076582.1 ","NP_001070050.1"
"APOD","1246","D.melanogaster ","NLaz ","NM_175946.1 ","NP_787960.1"
"APOD","1246","A.gambiae ","AgaP_AGAP0","XM_320076.4 ","XP_320076.4"
"APOL2","12785","H.sapiens","APOL2","NM_030882.2","NP_112092.1"
"APOL2","12785","P.troglodytes","APOL2","XM_001143991.1","XP_001143991.1"
"APOL2","12785","M.musculus","Apol8","XM_139463.7","XP_139463.5"
"APOL2","12785","R.norvegicus","Apol2","XM_235465.4","XP_235465.4"
"AQP3","21025","H.sapiens","AQP3","NM_004925.3","NP_004916.1"
"AQP3","21025","P.troglodytes","AQP3","XM_520531.2","XP_520531.1"
"AQP3","21025","C.lupus","AQP3","XM_849503.1","XP_854596.1"
"AQP3","21025","B.taurus","AQP3","NM_001079794.1","NP_001073262.1"
"AQP3","21025","M.musculus","Aqp3","NM_016689.2","NP_057898.2"
"AQP3","21025","R.norvegicus","Aqp3","NM_031703.1","NP_113891.1"
"AQP3","21025","G.gallus","AQP3","XM_424500.2","XP_424500.2"
"AQP3","21025","D.rerio","LOC568049","XM_691357.2","XP_696449.1"
"AQP3","21025","D.rerio","aqp3","NM_213468.1","NP_998633.1"
"AQP3","21025","S.pombe","SPAC977.17","NM_001018188.1","NP_592788.1"
"AQP3","21025","S.cerevisiae","YFL054C","YFL054C_1431846","NP_116601.1"
"AQP3","21025","M.grisea","MGG_13615","XM_001408108.1","XP_001408145.1"
"ARHGAP12","23089","H.sapiens","ARHGAP12","NM_018287.5","NP_060757.4"
"ARHGAP12","23089","P.troglodytes","ARHGAP12","XM_507729.2","XP_507729.2"
"ARHGAP12","23089","C.lupus","ARHGAP12","XM_544216.2","XP_544216.2"
"ARHGAP12","23089","B.taurus","ARHGAP12","NM_001102241.1","NP_001095711.1"
"ARHGAP12","23089","M.musculus","Arhgap12","NM_001039692.1","NP_001034781.1"
"ARHGAP12","23089","R.norvegicus","Arhgap12","XM_225439.4","XP_225439.4"
"ARHGAP12","23089","G.gallus","ARHGAP12","XM_418575.2","XP_418575.2"
"ARHGAP12","23089","D.rerio","arhgap12","NM_200874.1","NP_957168.1"
"ARHGAP8","23645","H.sapiens ","LOC553158 ","NM_181334.3 ","NP_851851.1"
"ARHGAP8","23645","H.sapiens ","ARHGAP8 ","NM_181335.2 ","NP_851852.2"
"ARHGAP8","23645","C.lupus ","ARHGAP8 ","XM_846370.1 ","XP_851463.1"
"ARHGAP8","23645","M.musculus ","Arhgap8 ","NM_028455.2 ","NP_082731.1"
"ARHGAP8","23645","R.norvegicus ","Arhgap8 ","NM_001004242.1 ","NP_001004242.1"
"ARHGAP8","23645","G.gallus ","ARHGAP8 ","XM_416463.2 ","XP_416463.2"
"PYCARD","8307","H.sapiens","PYCARD","NM_013258.3","NP_037390.2"
"PYCARD","8307","P.troglodytes","PYCARD","XM_001158687.1","XP_001158687.1"
"PYCARD","8307","C.lupus","PYCARD","XM_843515.1","XP_848608.1"
"PYCARD","8307","B.taurus","PYCARD","NM_174730.2","NP_777155.1"
"PYCARD","8307","M.musculus","Pycard","NM_023258.3","NP_075747.2"
"PYCARD","8307","R.norvegicus","Pycard","NM_172322.1","NP_758825.1"
"ASXL1","9098","H.sapiens ","ASXL1 ","NM_015338.4 ","NP_056153.2"
"ASXL1","9098","P.troglodytes ","ASXL1 ","XM_001155675.1 ","XP_001155675.1"
"ASXL1","9098","B.taurus ","ASXL1 ","XM_600364.4 ","XP_600364.4"
"ASXL1","9098","M.musculus ","Asxl1 ","NM_001039939.1 ","NP_001035028.1"
"ASXL1","9098","G.gallus ","ASXL1 ","XM_425716.2 ","XP_425716.2"
"ASXL1","9098","D.rerio ","Asxl1 ","XM_001341206.2 ","XP_001341242.2"
"ATIC","2983","H.sapiens","ATIC","NM_004044.5","NP_004035.2"
"ATIC","2983","P.troglodytes","ATIC","XM_001150375.1","XP_001150375.1"
"ATIC","2983","C.lupus","ATIC","XM_857957.1","XP_863050.1"
"ATIC","2983","B.taurus","ATIC","NM_001075254.1","NP_001068722.1"
"ATIC","2983","M.musculus","Atic","NM_026195.2","NP_080471.1"
"ATIC","2983","R.norvegicus","Atic","NM_031014.2","NP_112276.2"
"ATIC","2983","G.gallus","ATIC","NM_205178.1","NP_990509.1"
"ATIC","2983","D.rerio","atic","NM_001082796.1","NP_001076265.1"
"ATIC","2983","D.melanogaster","CG11089","NM_143048.1","NP_651305.1"
"ATIC","2983","A.gambiae","AgaP_AGAP0","XM_321707.3","XP_321707.3"
"ATIC","2983","C.elegans","transferas","NM_171912.4","NP_741452.2"
"ATIC","2983","S.pombe","ade10","NM_001023018.1","NP_588027.1"
"ATIC","2983","S.cerevisiae","ADE17","ADE17_6323768","NP_013839.1"
"ATIC","2983","K.lactis","KLLA0F1765","XM_455873.1","XP_455873.1"
"ATIC","2983","E.gossypii","AGOS_AFR21","NM_211114.1","NP_985760.1"
"ATIC","2983","M.grisea","MGG_04435","XM_361990.1","XP_361990.1"
"ATIC","2983","N.crassa","NCU02629.1","XM_331827.1","XP_331828.1"
"ATIC","2983","A.thaliana","AT2G35040","NM_179909.1","NP_850240.1"
"ATIC","2983","O.sativa","Os08g02066","NM_001067775.1","NP_001061240.1"
"ATP9A","69194","H.sapiens ","ATP9A ","NM_006045.1 ","NP_006036.1"
"ATP9A","69194","P.troglodytes ","ATP9A ","XM_001168714.1 ","XP_001168714.1"
"ATP9A","69194","C.lupus ","ATP9A ","XM_534457.2 ","XP_534457.2"
"ATP9A","69194","M.musculus ","Atp9a ","NM_015731.3 ","NP_056546.2"
"ATP9A","69194","G.gallus ","ATP9A ","XM_417508.2 ","XP_417508.2"
"B4GALT5","3507","H.sapiens ","B4GALT5 ","NM_004776.3 ","NP_004767.1"
"B4GALT5","3507","P.troglodytes ","B4GALT5 ","XM_001167173.1 ","XP_001167173.1"
"B4GALT5","3507","C.lupus ","B4GALT5 ","XM_543044.2 ","XP_543044.2"
"B4GALT5","3507","B.taurus ","B4GALT5 ","XM_586129.3 ","XP_586129.3"
"B4GALT5","3507","M.musculus ","B4galt5 ","NM_019835.2 ","NP_062809.2"
"B4GALT5","3507","R.norvegicus ","B4galt5 ","XM_342584.3 ","XP_342585.3"
"B4GALT5","3507","G.gallus ","B4GALT5 ","XM_417519.2 ","XP_417519.2"
"B4GALT5","3507","D.rerio ","b4galt5 ","NM_001045332.1 ","NP_001038797.1"
"B4GALT5","3507","C.elegans ","W02B12.11 ","NM_064048.4 ","NP_496449.1"
"BAG1","3190","H.sapiens","BAG1","NM_004323.4","NP_004314.4"
"BAG1","3190","P.troglodytes","BAG1","XM_520528.2","XP_520528.2"
"BAG1","3190","C.lupus","BAG1","XM_849492.1","XP_854585.1"
"BAG1","3190","B.taurus","BAG1","XM_001250234.2","XP_001250235.2"
"BAG1","3190","M.musculus","Bag1","NM_009736.1","NP_033866.3"
"BAG1","3190","R.norvegicus","Bag1","XM_216377.4","XP_216377.3"
"BANF1","2866","H.sapiens","BANF1","NM_001143985.1","NP_001137457.1"
"BANF1","2866","P.troglodytes","BANF1","XM_001170547.1","XP_001170547.1"
"BANF1","2866","C.lupus","BANF1","XM_849683.1","XP_854776.1"
"BANF1","2866","B.taurus","BANF1","XM_001787208.1","XP_001787260.1"
"BANF1","2866","B.taurus","BANF1","NM_182988.2","NP_892033.1"
"BANF1","2866","M.musculus","Banf1","NM_001038231.1","NP_001033320.1"
"BANF1","2866","R.norvegicus","Banf1","NM_053631.2","NP_446083.1"
"BANF1","2866","D.rerio","zgc:77767","NM_205562.1","NP_991125.1"
"BANF1","2866","D.melanogaster","baf","NM_135332.2","NP_609176.1"
"BANF1","2866","A.gambiae","AgaP_AGAP0","XM_314872.3","XP_314872.1"
"BANF1","2866","C.elegans","baf-1","NM_066684.4","NP_499085.1"
"BASP1","38168","H.sapiens ","BASP1 ","NM_006317.3 ","NP_006308.3"
"BASP1","38168","P.troglodytes ","BASP1 ","XM_001175409.1 ","XP_001175409.1"
"BASP1","38168","C.lupus ","BASP1 ","XM_863690.1 ","XP_868783.1"
"BASP1","38168","B.taurus ","BASP1 ","NM_174780.3 ","NP_777205.1"
"BASP1","38168","M.musculus ","Basp1 ","NM_027395.1 ","NP_081671.1"
"BASP1","38168","R.norvegicus ","Basp1 ","NM_022300.1 ","NP_071636.1"
"BASP1","38168","G.gallus ","BASP1 ","NM_204116.1 ","NP_989447.1"
"BAT2L2","41015","H.sapiens","BAT2D1","NM_015172.3","NP_055987.2"
"BAT2L2","41015","P.troglodytes","BAT2D1","XM_001144679.1","XP_001144679.1"
"BAT2L2","41015","C.lupus","BAT2D1","XM_856926.1","XP_862019.1"
"BAT2L2","41015","M.musculus","Bat2d","NM_001081290.1","NP_001074759.1"
"BAT2L2","41015","R.norvegicus","Bat2d1","XM_341141.3","XP_341142.3"
"BAT2L2","41015","D.rerio","LOC407633","XM_001919425.1","XP_001919460.1"
"BCL2","527","H.sapiens","BCL2","NM_000633.2","NP_000624.2"
"BCL2","527","P.troglodytes","BCL2","XM_001145537.1","XP_001145537.1"
"BCL2","527","C.lupus","BCL2","NM_001002949.1","NP_001002949.1"
"BCL2","527","B.taurus","BCL2","XM_586976.4","XP_586976.3"
"BCL2","527","M.musculus","Bcl2","NM_009741.3","NP_033871.2"
"BCL2","527","R.norvegicus","Bcl2","NM_016993.1","NP_058689.1"
"BCL2","527","G.gallus","BCL2","NM_205339.1","NP_990670.1"
"BCL2L1","7639","H.sapiens","BCL2L1","NM_138578.1","NP_612815.1"
"BCL2L1","7639","P.troglodytes","BCL2L1","XM_514565.2","XP_514565.2"
"BCL2L1","7639","C.lupus","BCL2L1","NM_001003072.1","NP_001003072.1"
"BCL2L1","7639","B.taurus","BCL2L1","NM_001077486.2","NP_001070954.1"
"BCL2L1","7639","M.musculus","Bcl2l1","NM_009743.4","NP_033873.3"
"BCL2L1","7639","R.norvegicus","Bcl2l1","NM_001033670.1","NP_001028842.1"
"BCL2L1","7639","G.gallus","BCL2L1","NM_001025304.1","NP_001020475.1"
"BCL2L1","7639","D.rerio","bcl2l","NM_131807.1","NP_571882.1"
"BCL2L2","2989","H.sapiens","BCL2L2","NM_004050.3","NP_004041.1"
"BCL2L2","2989","B.taurus","BCL2L2","NM_001076533.1","NP_001070001.1"
"BCL2L2","2989","M.musculus","Bcl2l2","NM_007537.1","NP_031563.1"
"BCL2L2","2989","R.norvegicus","Bcl2l2","NM_021850.2","NP_068622.1"
"BICD2","9070","H.sapiens","BICD2","NM_001003800.1","NP_001003800.1"
"BICD2","9070","P.troglodytes","BICD2","XM_001147166.1","XP_001147166.1"
"BICD2","9070","C.lupus","BICD2","XM_541330.2","XP_541330.2"
"BICD2","9070","M.musculus","Bicd2","NM_001039179.1","NP_001034268.1"
"BICD2","9070","R.norvegicus","Bicd2","NM_001033674.1","NP_001028846.1"
"BICD2","9070","G.gallus","BICD2","XM_414332.2","XP_414332.2"
"BICD2","9070","D.rerio","LOC557383","XM_680437.2","XP_685529.1"
"BIRC5","37450","H.sapiens ","BIRC5 ","NM_001168.2 ","NP_001159.2"
"BIRC5","37450","P.troglodytes ","BIRC5 ","XM_001156931.1 ","XP_001156931.1"
"BIRC5","37450","C.lupus ","BIRC5 ","NM_001003348.1 ","NP_001003348.1"
"BIRC5","37450","B.taurus ","BIRC5 ","NM_001001855.2 ","NP_001001855.2"
"BIRC5","37450","M.musculus ","Birc5 ","NM_009689.2 ","NP_033819.1"
"BIRC5","37450","G.gallus ","BIRC5 ","NM_001012318.1 ","NP_001012318.1"
"BIRC5","37450","D.rerio ","birc5a ","NM_194397.2 ","NP_919378.1"
"BIRC5","37450","D.melanogaster ","Det ","NM_142351.2 ","NP_650608.1"
"BNIP3","2990","H.sapiens","BNIP3","NM_004052.2","NP_004043.2"
"BNIP3","2990","P.troglodytes","BNIP3","XM_508116.2","XP_508116.2"
"BNIP3","2990","C.lupus","BNIP3","XM_844054.1","XP_849147.1"
"BNIP3","2990","B.taurus","BNIP3","NM_001076366.1","NP_001069834.1"
"BNIP3","2990","M.musculus","LOC1000425","XM_001478188.1","XP_001478238.1"
"BNIP3","2990","R.norvegicus","Bnip3","NM_053420.2","NP_445872.1"
"BNIP3","2990","G.gallus","BNIP3","XM_421829.2","XP_421829.2"
"BNIP3","2990","D.rerio","wu:fj49c01","NM_001012245.1","NP_001012245.1"
"BRAF","3197","H.sapiens","BRAF","NM_004333.4","NP_004324.2"
"BRAF","3197","P.troglodytes","BRAF","XM_001155024.1","XP_001155024.1"
"BRAF","3197","C.lupus","BRAF","XM_532749.2","XP_532749.2"
"BRAF","3197","B.taurus","BRAF","XM_864068.3","XP_869161.2"
"BRAF","3197","M.musculus","Braf","NM_139294.4","NP_647455.2"
"BRAF","3197","R.norvegicus","Braf","XM_231692.4","XP_231692.4"
"BRAF","3197","G.gallus","BRAF","NM_205302.1","NP_990633.1"
"BRAF","3197","D.rerio","braf","NM_205744.3","NP_991307.2"
"BRAF","3197","D.melanogaster","phl","NM_080308.2","NP_525047.1"
"BRAF","3197","A.gambiae","AgaP_AGAP0","XM_318144.4","XP_318144.4"
"BRAF","3197","C.elegans","lin-45","NM_171367.4","NP_741430.3"
"BRCA1","5276","H.sapiens ","BRCA1 ","NM_007302.2 ","NP_009233.1"
"BRCA1","5276","P.troglodytes ","BRCA1 ","XM_001157352.1 ","XP_001157352.1"
"BRCA1","5276","C.lupus ","BRCA1 ","NM_001013416.1 ","NP_001013434.1"
"BRCA1","5276","B.taurus ","BRCA1 ","NM_178573.1 ","NP_848668.1"
"BRCA1","5276","M.musculus ","Brca1 ","NM_009764.2 ","NP_033894.2"
"BRCA1","5276","R.norvegicus ","Brca1 ","NM_012514.1 ","NP_036646.1"
"BRCA1","5276","G.gallus ","BRCA1 ","NM_204169.1 ","NP_989500.1"
"BRD9","82462","H.sapiens ","BRD9 ","NM_023924.3 ","NP_076413.2"
"BRD9","82462","P.troglodytes ","BRD9 ","XM_001139048.1 ","XP_001139048.1"
"BRD9","82462","C.lupus ","BRD9 ","XM_846692.1 ","XP_851785.1"
"BRD9","82462","B.taurus ","BRD9 ","XM_867786.3 ","XP_872879.3"
"BRD9","82462","M.musculus ","Brd9 ","NM_001024508.2 ","NP_001019679.2"
"BRD9","82462","R.norvegicus ","Brd9 ","XM_217740.4 ","XP_217740.4"
"BRD9","82462","G.gallus ","BRD9 ","XM_418893.2 ","XP_418893.2"
"BRD9","82462","D.rerio ","brd9 ","NM_200275.1 ","NP_956569.1"
"BST2","48277","H.sapiens","BST2","NM_004335.2","NP_004326.1"
"BST2","48277","P.troglodytes","BST2","XM_512491.2","XP_512491.2"
"BST2","48277","B.taurus","BST2","XM_871059.2","XP_876152.2"
"BST2","48277","B.taurus","BST2","XM_584000.4","XP_584000.2"
"BST2","48277","M.musculus","Bst2","NM_198095.2","NP_932763.1"
"BST2","48277","R.norvegicus","Bst2","NM_198134.1","NP_937767.1"
"BRIX1","10133","H.sapiens ","BXDC2 ","NM_018321.3 ","NP_060791.3"
"BRIX1","10133","P.troglodytes ","BXDC2 ","XM_517812.2 ","XP_517812.2"
"BRIX1","10133","B.taurus ","BXDC2 ","NM_001034529.1 ","NP_001029701.1"
"BRIX1","10133","M.musculus ","Bxdc2 ","NM_026396.3 ","NP_080672.3"
"BRIX1","10133","R.norvegicus ","Bxdc2 ","NM_001029915.1 ","NP_001025086.1"
"BRIX1","10133","G.gallus ","BXDC2 ","NM_001031449.1 ","NP_001026620.1"
"BRIX1","10133","D.rerio ","bxdc2 ","XM_001921103.1 ","XP_001921138.1"
"BRIX1","10133","D.melanogaster ","CG11583 ","NM_001038900.1 ","NP_001033989.1"
"BRIX1","10133","A.gambiae ","AgaP_AGAP0","XM_315375.4 ","XP_315375.4"
"BRIX1","10133","C.elegans ","K12H4.3 ","NM_066355.4 ","NP_498756.1"
"BRIX1","10133","S.pombe ","brx1 ","NM_001021014.1 ","NP_595107.1"
"BRIX1","10133","S.cerevisiae ","BRX1 ","BRX1_6324496 ","NP_014565.1"
"BRIX1","10133","K.lactis ","KLLA0E1787","XM_454753.1 ","XP_454753.1"
"BRIX1","10133","E.gossypii ","AGOS_AER02","NM_210234.1 ","NP_984880.1"
"BRIX1","10133","M.grisea ","MGG_01078 ","XM_368166.1 ","XP_368166.1"
"BRIX1","10133","N.crassa ","NCU01524.1","XM_327962.1 ","XP_327963.1"
"BRIX1","10133","A.thaliana ","AT1G52930 ","NM_104171.2 ","NP_564618.1"
"BRIX1","10133","A.thaliana ","AT3G15460 ","NM_112414.3 ","NP_566514.1"
"BRIX1","10133","O.sativa ","Os02g05918","NM_001053824.1 ","NP_001047289.1"
"BRIX1","10133","P.falciparum ","PF07_0122 ","XM_001349153.1 ","XP_001349189.1"
"BZW2","8530","H.sapiens","BZW2","NM_014038.1","NP_054757.1"
"BZW2","8530","P.troglodytes","BZW2","XM_518982.2","XP_518982.2"
"BZW2","8530","C.lupus","BZW2","XM_532484.2","XP_532484.2"
"BZW2","8530","B.taurus","BZW2","XM_584557.4","XP_584557.4"
"BZW2","8530","M.musculus","Bzw2","NM_025840.2","NP_080116.2"
"BZW2","8530","R.norvegicus","Bzw2","NM_134402.1","NP_599229.1"
"BZW2","8530","G.gallus","BZW2","NM_001006358.1","NP_001006358.1"
"BZW2","8530","D.rerio","zgc:55580","NM_200918.1","NP_957212.1"
"BZW2","8530","A.thaliana","AT5G36230","NM_123014.3","NP_568534.1"
"BZW2","8530","A.thaliana","AT1G65220","NM_105195.2","NP_564845.1"
"BZW2","8530","O.sativa","Os11g04140","NM_001074292.1","NP_001067760.1"
"C13orf18","57021","H.sapiens","C13orf18","NM_025113.2","NP_079389.2"
"C13orf18","57021","P.troglodytes","LOC452587","XM_001156463.1","XP_001156463.1"
"C13orf18","57021","C.lupus","LOC485452","XM_542570.2","XP_542570.2"
"C13orf18","57021","B.taurus","MGC165939","NM_001102041.1","NP_001095511.1"
"C13orf18","57021","M.musculus","5031414D18","NM_198642.1","NP_941044.2"
"C13orf18","57021","R.norvegicus","RGD1304929","XM_224403.4","XP_224403.4"
"C13orf18","57021","G.gallus","C13orf18","XM_417049.2","XP_417049.2"
"C13orf18","57021","D.rerio","LOC561574","XM_684987.2","XP_690079.2"
"C15orf48","41867","H.sapiens","C15orf48","NM_032413.2","NP_115789.1"
"C15orf48","41867","P.troglodytes","LOC744100","XM_001163654.1","XP_001163654.1"
"C15orf48","41867","C.lupus","LOC478287","XM_535462.2","XP_535462.2"
"C15orf48","41867","B.taurus","MGC165862","XM_864993.3","XP_870086.3"
"C15orf48","41867","M.musculus","AA467197","NM_001004174.1","NP_001004174.1"
"C15orf48","41867","R.norvegicus","MGC105649","NM_001008518.1","NP_001008518.1"
"C1QBP","31023","H.sapiens","C1QBP","NM_001212.3","NP_001203.1"
"C1QBP","31023","P.troglodytes","C1QBP","XM_511993.2","XP_511993.2"
"C1QBP","31023","C.lupus","C1QBP","XM_546568.2","XP_546568.2"
"C1QBP","31023","B.taurus","C1QBP","NM_001034527.1","NP_001029699.1"
"C1QBP","31023","M.musculus","C1qbp","NM_007573.2","NP_031599.2"
"C1QBP","31023","R.norvegicus","C1qbp","NM_019259.2","NP_062132.2"
"C1QBP","31023","G.gallus","C1QBP","XM_415748.2","XP_415748.2"
"C1QBP","31023","D.rerio","zgc:110137","NM_001017858.1","NP_001017858.1"
"C1QBP","31023","D.melanogaster","CG6459","NM_137399.2","NP_611243.1"
"C1QBP","31023","A.gambiae","AgaP_AGAP0","XM_318437.4","XP_318437.3"
"C1QBP","31023","C.elegans","cri-3","NM_065300.3","NP_497701.1"
"C20orf20","10104","H.sapiens ","C20orf20 ","NM_018270.4 ","NP_060740.1"
"C20orf20","10104","B.taurus ","LOC616297 ","XM_868284.3 ","XP_873377.2"
"C20orf20","10104","M.musculus ","1600027N09","NM_028479.1 ","NP_082755.1"
"C20orf20","10104","R.norvegicus ","RGD1308612","XM_001074536.1 ","XP_001074536.1"
"C20orf20","10104","G.gallus ","C20orf20 ","XM_417408.2 ","XP_417408.2"
"C20orf20","10104","D.rerio ","c20orf20 ","NM_200736.1 ","NP_957030.1"
"C20orf20","10104","D.melanogaster ","MrgBP ","NM_136573.2 ","NP_610417.1"
"C20orf20","10104","A.gambiae ","AgaP_AGAP0","XM_320195.4 ","XP_320195.4"
"C20orf30","8561","H.sapiens","C20orf30","NM_001009923.1","NP_001009923.1"
"C20orf30","8561","P.troglodytes","LOC458080","XM_514498.2","XP_514498.2"
"C20orf30","8561","C.lupus","LOC477167","XM_534356.2","XP_534356.2"
"C20orf30","8561","B.taurus","C13H20orf3","NM_001014930.2","NP_001014930.1"
"C20orf30","8561","M.musculus","5730494N06","NM_027478.2","NP_081754.1"
"C20orf30","8561","R.norvegicus","RGD1307399","XM_001063827.1","XP_001063827.1"
"C20orf30","8561","G.gallus","C20orf30","NM_001007877.1","NP_001007878.1"
"C20orf30","8561","D.rerio","zgc:162251","NM_001102640.1","NP_001096110.1"
"C3","68031","H.sapiens","C3","NM_000064.2","NP_000055.2"
"C3","68031","P.troglodytes","C3","XM_512318.2","XP_512318.2"
"C3","68031","C.lupus","C3","XM_533932.2","XP_533932.2"
"C3","68031","B.taurus","C3","NM_001040469.2","NP_001035559.2"
"C3","68031","M.musculus","C3","NM_009778.2","NP_033908.2"
"C3","68031","R.norvegicus","C3","NM_016994.1","NP_058690.1"
"C3","68031","G.gallus","C3","XM_001236913.1","XP_001236914.1"
"C3","68031","D.rerio","c3b","NM_131243.1","NP_571318.1"
"C3","68031","D.rerio","c3c","NM_001037236.1","NP_001032313.1"
"C3","68031","D.rerio","LOC567847","XM_691154.3","XP_696246.3"
"C3","68031","D.rerio","si:dkey-76","XM_001920039.1","XP_001920074.1"
"C3","68031","D.rerio","LOC566975","XM_690259.3","XP_695351.3"
"C3","68031","D.rerio","LOC1001499","XM_001919994.1","XP_001920029.1"
"C4orf41","11076","H.sapiens ","C4orf41 ","NM_021942.4 ","NP_068761.4"
"C4orf41","11076","P.troglodytes ","LOC471365 ","XM_526747.2 ","XP_526747.2"
"C4orf41","11076","C.lupus ","LOC482914 ","XM_540029.2 ","XP_540029.2"
"C4orf41","11076","B.taurus ","MGC159911 ","NM_001102197.1 ","NP_001095667.1"
"C4orf41","11076","M.musculus ","D030016E14","NM_177240.3 ","NP_796214.2"
"C4orf41","11076","R.norvegicus ","RGD1309765","XM_224848.4 ","XP_224848.3"
"C4orf41","11076","G.gallus ","RCJMB04_29","NM_001031536.1 ","NP_001026707.1"
"C4orf41","11076","D.rerio ","foigr ","NM_199626.2 ","NP_955920.2"
"C4orf41","11076","D.melanogaster ","gry ","NM_168000.1 ","NP_728832.2"
"C4orf41","11076","A.gambiae ","AgaP_AGAP0","XM_316549.4 ","XP_316549.4"
"C4orf41","11076","C.elegans ","B0412.3 ","NM_064863.3 ","NP_497264.1"
"C4orf41","11076","A.thaliana ","AT5G65950 ","NM_125992.5 ","NP_201396.4"
"C4orf41","11076","O.sativa ","Os02g07145","NM_001054455.1 ","NP_001047920.1"
"C5orf22","10149","H.sapiens ","C5orf22 ","NM_018356.2 ","NP_060826.2"
"C5orf22","10149","P.troglodytes ","LOC461936 ","XM_517821.2 ","XP_517821.2"
"C5orf22","10149","C.lupus ","LOC612640 ","XM_850372.1 ","XP_855465.1"
"C5orf22","10149","M.musculus ","6030458C11","NM_029998.2 ","NP_084274.1"
"C5orf22","10149","R.norvegicus ","RGD1306502","XM_226842.4 ","XP_226842.4"
"C5orf22","10149","G.gallus ","C5orf22 ","XM_418996.2 ","XP_418996.2"
"C5orf22","10149","D.rerio ","zgc:56556 ","NM_200331.1 ","NP_956625.1"
"C5orf22","10149","D.melanogaster ","MESR6 ","NM_079430.2 ","NP_524154.2"
"C5orf22","10149","A.gambiae ","AgaP_AGAP0","XM_001688609.1 ","XP_001688661.1"
"C5orf28","49708","H.sapiens ","C5orf28 ","NM_022483.4 ","NP_071928.2"
"C5orf28","49708","P.troglodytes ","LOC461891 ","XM_001135483.1 ","XP_001135483.1"
"C5orf28","49708","B.taurus ","C5orf28 ","NM_001079795.1 ","NP_001073263.1"
"C5orf28","49708","M.musculus ","Gm7120 ","NM_001039244.2 ","NP_001034333.1"
"C5orf28","49708","R.norvegicus ","RGD1562550","XM_574856.2 ","XP_574856.2"
"C5orf28","49708","G.gallus ","C5orf28 ","XM_424781.2 ","XP_424781.1"
"C5orf28","49708","D.rerio ","si:busm1-7","NM_001004514.1 ","NP_001004514.1"
"C5orf28","49708","D.melanogaster ","CG10866 ","NM_139581.1 ","NP_647838.1"
"C5orf28","49708","A.gambiae ","AgaP_AGAP0","XM_315389.3 ","XP_315389.3"
"CACYBP","7649","H.sapiens","CACYBP","NM_014412.2","NP_055227.1"
"CACYBP","7649","P.troglodytes","CACYBP","XM_514016.2","XP_514016.2"
"CACYBP","7649","C.lupus","CACYBP","XM_537183.2","XP_537183.1"
"CACYBP","7649","B.taurus","CACYBP","NM_001034809.1","NP_001029981.1"
"CACYBP","7649","M.musculus","Cacybp","NM_009786.1","NP_033916.1"
"CACYBP","7649","R.norvegicus","Cacybp","NM_001004208.1","NP_001004208.1"
"CACYBP","7649","G.gallus","CACYBP","XM_422279.2","XP_422279.1"
"CACYBP","7649","D.rerio","cacybp","NM_212887.1","NP_998052.1"
"CACYBP","7649","D.melanogaster","CG3226","NM_132104.2","NP_572332.1"
"CACYBP","7649","A.gambiae","AgaP_AGAP0","XM_320934.4","XP_320934.4"
"CACYBP","7649","A.thaliana","AT1G30070","NM_102746.3","NP_564346.1"
"CACYBP","7649","O.sativa","Os01g07575","NM_001050829.1","NP_001044294.1"
"CACYBP","7649","P.falciparum","PFL1845c","XM_001350739.1","XP_001350775.1"
"CADM1","8641","H.sapiens","CADM1","NM_014333.3","NP_055148.3"
"CADM1","8641","P.troglodytes","CADM1","XM_001152029.1","XP_001152029.1"
"CADM1","8641","C.lupus","CADM1","XM_536568.2","XP_536568.2"
"CADM1","8641","B.taurus","CADM1","NM_001038558.1","NP_001033647.1"
"CADM1","8641","M.musculus","Cadm1","NM_207675.2","NP_997558.2"
"CADM1","8641","R.norvegicus","Cadm1","NM_001012201.1","NP_001012201.1"
"CADM1","8641","G.gallus","CADM1","XM_417901.2","XP_417901.2"
"CADM1","8641","D.rerio","cadm1a","NM_001113551.1","NP_001107023.1"
"CADM1","8641","D.rerio","cadm1b","NM_001113552.1","NP_001107024.1"
"CALCA","105261","H.sapiens ","CALCA ","NM_001033953.1 ","NP_001029125.1"
"CALCA","105261","C.lupus ","CRSP-2 ","NM_001002947.1 ","NP_001002947.1"
"CALCA","105261","C.lupus ","LOC609772 ","XM_847108.1 ","XP_852201.1"
"CALCA","105261","B.taurus ","CALC3 ","NM_001076340.1 ","NP_001069808.1"
"CAMKK2","32756","H.sapiens","CAMKK2","NM_006549.3","NP_006540.3"
"CAMKK2","32756","C.lupus","CAMKK2","XM_543388.2","XP_543388.2"
"CAMKK2","32756","B.taurus","CAMKK2","NM_001075390.1","NP_001068858.1"
"CAMKK2","32756","M.musculus","Camkk2","NM_145358.1","NP_663333.1"
"CAMKK2","32756","R.norvegicus","Camkk2","NM_031338.1","NP_112628.1"
"CAMKK2","32756","G.gallus","CAMKK2","XM_415134.2","XP_415134.2"
"CAMKK2","32756","D.rerio","LOC560476","XM_683879.3","XP_688971.3"
"CAMKK2","32756","D.melanogaster","CG17698","NM_001043168.1","NP_001036633.1"
"CAMKK2","32756","A.gambiae","AgaP_AGAP0","XM_307935.4","XP_307935.4"
"CAMKV","56983","H.sapiens","CAMKV","NM_024046.3","NP_076951.2"
"CAMKV","56983","P.troglodytes","CAMKV","XM_516469.2","XP_516469.2"
"CAMKV","56983","C.lupus","CAMKV","XM_845383.1","XP_850476.1"
"CAMKV","56983","B.taurus","CAMKV","NM_001075876.1","NP_001069344.1"
"CAMKV","56983","M.musculus","Camkv","NM_145621.2","NP_663596.1"
"CAMKV","56983","R.norvegicus","Camkv","NM_024000.1","NP_076490.1"
"CAMKV","56983","G.gallus","CAMKV","XM_001234174.1","XP_001234175.1"
"CAMKV","56983","D.rerio","camkv","NM_200450.1","NP_956744.1"
"CAMKV","56983","D.rerio","LOC567243","XM_690535.2","XP_695627.2"
"CCNA1","31203","H.sapiens","CCNA1","NM_003914.3","NP_003905.1"
"CCNA1","31203","P.troglodytes","CCNA1","XM_522658.2","XP_522658.2"
"CCNA1","31203","C.lupus","CCNA1","XM_534494.2","XP_534494.2"
"CCNA1","31203","B.taurus","CCNA1","XM_600212.4","XP_600212.3"
"CCNA1","31203","M.musculus","Ccna1","NM_007628.2","NP_031654.1"
"CCNA1","31203","R.norvegicus","Ccna1","NM_001011949.1","NP_001011949.1"
"CCNA1","31203","G.gallus","CCNA1","XM_417097.2","XP_417097.1"
"CCNA1","31203","D.rerio","ccna1","NM_212818.1","NP_997983.1"
"CCNA1","31203","A.thaliana","CYCA1;2","NM_106388.3","NP_177863.2"
"CCNB1","68982","H.sapiens","CCNB1","NM_031966.2","NP_114172.1"
"CCNB1","68982","P.troglodytes","CCNB1","XM_517728.2","XP_517728.2"
"CCNB1","68982","C.lupus","LOC485338","XM_846071.1","XP_851164.1"
"CCNB1","68982","C.lupus","LOC608420","XM_845305.1","XP_850398.1"
"CCNB1","68982","B.taurus","CCNB1","NM_001045872.1","NP_001039337.1"
"CCNB1","68982","M.musculus","Gm5593","XM_485921.3","XP_485921.1"
"CCNB1","68982","M.musculus","Ccnb1","NM_172301.3","NP_758505.2"
"CCNB1","68982","R.norvegicus","Ccnb1","NM_171991.1","NP_741988.1"
"CCNB1","68982","D.rerio","ccnb1","NM_131513.1","NP_571588.1"
"CCNB1","68982","D.melanogaster","CycB","NM_166557.1","NP_726246.1"
"CCNB1","68982","A.gambiae","AgaP_AGAP0","XM_315060.4","XP_315060.4"
"CCNB1","68982","A.gambiae","AgaP_AGAP0","XM_315059.4","XP_315059.4"
"CCNB1","68982","S.pombe","cdc13","NM_001021079.1","NP_595171.1"
"CCNB1","68982","S.cerevisiae","CLB2","CLB2_6325376","NP_015444.1"
"CCNB1","68982","K.lactis","KLLA0D1554","XM_453748.1","XP_453748.1"
"CCNB1","68982","E.gossypii","AGOS_AAR09","NM_207993.1","NP_982640.1"
"CCNB1","68982","M.grisea","MGG_05646","XM_360272.2","XP_360272.2"
"CCNB1","68982","N.crassa","NCU02758.1","XM_331956.1","XP_331957.1"
"CCNB1","68982","A.thaliana","CYC1BAT","NM_120697.2","NP_196233.1"
"CCNB1","68982","A.thaliana","CYCB1;3","NM_111985.4","NP_187759.2"
"CCNB1","68982","A.thaliana","CYCB1;1","NM_119913.2","NP_195465.1"
"CCND1","1334","H.sapiens","CCND1","NM_053056.2","NP_444284.1"
"CCND1","1334","C.lupus","CCND1","NM_001005757.1","NP_001005757.1"
"CCND1","1334","B.taurus","CCND1","NM_001046273.1","NP_001039738.1"
"CCND1","1334","M.musculus","Ccnd1","NM_007631.2","NP_031657.1"
"CCND1","1334","R.norvegicus","Ccnd1","NM_171992.2","NP_741989.2"
"CCND1","1334","G.gallus","CCND1","NM_205381.1","NP_990712.1"
"CCND1","1334","D.rerio","ccnd1","NM_131025.2","NP_571100.1"
"CCND2","37525","H.sapiens","CCND2","NM_001759.3","NP_001750.1"
"CCND2","37525","P.troglodytes","CCND2","XM_001156857.1","XP_001156857.1"
"CCND2","37525","C.lupus","CCND2","XM_849493.1","XP_854586.1"
"CCND2","37525","B.taurus","CCND2","NM_001076372.1","NP_001069840.1"
"CCND2","37525","M.musculus","Ccnd2","NM_009829.3","NP_033959.1"
"CCND2","37525","R.norvegicus","Ccnd2","NM_022267.1","NP_071603.1"
"CCND2","37525","G.gallus","CCND2","NM_204213.1","NP_989544.1"
"CCND2","37525","D.rerio","zgc:162280","NM_001089445.1","NP_001082914.1"
"CCND2","37525","D.melanogaster","CycD","NM_078631.2","NP_523355.1"
"CCNE1","14452","H.sapiens","CCNE1","NM_001238.1","NP_001229.1"
"CCNE1","14452","P.troglodytes","CCNE1","XM_512559.2","XP_512559.2"
"CCNE1","14452","C.lupus","CCNE1","XM_541724.2","XP_541724.2"
"CCNE1","14452","B.taurus","CCNE1","XM_612960.4","XP_612960.3"
"CCNE1","14452","M.musculus","Ccne1","NM_007633.2","NP_031659.2"
"CCNE1","14452","R.norvegicus","Ccne1","XM_574426.2","XP_574426.2"
"CCNE1","14452","G.gallus","CCNE1","NM_001031358.1","NP_001026529.1"
"CCNE1","14452","D.rerio","ccne","NM_130995.1","NP_571070.1"
"CCNE1","14452","D.melanogaster","CycE","NM_165124.2","NP_723925.1"
"CCNE1","14452","A.gambiae","AgaP_AGAP0","XM_317276.4","XP_317276.4"
"CCNE1","14452","C.elegans","cye-1","NM_001025857.1","NP_001021028.1"
"CCR2","537","H.sapiens ","CCR2 ","NM_001123396.1 ","NP_001116868.1"
"CCR2","537","P.troglodytes ","CCR2 ","XM_001149592.1 ","XP_001149592.1"
"CCR2","537","C.lupus ","CCR2 ","XM_541906.1 ","XP_541906.1"
"CCR2","537","B.taurus ","CCR2 ","XM_584158.3 ","XP_584158.2"
"CCR2","537","M.musculus ","Ccr2 ","NM_009915.1 ","NP_034045.1"
"CCR2","537","R.norvegicus ","Ccr2 ","NM_021866.1 ","NP_068638.1"
"CCR2","537","G.gallus ","CCR2 ","NM_001045835.1 ","NP_001039300.1"
"CCR2","537","D.rerio ","LOC1000052","XM_001344341.1 ","XP_001344377.1"
"CCR2","537","D.rerio ","LOC792495 ","XM_001331982.2 ","XP_001332018.2"
"CD28","4473","H.sapiens","CD28","NM_006139.2","NP_006130.1"
"CD28","4473","P.troglodytes","CD28","XM_525998.1","XP_525998.1"
"CD28","4473","C.lupus","CD28","XM_850468.1","XP_855561.1"
"CD28","4473","B.taurus","CD28","NM_181004.1","NP_851347.1"
"CD28","4473","M.musculus","Cd28","NM_007642.3","NP_031668.2"
"CD28","4473","R.norvegicus","Cd28","NM_013121.1","NP_037253.1"
"CD28","4473","G.gallus","CD28","NM_205311.1","NP_990642.1"
"CD44","508","H.sapiens ","CD44 ","NM_000610.3 ","NP_000601.3"
"CD44","508","P.troglodytes ","CD44 ","XM_001152601.1 ","XP_001152601.1"
"CD44","508","M.musculus ","Cd44 ","NM_009851.2 ","NP_033981.2"
"CD44","508","R.norvegicus ","Cd44 ","NM_012924.2 ","NP_037056.2"
"CD44","508","G.gallus ","CD44 ","XM_001232424.1 ","XP_001232425.1"
"CD63","37526","H.sapiens","CD63","NM_001780.4","NP_001771.1"
"CD63","37526","P.troglodytes","CD63","XM_509121.2","XP_509121.1"
"CD63","37526","C.lupus","CD63","XM_531624.2","XP_531624.2"
"CD63","37526","B.taurus","CD63","NM_205803.1","NP_991372.1"
"CD63","37526","M.musculus","Cd63","NM_001042580.1","NP_001036045.1"
"CD63","37526","R.norvegicus","Cd63","NM_017125.2","NP_058821.1"
"CD63","37526","D.rerio","cd63","NM_199543.1","NP_955837.1"
"CD63","37526","D.melanogaster","Tsp29Fa","NM_078791.2","NP_523515.1"
"CD63","37526","A.gambiae","AgaP_AGAP0","XM_318688.3","XP_318688.2"
"CD63","37526","C.elegans","tsp-7","NM_060235.1","NP_492636.1"
"CD83","3121","H.sapiens","CD83","NM_004233.3","NP_004224.1"
"CD83","3121","P.troglodytes","CD83","XM_518248.2","XP_518248.2"
"CD83","3121","C.lupus","CD83","XM_847554.1","XP_852647.1"
"CD83","3121","B.taurus","CD83","NM_001046590.1","NP_001040055.1"
"CD83","3121","M.musculus","Cd83","NM_009856.1","NP_033986.1"
"CD83","3121","R.norvegicus","Cd83","XM_341509.3","XP_341510.2"
"CD83","3121","G.gallus","CD83","XM_418929.2","XP_418929.1"
"CDA","1352","H.sapiens","CDA","NM_001785.2","NP_001776.1"
"CDA","1352","P.troglodytes","CDA","XM_001161389.1","XP_001161389.1"
"CDA","1352","C.lupus","CDA","XM_544519.2","XP_544519.1"
"CDA","1352","B.taurus","CDA","XM_868383.3","XP_873476.2"
"CDA","1352","M.musculus","Cda","NM_028176.1","NP_082452.1"
"CDA","1352","R.norvegicus","Cda","XM_342955.3","XP_342956.1"
"CDA","1352","G.gallus","CDA","XM_001234308.1","XP_001234309.1"
"CDA","1352","D.rerio","cda","NM_205679.1","NP_991242.1"
"CDA","1352","D.rerio","LOC559958","XM_001923587.1","XP_001923622.1"
"CDA","1352","S.pombe","pcd1","NM_001019743.1","NP_594321.1"
"CDA","1352","S.cerevisiae","CDD1","CDD1_6323274","NP_013346.1"
"CDA","1352","K.lactis","KLLA0D1841","XM_453876.1","XP_453876.1"
"CDA","1352","E.gossypii","AGOS_AGL12","NM_211606.1","NP_986544.1"
"CDA","1352","M.grisea","MGG_09940","XM_365095.2","XP_365095.2"
"CDA","1352","N.crassa","NCU08359.1","XM_329404.1","XP_329405.1"
"CDC40","5716","H.sapiens ","CDC40 ","NM_015891.2 ","NP_056975.1"
"CDC40","5716","P.troglodytes ","CDC40 ","XM_518687.2 ","XP_518687.2"
"CDC40","5716","C.lupus ","CDC40 ","XM_532261.2 ","XP_532261.2"
"CDC40","5716","B.taurus ","CDC40 ","NM_001075643.1 ","NP_001069111.1"
"CDC40","5716","M.musculus ","Cdc40 ","XM_483893.3 ","XP_483893.1"
"CDC40","5716","R.norvegicus ","Cdc40 ","XM_342154.3 ","XP_342155.1"
"CDC40","5716","G.gallus ","CDC40 ","NM_001006407.1 ","NP_001006407.1"
"CDC40","5716","D.rerio ","cdc40 ","NM_001009990.1 ","NP_001009990.1"
"CDC40","5716","D.melanogaster ","CG6015 ","NM_142748.2 ","NP_651005.1"
"CDC40","5716","A.gambiae ","AgaP_AGAP0","XM_319677.4 ","XP_319677.2"
"CDC40","5716","C.elegans ","prp-17 ","NM_060450.3 ","NP_492851.1"
"CDC40","5716","S.pombe ","prp17 ","NM_001022004.1 ","NP_596089.1"
"CDC40","5716","M.grisea ","MGG_08133 ","XM_362550.1 ","XP_362550.1"
"CDC40","5716","N.crassa ","NCU06921.1","XM_327206.1 ","XP_327207.1"
"CDC40","5716","A.thaliana ","AT1G10580 ","NM_100933.2 ","NP_172528.2"
"CDC40","5716","O.sativa ","Os03g03975","NM_001056837.1 ","NP_001050302.1"
"CDC40","5716","P.falciparum ","PFL0970w ","XM_001350564.1 ","XP_001350600.1"
"CDH1","20917","H.sapiens","CDH1","NM_004360.3","NP_004351.1"
"CDH1","20917","P.troglodytes","CDH1","XM_001168150.1","XP_001168150.1"
"CDH1","20917","C.lupus","CDH1","XM_536807.2","XP_536807.2"
"CDH1","20917","B.taurus","CDH1","NM_001002763.1","NP_001002763.1"
"CDH1","20917","M.musculus","Cdh1","NM_009864.2","NP_033994.1"
"CDH1","20917","R.norvegicus","Cdh1","NM_031334.1","NP_112624.1"
"CDH1","20917","G.gallus","CDH1","NM_001039258.1","NP_001034347.1"
"CDH1","20917","D.rerio","cdh1","NM_131820.1","NP_571895.1"
"CDH1","20917","D.rerio","LOC567602","XM_690906.3","XP_695998.3"
"CDH11","1361","H.sapiens ","CDH11 ","NM_001797.2 ","NP_001788.2"
"CDH11","1361","P.troglodytes ","CDH11 ","XM_511011.2 ","XP_511011.2"
"CDH11","1361","C.lupus ","CDH11 ","XM_859890.1 ","XP_864983.1"
"CDH11","1361","M.musculus ","Cdh11 ","NM_009866.4 ","NP_033996.4"
"CDH11","1361","R.norvegicus ","Cdh11 ","XM_001059464.1 ","XP_001059464.1"
"CDH11","1361","G.gallus ","CDH11 ","NM_001004371.1 ","NP_001004371.1"
"CDH11","1361","D.rerio ","cdh11 ","XM_704249.3 ","XP_709341.2"
"CDH13","20335","H.sapiens","CDH13","NM_001257.3","NP_001248.1"
"CDH13","20335","P.troglodytes","CDH13","XM_001149841.1","XP_001149841.1"
"CDH13","20335","C.lupus","CDH13","XM_546809.2","XP_546809.2"
"CDH13","20335","B.taurus","CDH13","NM_001035277.1","NP_001030354.1"
"CDH13","20335","M.musculus","Cdh13","NM_019707.3","NP_062681.2"
"CDH13","20335","R.norvegicus","Cdh13","NM_138889.2","NP_620244.1"
"CDH13","20335","G.gallus","CDH13","NM_001001760.1","NP_001001760.1"
"CDH13","20335","D.rerio","si:ch211-1","XM_681990.3","XP_687082.3"
"CDH15","3622","H.sapiens ","CDH15 ","NM_004933.2 ","NP_004924.1"
"CDH15","3622","C.lupus ","CDH15 ","XM_536750.2 ","XP_536750.2"
"CDH15","3622","B.taurus ","CDH15 ","NM_001102066.1 ","NP_001095536.1"
"CDH15","3622","M.musculus ","Cdh15 ","NM_007662.2 ","NP_031688.2"
"CDH15","3622","R.norvegicus ","Cdh15 ","NM_207613.1 ","NP_997496.1"
"CDH15","3622","D.rerio ","cdh15 ","NM_212606.1 ","NP_997771.1"
"CDH2","20424","H.sapiens","CDH2","NM_001792.3","NP_001783.2"
"CDH2","20424","P.troglodytes","CDH2","XM_523898.2","XP_523898.2"
"CDH2","20424","C.lupus","CDH2","XM_537293.2","XP_537293.2"
"CDH2","20424","B.taurus","CDH2","XM_001250829.2","XP_001250830.2"
"CDH2","20424","M.musculus","Cdh2","NM_007664.3","NP_031690.2"
"CDH2","20424","R.norvegicus","Cdh2","NM_031333.1","NP_112623.1"
"CDH2","20424","G.gallus","CDH2","NM_001001615.1","NP_001001615.1"
"CDH2","20424","D.rerio","cdh2","NM_131081.1","NP_571156.1"
"CDH3","20425","H.sapiens","CDH3","NM_001793.4","NP_001784.2"
"CDH3","20425","P.troglodytes","CDH3","XM_001167934.1","XP_001167934.1"
"CDH3","20425","C.lupus","CDH3","XM_848616.1","XP_853709.1"
"CDH3","20425","B.taurus","CDH3","XM_614683.4","XP_614683.4"
"CDH3","20425","M.musculus","Cdh3","NM_001037809.2","NP_001032898.1"
"CDH3","20425","R.norvegicus","Cdh3","XM_226426.4","XP_226426.4"
"CDH3","20425","H.sapiens ","CDH3 ","NM_001793.4 ","NP_001784.2"
"CDH3","20425","P.troglodytes ","CDH3 ","XM_001167934.1 ","XP_001167934.1"
"CDH3","20425","C.lupus ","CDH3 ","XM_848616.1 ","XP_853709.1"
"CDH3","20425","B.taurus ","CDH3 ","XM_614683.4 ","XP_614683.4"
"CDH3","20425","M.musculus ","Cdh3 ","NM_001037809.2 ","NP_001032898.1"
"CDH3","20425","R.norvegicus ","Cdh3 ","XM_226426.4 ","XP_226426.4"
"CDK2","74409","H.sapiens ","CDK2 ","NM_001798.3 ","NP_001789.2"
"CDK2","74409","P.troglodytes ","CDK2 ","XM_522432.2 ","XP_522432.2"
"CDK2","74409","C.lupus ","CDK2 ","XM_843254.1 ","XP_848347.1"
"CDK2","74409","B.taurus ","CDK2 ","NM_001014934.1 ","NP_001014934.1"
"CDK2","74409","M.musculus ","Cdk2 ","NM_183417.2 ","NP_904326.1"
"CDK2","74409","R.norvegicus ","Cdk2 ","NM_199501.1 ","NP_955795.1"
"CDK2","74409","D.rerio ","cdk2 ","NM_213406.1 ","NP_998571.1"
"CDK2","74409","D.melanogaster ","cdc2c ","NM_079696.4 ","NP_524420.1"
"CDK2","74409","A.gambiae ","AgaP_AGAP0","XM_562342.3 ","XP_562342.3"
"CDK2","74409","S.pombe ","cdc2 ","NM_001021523.1 ","NP_595629.1"
"CDK2","74409","S.cerevisiae ","CDC28 ","CDC28_6319636 ","NP_009718.1"
"CDK2","74409","K.lactis ","KLLA0B0979","XM_451964.1 ","XP_451964.1"
"CDK2","74409","E.gossypii ","AGOS_ADR05","NM_209507.1 ","NP_984154.1"
"CDK2","74409","M.grisea ","MGG_01362 ","XM_363436.1 ","XP_363436.1"
"CDK2","74409","N.crassa ","NCU09778.1","XM_330427.1 ","XP_330428.1"
"CDK2","74409","A.thaliana ","CDC2 ","NM_114734.3 ","NP_566911.1"
"CDK2","74409","O.sativa ","Os03g01184","NM_001055307.1 ","NP_001048772.1"
"CDK2","74409","O.sativa ","Os02g01231","NM_001052266.1 ","NP_001045731.1"
"CDK2","74409","P.falciparum ","MAL13P1.27","XM_001350244.1 ","XP_001350280.1"
"CDK6","963","H.sapiens ","CDK6 ","NM_001145306.1 ","NP_001138778.1"
"CDK6","963","P.troglodytes ","CDK6 ","XM_001167181.1 ","XP_001167181.1"
"CDK6","963","C.lupus ","CDK6 ","XM_847267.1 ","XP_852360.1"
"CDK6","963","B.taurus ","CDK6 ","XM_589151.4 ","XP_589151.3"
"CDK6","963","M.musculus ","Cdk6 ","NM_009873.2 ","NP_034003.1"
"CDK6","963","R.norvegicus ","Cdk6 ","XM_342638.3 ","XP_342639.2"
"CDK6","963","G.gallus ","CDK6 ","NM_001007892.1 ","NP_001007893.1"
"CDK6","963","D.rerio ","LOC1000066","XM_001345325.2 ","XP_001345361.2"
"CDK6","963","D.melanogaster ","Cdk4 ","NM_057848.2 ","NP_477196.1"
"CDK6","963","A.gambiae ","AgaP_AGAP0","XM_315841.3 ","XP_315841.3"
"CDK6","963","C.elegans ","cdk-4 ","NM_077855.4 ","NP_510256.1"
"CDKN1A","333","H.sapiens","CDKN1A","NM_000389.3","NP_000380.1"
"CDKN1A","333","P.troglodytes","CDKN1A","XM_001157015.1","XP_001157015.1"
"CDKN1A","333","C.lupus","CDKN1A","XM_532125.2","XP_532125.2"
"CDKN1A","333","B.taurus","CDKN1A","NM_001098958.1","NP_001092428.1"
"CDKN1A","333","M.musculus","Cdkn1a","NM_007669.3","NP_031695.1"
"CDKN1A","333","R.norvegicus","Cdkn1a","NM_080782.3","NP_542960.1"
"CDKN1B","2999","H.sapiens ","CDKN1B ","NM_004064.3 ","NP_004055.1"
"CDKN1B","2999","P.troglodytes ","CDKN1B ","XM_522347.2 ","XP_522347.2"
"CDKN1B","2999","C.lupus ","CDKN1B ","NM_001002957.1 ","NP_001002957.1"
"CDKN1B","2999","B.taurus ","CDKN1B ","NM_001100346.1 ","NP_001093816.1"
"CDKN1B","2999","M.musculus ","Cdkn1b ","NM_009875.3 ","NP_034005.2"
"CDKN1B","2999","R.norvegicus ","Cdkn1b ","NM_031762.2 ","NP_113950.2"
"CDKN1B","2999","G.gallus ","CDKN1B ","NM_204256.2 ","NP_989587.1"
"CDKN1B","2999","G.gallus ","CDKN1B ","XM_001233186.1 ","XP_001233187.1"
"CDKN1B","2999","D.rerio ","cdkn1b ","NM_212792.2 ","NP_997957.1"
"CDKN2A","55430","H.sapiens","CDKN2A","NM_000077.3","NP_000068.1"
"CDKN2A","55430","P.troglodytes","CDKN2A","XM_520513.2","XP_520513.1"
"CDKN2A","55430","M.musculus","Cdkn2a","NM_001040654.1","NP_001035744.1"
"CDKN2A","55430","R.norvegicus","Cdkn2a","NM_031550.1","NP_113738.1"
"CDKN2B","55859","H.sapiens","CDKN2B","NM_004936.3","NP_004927.2"
"CDKN2B","55859","B.taurus","CDKN2B","NM_001075894.1","NP_001069362.1"
"CDKN2B","55859","M.musculus","Cdkn2b","NM_007670.3","NP_031696.1"
"CDKN2B","55859","R.norvegicus","Cdkn2b","NM_130812.1","NP_570825.1"
"CDKN2B","55859","G.gallus","CDKN2B","NM_204433.1","NP_989764.1"
"CEACAM1","113536","H.sapiens ","CEACAM5 ","NM_004363.2 ","NP_004354.2"
"CEACAM1","113536","H.sapiens ","CEACAM1 ","NM_001712.3 ","NP_001703.2"
"CEACAM1","113536","H.sapiens ","CEACAM6 ","NM_002483.4 ","NP_002474.3"
"CEACAM1","113536","D.rerio ","ceacam1 ","NM_001113794.1 ","NP_001107266.1"
"CEACAM5","113536","H.sapiens","CEACAM5","NM_004363.2","NP_004354.2"
"CEACAM5","113536","H.sapiens","CEACAM1","NM_001712.3","NP_001703.2"
"CEACAM5","113536","H.sapiens","CEACAM6","NM_002483.4","NP_002474.3"
"CEACAM5","113536","D.rerio","ceacam1","NM_001113794.1","NP_001107266.1"
"CEACAM6","113536","H.sapiens","CEACAM5","NM_004363.2","NP_004354.2"
"CEACAM6","113536","H.sapiens","CEACAM1","NM_001712.3","NP_001703.2"
"CEACAM6","113536","H.sapiens","CEACAM6","NM_002483.4","NP_002474.3"
"CEACAM6","113536","D.rerio","ceacam1","NM_001113794.1","NP_001107266.1"
"CEACAM7","48476","H.sapiens","CEACAM7","NM_006890.2","NP_008821.1"
"CEACAM7","48476","P.troglodytes","CEACAM7","XM_524278.2","XP_524278.1"
"CEBPB","3807","H.sapiens","CEBPB","NM_005194.2","NP_005185.2"
"CEBPB","3807","P.troglodytes","CEBPB","XM_525353.2","XP_525353.2"
"CEBPB","3807","M.musculus","Cebpb","NM_009883.2","NP_034013.1"
"CEBPB","3807","R.norvegicus","Cebpb","NM_024125.4","NP_077039.3"
"CEBPB","3807","G.gallus","CEBPB","NM_205253.1","NP_990584.1"
"CEBPB","3807","D.rerio","cebpb","NM_131884.2","NP_571959.2"
"CELA2A","40598","H.sapiens","CELA2A","NM_033440.1","NP_254275.1"
"CELA2A","40598","P.troglodytes","CELA2A","XM_001156270.1","XP_001156270.1"
"CELA2A","40598","B.taurus","CELA2A","NM_174714.2","NP_777139.1"
"CELA2A","40598","M.musculus","RP23-395H4","NM_007919.2","NP_031945.1"
"CELA2A","40598","R.norvegicus","Cela2a","NM_012553.1","NP_036685.1"
"CELA2A","40598","G.gallus","CELA2A","XM_001231961.1","XP_001231962.1"
"CELA2A","40598","D.rerio","ela2","XM_001923683.1","XP_001923718.1"
"CELA2A","40598","D.rerio","ela2l","NM_199886.1","NP_956180.1"
"CELSR1","7665","H.sapiens","CELSR1","NM_014246.1","NP_055061.1"
"CELSR1","7665","C.lupus","CELSR1","XM_538324.2","XP_538324.2"
"CELSR1","7665","B.taurus","CELSR1","XM_600703.4","XP_600703.4"
"CELSR1","7665","M.musculus","Celsr1","NM_009886.2","NP_034016.2"
"CELSR1","7665","R.norvegicus","Celsr1","XM_001070474.1","XP_001070474.1"
"CELSR1","7665","D.rerio","celsr1a","XM_682172.3","XP_687264.3"
"CELSR1","7665","D.rerio","celsr1b","XM_001920737.1","XP_001920772.1"
"CELSR1","7665","D.melanogaster","stan","NM_165794.2","NP_724962.2"
"CELSR1","7665","A.gambiae","GPRSTN","XM_314341.1","XP_314341.1"
"CELSR1","7665","C.elegans","cdh-6","NM_073855.3","NP_506256.3"
"CES1","35606","H.sapiens","CES1","NM_001266.4","NP_001257.4"
"CES1","35606","P.troglodytes","CES1","XM_001167988.1","XP_001167988.1"
"CES1","35606","C.lupus","CES1","NM_001003085.1","NP_001003085.1"
"CES1","35606","B.taurus","CES1","NM_001046018.1","NP_001039483.1"
"CES1","35606","B.taurus","CES1","NM_001075554.1","NP_001069022.1"
"CES1","35606","M.musculus","Ces3","NM_053200.2","NP_444430.2"
"CES1","35606","R.norvegicus","LOC291863","NM_001013889.1","NP_001013911.1"
"CES1","35606","R.norvegicus","Ces3","NM_133295.2","NP_579829.2"
"CES1","35606","G.gallus","CES1","XM_414147.2","XP_414147.2"
"CES1","35606","G.gallus","LOC769339","XM_001232057.1","XP_001232058.1"
"CES1","35606","G.gallus","LOC769704","XM_001232992.1","XP_001232993.1"
"CHFR","10078","H.sapiens","CHFR","NM_018223.1","NP_060693.1"
"CHFR","10078","C.lupus","CHFR","XM_843543.1","XP_848636.1"
"CHFR","10078","B.taurus","CHFR","XM_001788064.1","XP_001788116.1"
"CHFR","10078","M.musculus","Chfr","NM_172717.2","NP_766305.1"
"CHFR","10078","R.norvegicus","Chfr","NM_001009258.1","NP_001009258.1"
"CHFR","10078","G.gallus","CHFR","XM_415086.2","XP_415086.2"
"CHFR","10078","D.rerio","si:dkey-69","NM_001100015.1","NP_001093485.1"
"CITED2","4433","H.sapiens","CITED2","NM_006079.3","NP_006070.2"
"CITED2","4433","P.troglodytes","CITED2","XM_518770.2","XP_518770.2"
"CITED2","4433","C.lupus","CITED2","XM_541127.2","XP_541127.2"
"CITED2","4433","B.taurus","CITED2","NM_001075819.1","NP_001069287.1"
"CITED2","4433","M.musculus","Cited2","NM_010828.2","NP_034958.2"
"CITED2","4433","R.norvegicus","Cited2","NM_053698.2","NP_446150.1"
"CITED2","4433","G.gallus","CITED2","NM_206844.1","NP_996726.1"
"CITED2","4433","D.rerio","zgc:103418","NM_001006045.1","NP_001006045.1"
"CKS2","86883","H.sapiens","CKS2","NM_001827.1","NP_001818.1"
"CKS2","86883","P.troglodytes","CKS2","XM_520119.2","XP_520119.2"
"CKS2","86883","M.musculus","Cks2","NM_025415.2","NP_079691.1"
"CKS2","86883","M.musculus","Gm15452","XM_001472887.1","XP_001472937.1"
"CKS2","86883","R.norvegicus","Cks2","XM_573992.2","XP_573992.2"
"CKS2","86883","G.gallus","CKS2","XM_001231966.1","XP_001231967.1"
"CKS2","86883","D.rerio","zgc:86839","NM_001002110.1","NP_001002110.1"
"CKS2","86883","C.elegans","Y71G12B.27","NM_058495.2","NP_490896.1"
"CLDN1","9620","H.sapiens ","CLDN1 ","NM_021101.3 ","NP_066924.1"
"CLDN1","9620","P.troglodytes ","CLDN1 ","XM_516949.2 ","XP_516949.2"
"CLDN1","9620","C.lupus ","CLDN1 ","XM_845155.1 ","XP_850248.1"
"CLDN1","9620","B.taurus ","CLDN1 ","NM_001001854.2 ","NP_001001854.1"
"CLDN1","9620","M.musculus ","Cldn1 ","NM_016674.3 ","NP_057883.1"
"CLDN1","9620","R.norvegicus ","Cldn1 ","NM_031699.2 ","NP_113887.2"
"CLDN1","9620","G.gallus ","RCJMB04_2c","NM_001013611.2 ","NP_001013629.1"
"CLDN1","9620","D.rerio ","cldn1 ","NM_131770.1 ","NP_571845.1"
"CLEC2B","68443","H.sapiens","CLEC2B","NM_005127.2","NP_005118.2"
"CLEC2B","68443","P.troglodytes","CLEC2B","XM_528730.2","XP_528730.2"
"CLEC2B","68443","C.lupus","CLEC2B","XM_849093.1","XP_854186.1"
"CLIC3","3432","H.sapiens","CLIC3","NM_004669.2","NP_004660.2"
"CLIC3","3432","P.troglodytes","CLIC3","XM_520422.2","XP_520422.2"
"CLIC3","3432","C.lupus","CLIC3","XM_843599.1","XP_848692.1"
"CLIC3","3432","B.taurus","CLIC3","NM_001100301.1","NP_001093771.1"
"CLIC3","3432","M.musculus","Clic3","NM_027085.2","NP_081361.1"
"CLIC3","3432","D.rerio","clica","NM_199524.1","NP_955818.1"
"CNOT1","9453","H.sapiens","CNOT1","NM_016284.3","NP_057368.3"
"CNOT1","9453","P.troglodytes","CNOT1","XM_511007.2","XP_511007.2"
"CNOT1","9453","B.taurus","CNOT1","XM_613555.4","XP_613555.3"
"CNOT1","9453","M.musculus","Cnot1","XM_894673.2","XP_899766.2"
"CNOT1","9453","R.norvegicus","RGD1308009","XM_001060702.1","XP_001060702.1"
"CNOT1","9453","G.gallus","CNOT1","XM_414043.2","XP_414043.2"
"CNOT1","9453","D.rerio","cnot1","NM_001079951.1","NP_001073420.1"
"CNOT1","9453","D.melanogaster","Not1","NM_001103772.1","NP_001097242.1"
"CNOT1","9453","A.gambiae","AgaP_AGAP0","XM_319808.4","XP_319808.4"
"CNOT1","9453","C.elegans","let-711","NM_066115.3","NP_498516.2"
"CNOT1","9453","A.thaliana","AT1G02080","NM_100088.4","NP_171710.3"
"CNOT1","9453","O.sativa","Os10g05566","NM_001071886.1","NP_001065354.1"
"COL1A1","73874","H.sapiens","COL1A1","NM_000088.3","NP_000079.2"
"COL1A1","73874","P.troglodytes","COL1A1","XM_001169386.1","XP_001169386.1"
"COL1A1","73874","C.lupus","COL1A1","NM_001003090.1","NP_001003090.1"
"COL1A1","73874","B.taurus","COL1A1","NM_001034039.1","NP_001029211.1"
"COL1A1","73874","M.musculus","Col1a1","NM_007742.3","NP_031768.2"
"COL1A1","73874","R.norvegicus","Col1a1","XM_213440.4","XP_213440.1"
"COL1A1","73874","D.rerio","col1a1","NM_199214.1","NP_954684.1"
"CPE","48052","H.sapiens","CPE","NM_001873.2","NP_001864.1"
"CPE","48052","P.troglodytes","CPE","XM_517525.2","XP_517525.2"
"CPE","48052","C.lupus","CPE","XM_532715.2","XP_532715.2"
"CPE","48052","M.musculus","Cpe","NM_013494.3","NP_038522.2"
"CPE","48052","G.gallus","CPE","XM_420392.2","XP_420392.2"
"CPE","48052","D.rerio","zgc:85981","NM_214810.1","NP_999975.1"
"CPE","48052","C.elegans","egl-21","NM_069534.5","NP_501935.1"
"CPEB3","40992","H.sapiens ","CPEB3 ","NM_014912.3 ","NP_055727.3"
"CPEB3","40992","P.troglodytes ","CPEB3 ","XM_001145135.1 ","XP_001145135.1"
"CPEB3","40992","C.lupus ","CPEB3 ","XM_844121.1 ","XP_849214.1"
"CPEB3","40992","B.taurus ","CPEB3 ","XM_875092.3 ","XP_880185.2"
"CPEB3","40992","M.musculus ","Cpeb3 ","NM_198300.2 ","NP_938042.2"
"CPEB3","40992","R.norvegicus ","Cpeb3 ","XM_220043.4 ","XP_220043.4"
"CPEB3","40992","G.gallus ","CPEB3 ","XM_421688.2 ","XP_421688.2"
"CPEB3","40992","D.rerio ","LOC1000052","XM_001344335.1 ","XP_001344371.1"
"CPEB3","40992","H.sapiens ","CPEB3 ","NM_014912.3 ","NP_055727.3"
"CPEB3","40992","P.troglodytes ","CPEB3 ","XM_001145135.1 ","XP_001145135.1"
"CPEB3","40992","C.lupus ","CPEB3 ","XM_844121.1 ","XP_849214.1"
"CPEB3","40992","B.taurus ","CPEB3 ","XM_875092.3 ","XP_880185.2"
"CPEB3","40992","M.musculus ","Cpeb3 ","NM_198300.2 ","NP_938042.2"
"CPEB3","40992","R.norvegicus ","Cpeb3 ","XM_220043.4 ","XP_220043.4"
"CPEB3","40992","G.gallus ","CPEB3 ","XM_421688.2 ","XP_421688.2"
"CPEB3","40992","D.rerio ","LOC1000052","XM_001344335.1 ","XP_001344371.1"
"CR1","55474","H.sapiens","CR1","NM_000651.4","NP_000642.3"
"CR1","55474","P.troglodytes","CR1","XM_514159.2","XP_514159.2"
"CR1","55474","C.lupus","CR1","XM_846574.1","XP_851667.1"
"CRABP2","1415","H.sapiens","CRABP2","NM_001878.2","NP_001869.1"
"CRABP2","1415","P.troglodytes","CRABP2","XM_001166367.1","XP_001166367.1"
"CRABP2","1415","C.lupus","CRABP2","XM_849822.1","XP_854915.1"
"CRABP2","1415","B.taurus","CRABP2","NM_001008670.1","NP_001008670.1"
"CRABP2","1415","M.musculus","Crabp2","NM_007759.2","NP_031785.1"
"CRABP2","1415","R.norvegicus","Crabp2","NM_017244.1","NP_058940.1"
"CRABP2","1415","D.rerio","LOC792071","XM_001331013.2","XP_001331049.1"
"CRABP2","1415","D.rerio","crabp2a","NM_182859.1","NP_878279.1"
"CRISP3","50654","H.sapiens","CRISP3","NM_006061.1","NP_006052.1"
"CRISP3","50654","P.troglodytes","CRISP3","XM_001148602.1","XP_001148602.1"
"CRISP3","50654","C.lupus","CRISP3","XM_538955.2","XP_538955.2"
"CRISP3","50654","B.taurus","CRISP3","NM_001079635.1","NP_001073103.1"
"CRISP3","50654","M.musculus","Crisp1","NM_009638.2","NP_033768.2"
"CRISP3","50654","R.norvegicus","Crisp1","NM_022859.1","NP_074050.1"
"CRISP3","50654","G.gallus","CRISP3","XM_420051.2","XP_420051.2"
"CRISP3","50654","D.rerio","LOC1001480","XM_001922174.1","XP_001922209.1"
"CRNN","9416","H.sapiens ","CRNN ","NM_016190.2 ","NP_057274.1"
"CRNN","9416","B.taurus ","LOC1001412","XM_001788416.1 ","XP_001788468.1"
"CRNN","9416","M.musculus ","Crnn ","NM_001081200.1 ","NP_001074669.1"
"CRNN","9416","R.norvegicus ","Crnn ","XM_227367.4 ","XP_227367.4"
"CRNN","9416","G.gallus ","CRNN ","XM_428858.2 ","XP_428858.2"
"CRYAB","68209","H.sapiens","CRYAB","NM_001885.1","NP_001876.1"
"CRYAB","68209","P.troglodytes","CRYAB","XM_508752.2","XP_508752.2"
"CRYAB","68209","C.lupus","CRYAB","XM_536576.2","XP_536576.1"
"CRYAB","68209","B.taurus","CRYAB","NM_174290.2","NP_776715.1"
"CRYAB","68209","M.musculus","Cryab","NM_009964.2","NP_034094.1"
"CRYAB","68209","R.norvegicus","Cryab","NM_012935.2","NP_037067.1"
"CRYAB","68209","G.gallus","CRYAB","NM_205176.1","NP_990507.1"
"CRYAB","68209","D.rerio","cryaba","NM_131157.1","NP_571232.1"
"CRYAB","68209","D.melanogaster","l(2)efl","NM_079103.2","NP_523827.1"
"CRYAB","68209","A.gambiae","AgaP_AGAP0","XM_001687979.1","XP_001688031.1"
"CSE1L","1006","H.sapiens","CSE1L","NM_001316.2","NP_001307.2"
"CSE1L","1006","P.troglodytes","CSE1L","XM_001166085.1","XP_001166085.1"
"CSE1L","1006","C.lupus","CSE1L","XM_848113.1","XP_853206.1"
"CSE1L","1006","B.taurus","CSE1L","NM_001014933.1","NP_001014933.1"
"CSE1L","1006","M.musculus","Cse1l","NM_023565.2","NP_076054.1"
"CSE1L","1006","R.norvegicus","Cse1l","XM_342581.3","XP_342582.1"
"CSE1L","1006","G.gallus","CSE1L","XM_417389.2","XP_417389.2"
"CSE1L","1006","D.rerio","cse1l","NM_201450.1","NP_958858.1"
"CSE1L","1006","D.melanogaster","Cas","NM_078864.2","NP_523588.2"
"CSE1L","1006","A.gambiae","AgaP_AGAP0","XM_311424.2","XP_311424.1"
"CSE1L","1006","S.pombe","kap109","NM_001021440.1","NP_595530.1"
"CSE1L","1006","S.cerevisiae","CSE1","CSE1_6321198","NP_011276.1"
"CSE1L","1006","K.lactis","KLLA0A0086","XM_451037.1","XP_451037.1"
"CSE1L","1006","E.gossypii","AGOS_AFR27","NM_211175.1","NP_985820.1"
"CSE1L","1006","M.grisea","MGG_03994","XM_361520.2","XP_361520.2"
"CSE1L","1006","N.crassa","NCU04104.1","XM_323443.1","XP_323444.1"
"CSE1L","1006","A.thaliana","AT2G46520","NM_130217.3","NP_182175.1"
"CSE1L","1006","O.sativa","Os01g02354","NM_001049057.1","NP_001042522.1"
"CSF1","7282","H.sapiens","CSF1","NM_000757.4","NP_000748.3"
"CSF1","7282","P.troglodytes","CSF1","XM_513655.2","XP_513655.2"
"CSF1","7282","C.lupus","CSF1","XM_849507.1","XP_854600.1"
"CSF1","7282","B.taurus","CSF1","NM_174026.1","NP_776451.1"
"CSF1","7282","M.musculus","Csf1","NM_007778.3","NP_031804.2"
"CSF1","7282","R.norvegicus","Csf1","NM_023981.4","NP_076471.3"
"CSF1R","3817","H.sapiens ","CSF1R ","NM_005211.3 ","NP_005202.2"
"CSF1R","3817","C.lupus ","CSF1R ","XM_546306.2 ","XP_546306.2"
"CSF1R","3817","B.taurus ","CSF1R ","NM_001075403.1 ","NP_001068871.1"
"CSF1R","3817","M.musculus ","Csf1r ","NM_001037859.2 ","NP_001032948.2"
"CSF1R","3817","R.norvegicus ","Csf1r ","NM_001029901.1 ","NP_001025072.1"
"CSF1R","3817","G.gallus ","CSF1R ","XM_414597.2 ","XP_414597.2"
"CSF1R","3817","D.rerio ","csf1r ","NM_131672.1 ","NP_571747.1"
"CSF1R","3817","D.rerio ","LOC568405 ","XM_001919789.1 ","XP_001919824.1"
"CSF1R","3817","D.rerio ","LOC1001498","XM_001918777.1 ","XP_001918812.1"
"CTGF","1431","H.sapiens","CTGF","NM_001901.2","NP_001892.1"
"CTGF","1431","P.troglodytes","CTGF","XM_518744.2","XP_518744.2"
"CTGF","1431","B.taurus","CTGF","NM_174030.2","NP_776455.1"
"CTGF","1431","M.musculus","Ctgf","NM_010217.1","NP_034347.1"
"CTGF","1431","R.norvegicus","Ctgf","NM_022266.2","NP_071602.1"
"CTGF","1431","G.gallus","CTGF","NM_204274.1","NP_989605.1"
"CTGF","1431","D.rerio","ctgf","NM_001015041.1","NP_001015041.1"
"CTNNB1","1434","H.sapiens ","CTNNB1 ","NM_001098209.1 ","NP_001091679.1"
"CTNNB1","1434","P.troglodytes ","CTNNB1 ","XM_001138191.1 ","XP_001138191.1"
"CTNNB1","1434","C.lupus ","CTNNB1 ","XM_856043.1 ","XP_861136.1"
"CTNNB1","1434","B.taurus ","CTNNB1 ","NM_001076141.1 ","NP_001069609.1"
"CTNNB1","1434","M.musculus ","Ctnnb1 ","NM_007614.2 ","NP_031640.1"
"CTNNB1","1434","R.norvegicus ","Ctnnb1 ","NM_053357.2 ","NP_445809.2"
"CTNNB1","1434","G.gallus ","CTNNB1 ","NM_205081.1 ","NP_990412.1"
"CTNNB1","1434","D.rerio ","ctnnb1 ","NM_131059.2 ","NP_571134.2"
"CTNNB1","1434","D.melanogaster ","arm ","NM_057317.3 ","NP_476665.2"
"CTNNB1","1434","A.gambiae ","AgaP_AGAP0","XM_309245.4 ","XP_309245.4"
"CTNNB1","1434","C.elegans ","hmp-2 ","NM_061165.4 ","NP_493566.1"
"CTSC","1373","H.sapiens","CTSC","NM_001814.4","NP_001805.3"
"CTSC","1373","P.troglodytes","CTSC","XM_508684.2","XP_508684.2"
"CTSC","1373","C.lupus","CTSC","XM_535784.2","XP_535784.2"
"CTSC","1373","C.lupus","CTSC","XM_533981.2","XP_533981.2"
"CTSC","1373","B.taurus","CTSC","NM_001033617.1","NP_001028789.1"
"CTSC","1373","M.musculus","Ctsc","NM_009982.3","NP_034112.2"
"CTSC","1373","R.norvegicus","Ctsc","NM_017097.1","NP_058793.1"
"CTSC","1373","G.gallus","CTSC","XM_417207.2","XP_417207.1"
"CTSC","1373","D.rerio","ctsc","NM_214722.1","NP_999887.1"
"CTSC","1373","P.falciparum","PFL2290w","XM_001350826.1","XP_001350862.1"
"CTSC","1373","P.falciparum","PF11_0174","XM_001347809.1","XP_001347845.1"
"CTSF","31194","H.sapiens","CTSF","NM_003793.3","NP_003784.2"
"CTSF","31194","C.lupus","CTSF","XM_533219.2","XP_533219.2"
"CTSF","31194","B.taurus","CTSF","NM_001075416.1","NP_001068884.1"
"CTSF","31194","M.musculus","Ctsf","NM_019861.1","NP_063914.1"
"CTSF","31194","R.norvegicus","Ctsf","NM_001034110.1","NP_001029282.1"
"CTSF","31194","D.rerio","ctsf","NM_001077568.1","NP_001071036.1"
"CTSF","31194","D.melanogaster","CG12163","NM_169033.2","NP_730901.1"
"CTSF","31194","A.gambiae","AgaP_AGAP0","XM_312034.4","XP_312034.4"
"CTSF","31194","C.elegans","tag-196","NM_072814.2","NP_505215.2"
"CTSF","31194","A.thaliana","AT3G54940","NM_202706.2","NP_974435.1"
"CTSF","31194","O.sativa","Os07g04809","NM_001066174.1","NP_001059639.1"
"CTSH","36159","H.sapiens","CTSH","NM_004390.3","NP_004381.2"
"CTSH","36159","P.troglodytes","CTSH","XM_001153217.1","XP_001153217.1"
"CTSH","36159","C.lupus","CTSH","XM_536212.2","XP_536212.2"
"CTSH","36159","B.taurus","CTSH","NM_001034385.1","NP_001029557.1"
"CTSH","36159","M.musculus","Ctsh","NM_007801.1","NP_031827.1"
"CTSH","36159","R.norvegicus","Ctsh","NM_012939.1","NP_037071.1"
"CTSH","36159","G.gallus","CTSH","XM_001232764.1","XP_001232765.1"
"CTSH","36159","D.rerio","ctsh","NM_212688.1","NP_997853.1"
"CTSH","36159","A.thaliana","AT3G45310","NM_114400.3","NP_566880.1"
"CTSH","36159","A.thaliana","AALP","NM_125429.3","NP_568921.1"
"CTSH","36159","O.sativa","Os09g04423","NM_001069824.1","NP_001063289.1"
"CTSL1","112271","H.sapiens","CTSL1","NM_001912.4","NP_001903.1"
"CTSL1","112271","P.troglodytes","CTSL1","XM_001137800.1","XP_001137800.1"
"CTSL1","112271","B.taurus","CTSL1","NM_001083686.1","NP_001077155.1"
"CTSL1","112271","O.sativa","Os11g02553","NM_001074162.1","NP_001067630.1"
"CTSS","20867","H.sapiens","CTSS","NM_004079.3","NP_004070.3"
"CTSS","20867","P.troglodytes","CTSS","XM_001171268.1","XP_001171268.1"
"CTSS","20867","C.lupus","CTSS","NM_001002938.1","NP_001002938.1"
"CTSS","20867","B.taurus","CTSS","NM_001033615.1","NP_001028787.1"
"CTSS","20867","M.musculus","Ctss","NM_021281.1","NP_067256.1"
"CTSS","20867","R.norvegicus","Ctss","NM_017320.1","NP_059016.1"
"CTSS","20867","G.gallus","CTSS","NM_001031345.1","NP_001026516.1"
"CTSS","20867","D.rerio","ctssb.2","NM_001017661.1","NP_001017661.1"
"CTSS","20867","D.rerio","ctssb.1","NM_001024409.1","NP_001019580.1"
"CTSS","20867","A.thaliana","AT4G23520","NM_118483.2","NP_567686.2"
"CTSS","20867","A.thaliana","AT4G11310","NM_117202.2","NP_567376.1"
"CTSS","20867","A.thaliana","AT4G11320","NM_117203.3","NP_567377.1"
"CUEDC1","9933","H.sapiens ","CUEDC1 ","NM_017949.1 ","NP_060419.1"
"CUEDC1","9933","P.troglodytes ","CUEDC1 ","XM_511904.2 ","XP_511904.2"
"CUEDC1","9933","B.taurus ","CUEDC1 ","NM_001099064.1 ","NP_001092534.1"
"CUEDC1","9933","M.musculus ","Cuedc1 ","NM_198013.1 ","NP_932130.1"
"CUEDC1","9933","R.norvegicus ","Cuedc1 ","NM_001013971.1 ","NP_001013993.1"
"CUEDC1","9933","D.rerio ","zgc:162271","NM_001089373.1 ","NP_001082842.1"
"CWH43","5474","H.sapiens","FLJ21511","NM_025087.2","NP_079363.2"
"CWH43","5474","P.troglodytes","LOC461336","XM_517303.2","XP_517303.2"
"CWH43","5474","C.lupus","LOC482143","XM_539262.2","XP_539262.2"
"CWH43","5474","B.taurus","LOC785528","XM_001253516.2","XP_001253517.2"
"CWH43","5474","M.musculus","C130090K23","NM_145560.2","NP_663535.1"
"CWH43","5474","R.norvegicus","RGD1310958","XM_223359.4","XP_223359.4"
"CWH43","5474","G.gallus","LOC422763","XM_420716.2","XP_420716.2"
"CWH43","5474","S.pombe","SPAC589.12","NM_001019484.1","NP_594060.2"
"CWH43","5474","S.cerevisiae","CWH43","CWH43_10383785","NP_009943.2"
"CWH43","5474","K.lactis","KLLA0A1113","XM_451485.1","XP_451485.1"
"CWH43","5474","E.gossypii","AGOS_AEL04","NM_210172.1","NP_984818.1"
"CWH43","5474","M.grisea","MGG_03376","XM_360833.2","XP_360833.2"
"CWH43","5474","N.crassa","NCU05895.1","XM_325749.1","XP_325750.1"
"CXCR2","10439","H.sapiens","IL8RB","NM_001557.2","NP_001548.1"
"CXCR2","10439","P.troglodytes","IL8RB","XM_526026.2","XP_526026.1"
"CXCR2","10439","C.lupus","IL8RB","XM_536064.1","XP_536064.1"
"CXCR2","10439","C.lupus","IL8RB","XM_536065.2","XP_536065.1"
"CXCR2","10439","B.taurus","IL8RB","NM_001101285.1","NP_001094755.1"
"CXCR2","10439","B.taurus","IL8RB","NM_174360.2","NP_776785.1"
"CXCR2","10439","M.musculus","Il8rb","NM_009909.3","NP_034039.1"
"CXCR2","10439","R.norvegicus","Il8rb","NM_017183.1","NP_058879.1"
"CXCR2","10439","G.gallus","IL8RB","XM_001236603.1","XP_001236604.1"
"CXCR2","10439","D.rerio","LOC796724","XM_001337057.2","XP_001337093.2"
"CYBA","80","H.sapiens ","CYBA ","NM_000101.2 ","NP_000092.2"
"CYBA","80","P.troglodytes ","LOC468068 ","XM_523459.2 ","XP_523459.1"
"CYBA","80","C.lupus ","CYBA ","XM_546784.2 ","XP_546784.2"
"CYBA","80","B.taurus ","CYBA ","NM_174034.2 ","NP_776459.1"
"CYBA","80","M.musculus ","Cyba ","NM_007806.2 ","NP_031832.1"
"CYBA","80","R.norvegicus ","Cyba ","NM_024160.1 ","NP_077074.1"
"CYBA","80","D.rerio ","cyba ","NM_200579.1 ","NP_956873.1"
"CYR61","1194","H.sapiens ","CYR61 ","NM_001554.4 ","NP_001545.2"
"CYR61","1194","P.troglodytes ","CYR61 ","XM_513529.2 ","XP_513529.2"
"CYR61","1194","C.lupus ","CYR61 ","XM_537091.2 ","XP_537091.2"
"CYR61","1194","B.taurus ","CYR61 ","NM_001034340.1 ","NP_001029512.1"
"CYR61","1194","M.musculus ","Cyr61 ","NM_010516.1 ","NP_034646.1"
"CYR61","1194","R.norvegicus ","Cyr61 ","NM_031327.2 ","NP_112617.2"
"CYR61","1194","G.gallus ","CYR61 ","NM_001031563.1 ","NP_001026734.1"
"CYR61","1194","D.rerio ","zgc:85866 ","NM_001001826.1 ","NP_001001826.1"
"DAP3","3404","H.sapiens","DAP3","NM_004632.2","NP_004623.1"
"DAP3","3404","C.lupus","DAP3","XM_537250.2","XP_537250.1"
"DAP3","3404","B.taurus","DAP3","XM_001787833.1","XP_001787885.1"
"DAP3","3404","M.musculus","Dap3","NM_022994.2","NP_075370.1"
"DAP3","3404","R.norvegicus","Dap3","NM_001011950.1","NP_001011950.1"
"DAP3","3404","G.gallus","DAP3","XM_422859.2","XP_422859.2"
"DAP3","3404","D.rerio","dap3","NM_001098737.1","NP_001092207.1"
"DAP3","3404","D.melanogaster","mRpS29","NM_079087.2","NP_523811.1"
"DAP3","3404","A.gambiae","AgaP_AGAP0","XM_316867.4","XP_316867.4"
"DAP3","3404","C.elegans","dap-3","NM_063879.4","NP_496280.1"
"DAPK1","3626","H.sapiens","DAPK1","NM_004938.2","NP_004929.2"
"DAPK1","3626","P.troglodytes","DAPK1","XM_001140200.1","XP_001140200.1"
"DAPK1","3626","C.lupus","DAPK1","XM_541259.2","XP_541259.2"
"DAPK1","3626","B.taurus","DAPK1","XM_613544.4","XP_613544.4"
"DAPK1","3626","M.musculus","Dapk1","NM_134062.1","NP_598823.1"
"DAPK1","3626","R.norvegicus","Dapk1","XM_225138.3","XP_225138.3"
"DAPK1","3626","G.gallus","DAPK1","XM_425037.2","XP_425037.2"
"DAPK1","3626","D.rerio","si:ch211-6","NM_001099990.1","NP_001093460.1"
"DAPK1","3626","C.elegans","dapk-1","NM_058439.3","NP_490840.2"
"DDIT3","3012","H.sapiens","DDIT3","NM_004083.4","NP_004074.2"
"DDIT3","3012","P.troglodytes","DDIT3","XM_509165.2","XP_509165.2"
"DDIT3","3012","C.lupus","DDIT3","XM_844109.1","XP_849202.1"
"DDIT3","3012","B.taurus","DDIT3","NM_001078163.1","NP_001071631.1"
"DDIT3","3012","M.musculus","Ddit3","NM_007837.2","NP_031863.2"
"DDIT3","3012","R.norvegicus","Ddit3","NM_024134.1","NP_077048.1"
"DDOST","3821","H.sapiens ","DDOST ","NM_005216.4 ","NP_005207.2"
"DDOST","3821","P.troglodytes ","DDOST ","XM_001161661.1 ","XP_001161661.1"
"DDOST","3821","C.lupus ","DDOST ","NM_001003321.1 ","NP_001003321.1"
"DDOST","3821","B.taurus ","DDOST ","NM_001101073.1 ","NP_001094543.1"
"DDOST","3821","M.musculus ","Ddost ","NM_007838.2 ","NP_031864.2"
"DDOST","3821","R.norvegicus ","Ddost ","NM_001012104.1 ","NP_001012104.1"
"DDOST","3821","G.gallus ","DDOST ","XM_423294.2 ","XP_423294.2"
"DDOST","3821","D.rerio ","ddost ","NM_213093.1 ","NP_998258.1"
"DDOST","3821","D.melanogaster ","Ost48 ","NM_078541.3 ","NP_511096.2"
"DDOST","3821","A.gambiae ","AgaP_AGAP0","XM_316417.4 ","XP_316417.4"
"DDOST","3821","C.elegans ","T09A5.11 ","NM_063254.3 ","NP_495655.1"
"DDOST","3821","A.thaliana ","DGL1 ","NM_126066.3 ","NP_569038.1"
"DDOST","3821","O.sativa ","Os07g02090","NM_001065700.1 ","NP_001059165.1"
"DDOST","3821","P.falciparum ","PFI0960w ","XM_001352031.1 ","XP_001352067.1"
"DDX27","6431","H.sapiens ","DDX27 ","NM_017895.7 ","NP_060365.7"
"DDX27","6431","P.troglodytes ","DDX27 ","XM_514711.2 ","XP_514711.2"
"DDX27","6431","C.lupus ","DDX27 ","XM_534451.2 ","XP_534451.2"
"DDX27","6431","B.taurus ","DDX27 ","NM_001080271.1 ","NP_001073740.1"
"DDX27","6431","M.musculus ","Ddx27 ","NM_153065.3 ","NP_694705.2"
"DDX27","6431","R.norvegicus ","Ddx27 ","XM_342582.3 ","XP_342583.3"
"DDX27","6431","G.gallus ","DDX27 ","NM_001006293.1 ","NP_001006293.1"
"DDX27","6431","D.rerio ","ddx27 ","NM_001002869.1 ","NP_001002869.1"
"DDX27","6431","D.melanogaster ","Rs1 ","NM_143713.2 ","NP_651970.1"
"DDX27","6431","A.gambiae ","AgaP_AGAP0","XM_309566.4 ","XP_309566.4"
"DDX27","6431","C.elegans ","Y71G12B.8 ","NM_058490.3 ","NP_490891.1"
"DDX27","6431","S.pombe ","drs1 ","NM_001018610.1 ","NP_593214.1"
"DDX27","6431","S.cerevisiae ","DRS1 ","DRS1_6323021 ","NP_013093.1"
"DDX27","6431","K.lactis ","KLLA0F1575","XM_455788.1 ","XP_455788.1"
"DDX27","6431","E.gossypii ","AGOS_AAL16","NM_207731.1 ","NP_982378.1"
"DDX27","6431","M.grisea ","MGG_07718 ","XM_367814.1 ","XP_367814.1"
"DDX27","6431","N.crassa ","NCU00235.1","XM_322320.1 ","XP_322321.1"
"DDX27","6431","A.thaliana ","AT4G16630 ","NM_117764.4 ","NP_193396.3"
"DDX27","6431","O.sativa ","Os12g04811","NM_001073303.1 ","NP_001066771.1"
"DDX27","6431","P.falciparum ","PFL2475w ","XM_001350863.1 ","XP_001350899.1"
"DEK","2593","H.sapiens ","DEK ","NM_003472.3 ","NP_003463.1"
"DEK","2593","P.troglodytes ","DEK ","XM_518259.2 ","XP_518259.2"
"DEK","2593","C.lupus ","DEK ","XM_848066.1 ","XP_853159.1"
"DEK","2593","B.taurus ","DEK ","NM_001099717.1 ","NP_001093187.1"
"DEK","2593","M.musculus ","Dek ","NM_025900.1 ","NP_080176.1"
"DEK","2593","R.norvegicus ","Dek ","NM_001004255.1 ","NP_001004255.1"
"DEK","2593","G.gallus ","DEK ","NM_001012560.1 ","NP_001012578.1"
"DEK","2593","D.rerio ","zgc:136346","NM_001045276.1 ","NP_001038741.1"
"DEK","2593","A.thaliana ","AT5G63550 ","NM_125750.5 ","NP_201160.2"
"DEK","2593","A.thaliana ","AT3G48710 ","NM_114730.2 ","NP_190440.1"
"DEK","2593","O.sativa ","Os01g09249","NM_001051786.1 ","NP_001045251.1"
"DHFR","56470","H.sapiens ","DHFR ","NM_000791.3 ","NP_000782.1"
"DHFR","56470","P.troglodytes ","DHFR ","XM_001134992.1 ","XP_001134992.1"
"DHFR","56470","C.lupus ","DHFR ","XM_846236.1 ","XP_851329.1"
"DHFR","56470","B.taurus ","DHFR ","NM_001077883.1 ","NP_001071351.1"
"DHFR","56470","M.musculus ","Dhfr ","NM_010049.3 ","NP_034179.1"
"DHFR","56470","R.norvegicus ","Dhfr ","NM_130400.1 ","NP_569084.1"
"DHFR","56470","G.gallus ","DHFR ","NM_001006584.1 ","NP_001006584.1"
"DHFR","56470","D.rerio ","dhfr ","NM_131775.1 ","NP_571850.1"
"DHFR","56470","D.melanogaster ","Dhfr ","NM_001043255.1 ","NP_001036720.1"
"DHFR","56470","A.gambiae ","AgaP_AGAP0","XM_319471.3 ","XP_319471.3"
"DHFR","56470","C.elegans ","dhfr-1 ","NM_059963.2 ","NP_492364.1"
"DHFR","56470","S.cerevisiae ","DFR1 ","DFR1_6324810 ","NP_014879.1"
"DHFR","56470","K.lactis ","KLLA0D0745","XM_453395.1 ","XP_453395.1"
"DHFR","56470","E.gossypii ","AGOS_ACR12","NM_208879.1 ","NP_983526.1"
"DLC1","4442","H.sapiens","DLC1","NM_182643.1","NP_872584.1"
"DLC1","4442","P.troglodytes","DLC1","XM_001139365.1","XP_001139365.1"
"DLC1","4442","C.lupus","DLC1","XM_532822.2","XP_532822.2"
"DLC1","4442","M.musculus","Dlc1","NM_015802.2","NP_056617.2"
"DLC1","4442","G.gallus","DLC1","XM_420693.2","XP_420693.2"
"DMC1","5135","H.sapiens","DMC1","NM_007068.2","NP_008999.2"
"DMC1","5135","P.troglodytes","DMC1","XM_515130.2","XP_515130.2"
"DMC1","5135","C.lupus","DMC1","XM_844891.1","XP_849984.1"
"DMC1","5135","B.taurus","DMC1","XM_001789554.1","XP_001789606.1"
"DMC1","5135","M.musculus","Dmc1","NM_010059.2","NP_034189.1"
"DMC1","5135","R.norvegicus","Dmc1","XM_343290.3","XP_343291.3"
"DMC1","5135","G.gallus","DMC1","XM_425477.2","XP_425477.2"
"DMC1","5135","D.rerio","dmc1","NM_001020782.1","NP_001018618.1"
"DMC1","5135","S.pombe","dmc1","NM_001019590.1","NP_594166.1"
"DMC1","5135","S.cerevisiae","DMC1","DMC1_6321027","NP_011106.1"
"DMC1","5135","K.lactis","KLLA0F1195","XM_455622.1","XP_455622.1"
"DMC1","5135","E.gossypii","AGOS_AGR10","NM_211829.1","NP_986767.1"
"DMC1","5135","A.thaliana","DMC1","NM_113188.2","NP_188928.2"
"DMC1","5135","O.sativa","Os12g01438","NM_001072670.1","NP_001066138.1"
"DMC1","5135","O.sativa","Os11g01468","NM_001072270.1","NP_001065738.1"
"DMC1","5135","P.falciparum","MAL8P1.76","XM_001349320.1","XP_001349356.1"
"DNAJC9","9055","H.sapiens","DNAJC9","NM_015190.3","NP_056005.1"
"DNAJC9","9055","P.troglodytes","DNAJC9","XM_525263.2","XP_525263.2"
"DNAJC9","9055","C.lupus","DNAJC9","XM_546165.2","XP_546165.1"
"DNAJC9","9055","B.taurus","DNAJC9","XM_588123.4","XP_588123.2"
"DNAJC9","9055","M.musculus","Dnajc9","NM_134081.3","NP_598842.1"
"DNAJC9","9055","R.norvegicus","Dnajc9","XM_344286.3","XP_344287.2"
"DNAJC9","9055","G.gallus","DNAJC9","XM_421524.2","XP_421524.1"
"DNAJC9","9055","D.rerio","zgc:92648","NM_001002433.1","NP_001002433.1"
"DNAJC9","9055","D.rerio","LOC791845","XM_001330854.2","XP_001330890.1"
"DNAJC9","9055","D.melanogaster","CG6693","NM_141795.2","NP_650052.1"
"DNAJC9","9055","A.gambiae","AgaP_AGAP0","XM_314342.4","XP_314342.3"
"DNAJC9","9055","C.elegans","dnj-23","NM_063543.3","NP_495944.1"
"DNAJC9","9055","A.thaliana","ATJ6","NM_120773.3","NP_196308.1"
"DNAJC9","9055","A.thaliana","AT3G12170","NM_112052.2","NP_187824.1"
"DNAJC9","9055","O.sativa","Os02g01958","NM_001052723.1","NP_001046188.1"
"DNAJC9","9055","P.falciparum","PF14_0700","XM_001348838.1","XP_001348874.1"
"DNMT1","1055","H.sapiens","DNMT1","NM_001130823.1","NP_001124295.1"
"DNMT1","1055","P.troglodytes","DNMT1","XM_001163764.1","XP_001163764.1"
"DNMT1","1055","C.lupus","DNMT1","XM_533919.2","XP_533919.2"
"DNMT1","1055","B.taurus","DNMT1","NM_182651.1","NP_872592.1"
"DNMT1","1055","M.musculus","Dnmt1","NM_010066.3","NP_034196.3"
"DNMT1","1055","R.norvegicus","Dnmt1","NM_053354.1","NP_445806.1"
"DNMT1","1055","G.gallus","DNMT1","XM_001235519.1","XP_001235520.1"
"DNMT1","1055","D.rerio","dnmt1","NM_131189.1","NP_571264.1"
"DNMT1","1055","A.thaliana","MET1","NM_124293.3","NP_199727.1"
"DNMT1","1055","A.thaliana","AT4G08990","NM_116968.1","NP_192638.1"
"DNMT1","1055","A.thaliana","DMT2","NM_117491.1","NP_193150.1"
"DNMT1","1055","A.thaliana","MEE57","NM_117435.1","NP_193097.1"
"DNMT1","1055","O.sativa","Os03g07983","NM_001058104.1","NP_001051569.1"
"DNMT1","1055","O.sativa","Os07g01829","NM_001065587.1","NP_001059052.1"
"DNMT3L","8362","H.sapiens","DNMT3L","NM_013369.2","NP_037501.2"
"DNMT3L","8362","P.troglodytes","DNMT3L","XM_525483.2","XP_525483.2"
"DNMT3L","8362","C.lupus","DNMT3L","XM_844879.1","XP_849972.1"
"DNMT3L","8362","B.taurus","DNMT3L","XM_864897.2","XP_869990.2"
"DNMT3L","8362","M.musculus","Dnmt3l","NM_001081695.1","NP_001075164.1"
"DNMT3L","8362","R.norvegicus","Dnmt3l","NM_001003964.1","NP_001003964.1"
"DSG1","1463","H.sapiens","DSG1","NM_001942.2","NP_001933.2"
"DSG1","1463","P.troglodytes","DSG1","XM_523899.2","XP_523899.2"
"DSG1","1463","C.lupus","DSG1","NM_001002939.1","NP_001002939.1"
"DSG1","1463","B.taurus","DSG1","NM_174045.1","NP_776470.1"
"DSG1","1463","M.musculus","Dsg1b","NM_181682.1","NP_859010.1"
"DSG1","1463","M.musculus","Dsg1a","XM_980693.1","XP_985787.1"
"DSG1","1463","R.norvegicus","Dsg1b","XM_214616.4","XP_214616.4"
"DSG1","1463","G.gallus","DSG4","XM_426082.2","XP_426082.2"
"DSG2","1464","H.sapiens ","DSG2 ","NM_001943.3 ","NP_001934.2"
"DSG2","1464","P.troglodytes ","DSG2 ","XM_512079.2 ","XP_512079.2"
"DSG2","1464","C.lupus ","DSG2 ","XM_547622.2 ","XP_547622.2"
"DSG2","1464","B.taurus ","DSG2 ","XM_584890.4 ","XP_584890.4"
"DSG2","1464","M.musculus ","Dsg2 ","NM_007883.1 ","NP_031909.1"
"DSG2","1464","R.norvegicus ","Dsg2 ","XM_226112.4 ","XP_226112.4"
"DSG2","1464","G.gallus ","DSG2 ","XM_426083.2 ","XP_426083.2"
"DSG2","1464","D.rerio ","LOC571042 ","XM_694594.3 ","XP_699686.3"
"DSG2","1464","D.rerio ","LOC1001479","XM_001919964.1 ","XP_001919999.1"
"DSG2","1464","D.rerio ","LOC571253 ","XM_694824.3 ","XP_699916.3"
"DSG2","1464","D.rerio ","dsg2 ","XM_683420.3 ","XP_688512.2"
"DTL","32313","H.sapiens","DTL","NM_016448.2","NP_057532.2"
"DTL","32313","P.troglodytes","DTL","XM_525058.2","XP_525058.2"
"DTL","32313","C.lupus","DTL","XM_547399.2","XP_547399.2"
"DTL","32313","M.musculus","Dtl","NM_029766.2","NP_084042.1"
"DTL","32313","R.norvegicus","Dtl","XM_223074.4","XP_223074.3"
"DTL","32313","G.gallus","DTL","NM_001031048.1","NP_001026219.1"
"DTL","32313","D.rerio","dtl","NM_173241.1","NP_775348.1"
"DTL","32313","A.thaliana","AT3G27640","NM_113680.1","NP_566822.1"
"DTL","32313","O.sativa","Os03g06991","NM_001057520.1","NP_001050985.1"
"DUSP1","3254","H.sapiens ","DUSP1 ","NM_004417.2 ","NP_004408.1"
"DUSP1","3254","P.troglodytes ","DUSP1 ","XM_001153609.1 ","XP_001153609.1"
"DUSP1","3254","C.lupus ","DUSP1 ","XM_546235.2 ","XP_546235.2"
"DUSP1","3254","B.taurus ","DUSP1 ","NM_001046452.1 ","NP_001039917.1"
"DUSP1","3254","M.musculus ","Dusp1 ","NM_013642.1 ","NP_038670.1"
"DUSP1","3254","R.norvegicus ","Dusp1 ","NM_053769.2 ","NP_446221.1"
"DUSP1","3254","G.gallus ","DUSP1 ","XM_422941.2 ","XP_422941.1"
"DUSP1","3254","D.rerio ","dusp1 ","NM_213067.1 ","NP_998232.1"
"DUSP26","11421","H.sapiens ","DUSP26 ","NM_024025.1 ","NP_076930.1"
"DUSP26","11421","P.troglodytes ","DUSP26 ","XM_001169283.1 ","XP_001169283.1"
"DUSP26","11421","C.lupus ","DUSP26 ","XM_845375.1 ","XP_850468.1"
"DUSP26","11421","B.taurus ","DUSP26 ","NM_001076004.1 ","NP_001069472.1"
"DUSP26","11421","M.musculus ","Dusp26 ","NM_025869.2 ","NP_080145.1"
"DUSP26","11421","R.norvegicus ","Dusp26 ","NM_001012352.1 ","NP_001012352.1"
"DUSP26","11421","G.gallus ","DUSP26 ","XM_424530.2 ","XP_424530.1"
"DUSP26","11421","D.rerio ","LOC570815 ","XM_694337.2 ","XP_699429.2"
"DUSP26","11421","D.melanogaster ","CG7378 ","NM_001103557.1 ","NP_001097027.1"
"DUSP26","11421","A.gambiae ","AgaP_AGAP0","XM_317242.4 ","XP_317242.4"
"DUT","31475","H.sapiens","DUT","NM_001025248.1","NP_001020419.1"
"DUT","31475","P.troglodytes","DUT","XM_523069.2","XP_523069.2"
"DUT","31475","C.lupus","DUT","XM_846796.1","XP_851889.1"
"DUT","31475","B.taurus","DUT","NM_001077873.1","NP_001071341.1"
"DUT","31475","M.musculus","Dut","NM_023595.5","NP_076084.2"
"DUT","31475","G.gallus","DUT","XM_001232032.1","XP_001232033.1"
"DUT","31475","D.rerio","dut","NM_001006005.1","NP_001006005.1"
"DUT","31475","D.melanogaster","dUTPase","NM_135635.2","NP_609479.1"
"DUT","31475","A.gambiae","AgaP_AGAP0","XM_319329.3","XP_319329.3"
"DUT","31475","C.elegans","dut-1","NM_001026382.3","NP_001021553.1"
"DUT","31475","S.pombe","SPAC644.05","NM_001019303.1","NP_593873.1"
"DUT","31475","S.cerevisiae","DUT1","DUT1_6319729","NP_009811.1"
"DUT","31475","K.lactis","KLLA0D1569","XM_453752.1","XP_453752.1"
"DUT","31475","E.gossypii","AGOS_AGR24","NM_211977.1","NP_986915.1"
"DUT","31475","M.grisea","","XM_368728.2","XP_368728.2"
"DUT","31475","A.thaliana","AT3G46940","NM_114561.3","NP_190278.1"
"DUT","31475","O.sativa","Os03g06691","NM_001057397.1","NP_001050862.1"
"E2F1","3828","H.sapiens","E2F1","NM_005225.2","NP_005216.1"
"E2F1","3828","C.lupus","E2F1","XM_542963.2","XP_542963.2"
"E2F1","3828","B.taurus","E2F1","XM_615437.4","XP_615437.4"
"E2F1","3828","M.musculus","E2f1","NM_007891.2","NP_031917.1"
"E2F1","3828","R.norvegicus","E2f1","XM_230765.4","XP_230765.4"
"E2F1","3828","G.gallus","E2F1","NM_205219.1","NP_990550.1"
"E2F1","3828","D.rerio","LOC567485","XM_690782.3","XP_695874.3"
"E2F2","48264","H.sapiens ","E2F2 ","NM_004091.2 ","NP_004082.1"
"E2F2","48264","P.troglodytes ","E2F2 ","XM_524538.2 ","XP_524538.2"
"E2F2","48264","B.taurus ","E2F2 ","XM_869196.1 ","XP_874289.1"
"E2F2","48264","M.musculus ","E2f2 ","NM_177733.3 ","NP_808401.1"
"E2F3","74413","H.sapiens ","E2F3 ","NM_001949.3 ","NP_001940.1"
"E2F3","74413","B.taurus ","E2F3 ","XM_614932.3 ","XP_614932.2"
"E2F3","74413","M.musculus ","E2f3 ","NM_010093.2 ","NP_034223.1"
"E2F3","74413","R.norvegicus ","E2f3 ","XM_214476.4 ","XP_214476.4"
"E2F3","74413","G.gallus ","E2F3 ","XM_418915.2 ","XP_418915.2"
"E2F4","1471","H.sapiens ","E2F4 ","NM_001950.3 ","NP_001941.2"
"E2F4","1471","P.troglodytes ","E2F4 ","XM_511025.2 ","XP_511025.2"
"E2F4","1471","C.lupus ","E2F4 ","XM_848882.1 ","XP_853975.1"
"E2F4","1471","B.taurus ","E2F4 ","NM_001075873.1 ","NP_001069341.1"
"E2F4","1471","M.musculus ","E2f4 ","NM_148952.1 ","NP_683754.1"
"E2F4","1471","G.gallus ","E2F4 ","XM_001231947.1 ","XP_001231948.1"
"E2F4","1471","D.rerio ","e2f4 ","NM_213432.1 ","NP_998597.1"
"E2F5","1472","H.sapiens ","E2F5 ","NM_001951.3 ","NP_001942.2"
"E2F5","1472","P.troglodytes ","E2F5 ","XM_001169141.1 ","XP_001169141.1"
"E2F5","1472","C.lupus ","E2F5 ","XM_848740.1 ","XP_853833.1"
"E2F5","1472","M.musculus ","E2f5 ","NM_007892.2 ","NP_031918.2"
"E2F5","1472","R.norvegicus ","E2f5 ","XM_574892.2 ","XP_574892.1"
"E2F5","1472","G.gallus ","RCJMB04_30","NM_001030942.1 ","NP_001026113.1"
"E2F5","1472","D.melanogaster ","E2f2 ","NM_058007.3 ","NP_477355.1"
"E2F5","1472","A.thaliana ","E2F1 ","NM_122128.2 ","NP_568413.1"
"ECT2","7298","H.sapiens","ECT2","NM_018098.4","NP_060568.3"
"ECT2","7298","P.troglodytes","ECT2","XM_516880.2","XP_516880.2"
"ECT2","7298","C.lupus","ECT2","XM_845748.1","XP_850841.1"
"ECT2","7298","B.taurus","ECT2","NM_001097573.1","NP_001091042.1"
"ECT2","7298","M.musculus","Ect2","NM_007900.2","NP_031926.1"
"ECT2","7298","R.norvegicus","Ect2","XM_342220.3","XP_342221.2"
"ECT2","7298","G.gallus","ECT2","XM_422790.2","XP_422790.2"
"ECT2","7298","D.rerio","ect2","NM_001003883.1","NP_001003883.1"
"ECT2","7298","D.melanogaster","pbl","NM_079241.2","NP_523965.2"
"ECT2","7298","A.gambiae","AgaP_AGAP0","XM_556459.3","XP_556459.3"
"ECT2","7298","C.elegans","ect-2","NM_063917.4","NP_496318.1"
"EDN1","1476","H.sapiens ","EDN1 ","NM_001955.3 ","NP_001946.3"
"EDN1","1476","P.troglodytes ","EDN1 ","XM_518241.2 ","XP_518241.2"
"EDN1","1476","C.lupus ","EDN1 ","NM_001002956.1 ","NP_001002956.1"
"EDN1","1476","B.taurus ","EDN1 ","NM_181010.2 ","NP_851353.1"
"EDN1","1476","M.musculus ","Edn1 ","NM_010104.2 ","NP_034234.1"
"EDN1","1476","R.norvegicus ","Edn1 ","NM_012548.1 ","NP_036680.1"
"EDN1","1476","G.gallus ","EDN1 ","XM_418943.2 ","XP_418943.2"
"EDN1","1476","D.rerio ","edn1 ","NM_131519.1 ","NP_571594.1"
"EDN2","1477","H.sapiens","EDN2","NM_001956.3","NP_001947.1"
"EDN2","1477","P.troglodytes","EDN2","XM_524683.2","XP_524683.2"
"EDN2","1477","C.lupus","EDN2","NM_001003002.1","NP_001003002.1"
"EDN2","1477","B.taurus","EDN2","NM_175714.2","NP_783645.1"
"EDN2","1477","M.musculus","Edn2","NM_007902.2","NP_031928.2"
"EDN2","1477","R.norvegicus","Edn2","NM_012549.1","NP_036681.1"
"EDN2","1477","G.gallus","EDN2","XM_417707.2","XP_417707.1"
"EDN2","1477","H.sapiens","EDN2","NM_001956.3","NP_001947.1"
"EDN2","1477","P.troglodytes","EDN2","XM_524683.2","XP_524683.2"
"EDN2","1477","C.lupus","EDN2","NM_001003002.1","NP_001003002.1"
"EDN2","1477","B.taurus","EDN2","NM_175714.2","NP_783645.1"
"EDN2","1477","M.musculus","Edn2","NM_007902.2","NP_031928.2"
"EDN2","1477","R.norvegicus","Edn2","NM_012549.1","NP_036681.1"
"EDN2","1477","G.gallus","EDN2","XM_417707.2","XP_417707.1"
"EDN3","88","H.sapiens","EDN3","NM_207032.1","NP_996915.1"
"EDN3","88","P.troglodytes","EDN3","XM_525373.2","XP_525373.2"
"EDN3","88","C.lupus","EDN3","NM_001002942.1","NP_001002942.1"
"EDN3","88","B.taurus","EDN3","NM_001101979.1","NP_001095449.1"
"EDN3","88","M.musculus","Edn3","NM_007903.3","NP_031929.1"
"EDN3","88","R.norvegicus","Edn3","XM_001072605.1","XP_001072605.1"
"EDN3","88","D.rerio","LOC1001481","XM_001919551.1","XP_001919586.1"
"EDN3","88","H.sapiens ","EDN3 ","NM_207032.1 ","NP_996915.1"
"EDN3","88","P.troglodytes ","EDN3 ","XM_525373.2 ","XP_525373.2"
"EDN3","88","C.lupus ","EDN3 ","NM_001002942.1 ","NP_001002942.1"
"EDN3","88","B.taurus ","EDN3 ","NM_001101979.1 ","NP_001095449.1"
"EDN3","88","M.musculus ","Edn3 ","NM_007903.3 ","NP_031929.1"
"EDN3","88","R.norvegicus ","Edn3 ","XM_001072605.1 ","XP_001072605.1"
"EDN3","88","D.rerio ","LOC1001481","XM_001919551.1 ","XP_001919586.1"
"EDNRA","1478","H.sapiens","EDNRA","NM_001957.2","NP_001948.1"
"EDNRA","1478","P.troglodytes","EDNRA","XM_001149597.1","XP_001149597.1"
"EDNRA","1478","C.lupus","EDNRA","XM_848372.1","XP_853465.1"
"EDNRA","1478","B.taurus","EDNRA","NM_174308.2","NP_776733.1"
"EDNRA","1478","M.musculus","Ednra","NM_010332.2","NP_034462.1"
"EDNRA","1478","R.norvegicus","Ednra","NM_012550.1","NP_036682.1"
"EDNRA","1478","G.gallus","EDNRA","NM_204119.1","NP_989450.1"
"EDNRA","1478","D.rerio","ednra","NM_001099445.1","NP_001092915.1"
"EFNA1","3262","H.sapiens","EFNA1","NM_004428.2","NP_004419.2"
"EFNA1","3262","P.troglodytes","EFNA1","XM_001141980.1","XP_001141980.1"
"EFNA1","3262","C.lupus","EFNA1","XM_846978.1","XP_852071.1"
"EFNA1","3262","B.taurus","EFNA1","NM_001034292.1","NP_001029464.1"
"EFNA1","3262","M.musculus","Efna1","NM_010107.3","NP_034237.2"
"EFNA1","3262","R.norvegicus","Efna1","NM_053599.2","NP_446051.2"
"EFNA1","3262","D.rerio","efna1a","NM_200597.1","NP_956891.1"
"EFNA1","3262","D.rerio","efna1","NM_200783.2","NP_957077.2"
"EGFR","74545","H.sapiens","EGFR","NM_005228.3","NP_005219.2"
"EGFR","74545","P.troglodytes","EGFR","XM_001156495.1","XP_001156495.1"
"EGFR","74545","C.lupus","EGFR","XM_533073.2","XP_533073.2"
"EGFR","74545","B.taurus","EGFR","XM_592211.4","XP_592211.3"
"EGFR","74545","M.musculus","Egfr","NM_207655.2","NP_997538.1"
"EGFR","74545","R.norvegicus","Egfr","NM_031507.1","NP_113695.1"
"EGFR","74545","D.rerio","egfr","NM_194424.1","NP_919405.1"
"EMP1","1088","H.sapiens","EMP1","NM_001423.2","NP_001414.1"
"EMP1","1088","P.troglodytes","EMP1","XM_001156226.1","XP_001156226.1"
"EMP1","1088","C.lupus","EMP1","XM_543803.2","XP_543803.2"
"EMP1","1088","B.taurus","LOC786490","XM_001251793.2","XP_001251794.1"
"EMP1","1088","B.taurus","LOC521424","XM_599688.4","XP_599688.3"
"EMP1","1088","M.musculus","Emp1","NM_010128.4","NP_034258.1"
"EMP1","1088","R.norvegicus","Emp1","NM_012843.2","NP_036975.1"
"EMP1","1088","G.gallus","EMP1","XM_416203.2","XP_416203.1"
"ENDOU","48394","H.sapiens ","P11 ","NM_006025.2 ","NP_006016.1"
"ENDOU","48394","P.troglodytes ","P11 ","XM_522366.2 ","XP_522366.2"
"ENDOU","48394","C.lupus ","LOC609443 ","XM_846703.1 ","XP_851796.1"
"ENDOU","48394","B.taurus ","P11 ","NM_001102090.1 ","NP_001095560.1"
"ENDOU","48394","M.musculus ","Pp11r ","NM_008902.2 ","NP_032928.1"
"ENDOU","48394","R.norvegicus ","Pp11r ","XM_001056619.1 ","XP_001056619.1"
"ENDOU","48394","D.rerio ","zgc:158628","NM_001080698.1 ","NP_001074167.1"
"ENDOU","48394","C.elegans ","K02A11.3 ","NM_060189.1 ","NP_492590.1"
"ENG","92","H.sapiens ","ENG ","NM_001114753.1 ","NP_001108225.1"
"ENG","92","P.troglodytes ","ENG ","XM_001143396.1 ","XP_001143396.1"
"ENG","92","C.lupus ","ENG ","XM_846376.1 ","XP_851469.1"
"ENG","92","B.taurus ","ENG ","NM_001076397.1 ","NP_001069865.1"
"ENG","92","M.musculus ","Eng ","NM_007932.1 ","NP_031958.1"
"ENG","92","G.gallus ","ENG ","XM_001234820.1 ","XP_001234821.1"
"EPB41L3","49308","H.sapiens","EPB41L3","NM_012307.2","NP_036439.2"
"EPB41L3","49308","P.troglodytes","EPB41L3","XM_512036.2","XP_512036.2"
"EPB41L3","49308","C.lupus","EPB4.1L3","XM_537321.2","XP_537321.2"
"EPB41L3","49308","B.taurus","EPB41L3","XM_865681.3","XP_870774.3"
"EPB41L3","49308","M.musculus","Epb4.1l3","NM_013813.1","NP_038841.1"
"EPB41L3","49308","R.norvegicus","Epb4.1l3","NM_053927.1","NP_446379.1"
"EPB41L3","49308","G.gallus","EPB41L3","XM_419142.2","XP_419142.2"
"EPB41L3","49308","D.rerio","zgc:92004","NM_001003987.1","NP_001003987.1"
"EPB41L4B ","69270","H.sapiens","EPB41L4B","NM_019114.3","NP_061987.3"
"EPB41L4B ","69270","P.troglodytes","EPB41L4B","XM_520178.2","XP_520178.2"
"EPB41L4B ","69270","C.lupus","EPB41L4B","XM_532028.2","XP_532028.2"
"EPB41L4B ","69270","B.taurus","EPB41L4B","XM_597526.4","XP_597526.4"
"EPB41L4B ","69270","M.musculus","Epb4.1l4b","XM_001476161.1","XP_001476211.1"
"EPB41L4B ","69270","G.gallus","EPB41L4B","XM_419046.2","XP_419046.2"
"EPCAM","1764","H.sapiens","EPCAM","NM_002354.2","NP_002345.2"
"EPCAM","1764","P.troglodytes","EPCAM","XM_515458.2","XP_515458.2"
"EPCAM","1764","C.lupus","EPCAM","XM_538481.2","XP_538481.2"
"EPCAM","1764","B.taurus","EPCAM","NM_001035290.1","NP_001030367.1"
"EPCAM","1764","M.musculus","Epcam","NM_008532.2","NP_032558.2"
"EPCAM","1764","R.norvegicus","Epcam","NM_138541.1","NP_612550.1"
"EPCAM","1764","G.gallus","TACSTD1","NM_001012564.1","NP_001012582.1"
"EPCAM","1764","D.rerio","zgc:110304","NM_001017593.1","NP_001017593.1"
"EPS8","3272","H.sapiens","EPS8","NM_004447.5","NP_004438.3"
"EPS8","3272","P.troglodytes","EPS8","XM_528750.2","XP_528750.2"
"EPS8","3272","C.lupus","EPS8","XM_534881.2","XP_534881.2"
"EPS8","3272","B.taurus","EPS8","NM_001076102.1","NP_001069570.1"
"EPS8","3272","M.musculus","Eps8","NM_007945.2","NP_031971.2"
"EPS8","3272","R.norvegicus","Eps8","XM_232499.4","XP_232499.4"
"EPS8","3272","G.gallus","EPS8","XM_416405.2","XP_416405.2"
"EPS8","3272","D.rerio","zgc:56041","NM_200242.1","NP_956536.1"
"ERBB2","3273","H.sapiens","ERBB2","NM_004448.2","NP_004439.2"
"ERBB2","3273","C.lupus","ERBB2","NM_001003217.1","NP_001003217.1"
"ERBB2","3273","M.musculus","Erbb2","NM_001003817.1","NP_001003817.1"
"ERBB2","3273","R.norvegicus","Erbb2","NM_017003.2","NP_058699.2"
"ERBB2","3273","G.gallus","ERBB2","NM_001044661.1","NP_001038126.1"
"ERBB2","3273","D.rerio","erbb2","NM_200119.2","NP_956413.2"
"ERBB2","3273","H.sapiens","ERBB2","NM_004448.2","NP_004439.2"
"ERBB2","3273","C.lupus","ERBB2","NM_001003217.1","NP_001003217.1"
"ERBB2","3273","M.musculus","Erbb2","NM_001003817.1","NP_001003817.1"
"ERBB2","3273","R.norvegicus","Erbb2","NM_017003.2","NP_058699.2"
"ERBB2","3273","G.gallus","ERBB2","NM_001044661.1","NP_001038126.1"
"ERBB2","3273","D.rerio","erbb2","NM_200119.2","NP_956413.2"
"ERBB4","21084","H.sapiens","ERBB4","NM_005235.2","NP_005226.1"
"ERBB4","21084","P.troglodytes","ERBB4","XM_516067.2","XP_516067.2"
"ERBB4","21084","C.lupus","ERBB4","XM_545629.2","XP_545629.2"
"ERBB4","21084","M.musculus","Erbb4","XM_136682.7","XP_136682.7"
"ERBB4","21084","R.norvegicus","Erbb4","NM_021687.1","NP_067719.1"
"ERBB4","21084","G.gallus","ERBB4","NM_001030365.1","NP_001025536.1"
"ERBB4","21084","D.rerio","erbb4","XM_001346036.2","XP_001346072.2"
"ERBB4","21084","D.rerio","LOC570291","XM_001922465.1","XP_001922500.1"
"ERBB4","21084","D.rerio","DKEYP-52F4","XM_693246.3","XP_698338.3"
"EREG","1097","H.sapiens","EREG","NM_001432.2","NP_001423.1"
"EREG","1097","P.troglodytes","EREG","XM_001155238.1","XP_001155238.1"
"EREG","1097","C.lupus","EREG","XM_849667.1","XP_854760.1"
"EREG","1097","M.musculus","Ereg","NM_007950.2","NP_031976.1"
"EREG","1097","R.norvegicus","Ereg","NM_021689.1","NP_067721.1"
"EREG","1097","G.gallus","EREG","NM_001001203.1","NP_001001203.1"
"ESR1","47906","H.sapiens","ESR1","NM_000125.3","NP_000116.2"
"ESR1","47906","C.lupus","ESR1","XM_533454.2","XP_533454.2"
"ESR1","47906","B.taurus","ESR1","NM_001001443.1","NP_001001443.1"
"ESR1","47906","M.musculus","Esr1","NM_007956.3","NP_031982.1"
"ESR1","47906","R.norvegicus","Esr1","NM_012689.1","NP_036821.1"
"ESR1","47906","G.gallus","ESR1","NM_205183.1","NP_990514.1"
"ESR1","47906","D.rerio","esr1","NM_152959.1","NP_694491.1"
"ESR2","1100","H.sapiens","ESR2","NM_001437.2","NP_001428.1"
"ESR2","1100","P.troglodytes","ESR2","XM_001170268.1","XP_001170268.1"
"ESR2","1100","C.lupus","ESR2","XM_861005.1","XP_866098.1"
"ESR2","1100","B.taurus","ESR2","NM_174051.2","NP_776476.1"
"ESR2","1100","M.musculus","Esr2","NM_207707.1","NP_997590.1"
"ESR2","1100","R.norvegicus","Esr2","NM_012754.1","NP_036886.1"
"ESR2","1100","G.gallus","ESR2","NM_204794.1","NP_990125.1"
"ESR2","1100","D.rerio","esr2a","NM_180966.2","NP_851297.1"
"ESR2","1100","D.rerio","esr2b","NM_174862.3","NP_777287.2"
"EXO1","31352","H.sapiens ","EXO1 ","NM_006027.3 ","NP_006018.3"
"EXO1","31352","P.troglodytes ","EXO1 ","XM_001160902.1 ","XP_001160902.1"
"EXO1","31352","C.lupus ","EXO1 ","XM_547491.2 ","XP_547491.2"
"EXO1","31352","B.taurus ","EXO1 ","XM_582828.3 ","XP_582828.3"
"EXO1","31352","M.musculus ","Exo1 ","NM_012012.3 ","NP_036142.2"
"EXO1","31352","R.norvegicus ","Exo1 ","XM_222932.4 ","XP_222932.4"
"EXO1","31352","G.gallus ","EXO1 ","XM_419550.2 ","XP_419550.2"
"EXO1","31352","D.rerio ","zgc:55521 ","NM_213469.1 ","NP_998634.1"
"EXO1","31352","D.melanogaster ","tos ","NM_057797.2 ","NP_477145.1"
"EXO1","31352","A.gambiae ","AgaP_AGAP0","XM_313789.4 ","XP_313789.4"
"EZH2","37926","H.sapiens","EZH2","NM_004456.3","NP_004447.2"
"EZH2","37926","P.troglodytes","EZH2","XM_001166174.1","XP_001166174.1"
"EZH2","37926","C.lupus","EZH2","XM_532733.2","XP_532733.2"
"EZH2","37926","B.taurus","EZH2","XM_865659.3","XP_870752.2"
"EZH2","37926","M.musculus","Ezh2","NM_007971.1","NP_031997.1"
"EZH2","37926","R.norvegicus","Ezh2","XM_231705.4","XP_231705.4"
"EZH2","37926","G.gallus","EZH2","XM_418879.2","XP_418879.2"
"EZH2","37926","D.rerio","ezh2","NM_001077279.1","NP_001070747.1"
"EZH2","37926","D.melanogaster","E(z)","NM_079297.2","NP_524021.2"
"EZH2","37926","A.gambiae","AgaP_AGAP0","XM_307419.4","XP_307419.2"
"FANCA","108","H.sapiens","FANCA","NM_000135.2","NP_000126.2"
"FANCA","108","C.lupus","FANCA","XM_845822.1","XP_850915.1"
"FANCA","108","M.musculus","Fanca","NM_016925.2","NP_058621.1"
"FANCA","108","R.norvegicus","Fanca","XM_341713.3","XP_341714.3"
"FANCA","108","G.gallus","FANCA","XM_414214.2","XP_414214.2"
"FANCF","75185","H.sapiens","FANCF","NM_022725.3","NP_073562.1"
"FANCF","75185","P.troglodytes","FANCF","XM_001169698.1","XP_001169698.1"
"FANCF","75185","B.taurus","FANCF","XM_588722.4","XP_588722.3"
"FANCF","75185","M.musculus","Fancf","XM_001474977.1","XP_001475027.1"
"FANCF","75185","R.norvegicus","Fancf","XM_574453.2","XP_574453.2"
"FANCF","75185","G.gallus","FANCF","XM_001234314.1","XP_001234315.1"
"FANCF","75185","D.rerio","LOC792276","XM_001331242.2","XP_001331278.1"
"FANCF","75185","D.rerio","LOC1001511","XM_001923642.1","XP_001923677.1"
"FANCF","75185","H.sapiens ","FANCF ","NM_022725.3 ","NP_073562.1"
"FANCF","75185","P.troglodytes ","FANCF ","XM_001169698.1 ","XP_001169698.1"
"FANCF","75185","B.taurus ","FANCF ","XM_588722.4 ","XP_588722.3"
"FANCF","75185","M.musculus ","Fancf ","XM_001474977.1 ","XP_001475027.1"
"FANCF","75185","R.norvegicus ","Fancf ","XM_574453.2 ","XP_574453.2"
"FANCF","75185","G.gallus ","FANCF ","XM_001234314.1 ","XP_001234315.1"
"FANCF","75185","D.rerio ","LOC792276 ","XM_001331242.2 ","XP_001331278.1"
"FANCF","75185","D.rerio ","LOC1001511","XM_001923642.1 ","XP_001923677.1"
"FASTKD3 ","11457","H.sapiens","FASTKD3","NM_024091.2","NP_076996.2"
"FASTKD3 ","11457","P.troglodytes","FASTKD3","XM_517625.2","XP_517625.2"
"FASTKD3 ","11457","C.lupus","FASTKD3","XM_545176.2","XP_545176.2"
"FASTKD3 ","11457","B.taurus","FASTKD3","XM_001789431.1","XP_001789483.1"
"FASTKD3 ","11457","M.musculus","Fastkd3","NM_027123.4","NP_081399.3"
"FASTKD3 ","11457","R.norvegicus","Fastkd3","XM_214418.4","XP_214418.2"
"FASTKD3 ","11457","G.gallus","FASTKD3","XM_419017.2","XP_419017.1"
"FASTKD3 ","11457","D.rerio","im:7147223","XM_001338215.2","XP_001338251.1"
"FGF1","625","H.sapiens","FGF1","NM_000800.3","NP_000791.1"
"FGF1","625","P.troglodytes","FGF1","XM_001153487.1","XP_001153487.1"
"FGF1","625","C.lupus","FGF1","XM_844181.1","XP_849274.1"
"FGF1","625","B.taurus","FGF1","NM_174055.2","NP_776480.1"
"FGF1","625","M.musculus","Fgf1","NM_010197.3","NP_034327.1"
"FGF1","625","R.norvegicus","Fgf1","NM_012846.1","NP_036978.1"
"FGF1","625","G.gallus","FGF1","NM_205180.1","NP_990511.1"
"FGF1","625","D.rerio","zgc:136885","NM_001105278.1","NP_001098748.1"
"FGF1","625","D.rerio","fgf1","NM_200760.1","NP_957054.1"
"FGF2 ","1521","H.sapiens","FGF2","NM_002006.4","NP_001997.5"
"FGF2 ","1521","B.taurus","FGF2","NM_174056.3","NP_776481.1"
"FGF2 ","1521","M.musculus","Fgf2","NM_008006.1","NP_032032.1"
"FGF2 ","1521","R.norvegicus","Fgf2","NM_019305.1","NP_062178.1"
"FGF2 ","1521","G.gallus","FGF2","NM_205433.1","NP_990764.1"
"FGF7","7316","H.sapiens","FGF7","NM_002009.3","NP_002000.1"
"FGF7","7316","P.troglodytes","FGF7","XM_001167290.1","XP_001167290.1"
"FGF7","7316","C.lupus","FGF7","NM_001003237.1","NP_001003237.1"
"FGF7","7316","B.taurus","FGF7","XM_869016.3","XP_874109.2"
"FGF7","7316","M.musculus","Fgf7","NM_008008.3","NP_032034.1"
"FGF7","7316","R.norvegicus","Fgf7","NM_022182.1","NP_071518.1"
"FGF7","7316","G.gallus","FGF7","NM_001012525.1","NP_001012543.1"
"FGF7","7316","D.rerio","fgf7","NM_001007761.1","NP_001007762.1"
"FGFR2","22566","H.sapiens","FGFR2","NM_000141.4","NP_000132.3"
"FGFR2","22566","P.troglodytes","FGFR2","XM_001157227.1","XP_001157227.1"
"FGFR2","22566","C.lupus","FGFR2","NM_001003336.1","NP_001003336.1"
"FGFR2","22566","B.taurus","FGFR2","XM_001789706.1","XP_001789758.1"
"FGFR2","22566","M.musculus","Fgfr2","NM_010207.2","NP_034337.2"
"FGFR2","22566","R.norvegicus","Fgfr2","XM_341940.3","XP_341941.3"
"FGFR2","22566","G.gallus","FGFR2","NM_205319.1","NP_990650.1"
"FGFR2","22566","D.rerio","fgfr2","NM_178303.2","NP_840088.1"
"FGFR2","22566","D.melanogaster","btl","NM_001014583.1","NP_001014583.1"
"FGFR2","22566","D.melanogaster","htl","NM_169785.1","NP_732287.1"
"FGFR2","22566","A.gambiae","AgaP_AGAP0","XM_562866.3","XP_562866.3"
"FHIT","21661","H.sapiens","FHIT","NM_002012.2","NP_002003.1"
"FHIT","21661","P.troglodytes","FHIT","XM_001156390.1","XP_001156390.1"
"FHIT","21661","B.taurus","FHIT","NM_001040646.1","NP_001035736.1"
"FHIT","21661","M.musculus","Fhit","NM_010210.2","NP_034340.1"
"FHIT","21661","R.norvegicus","Fhit","NM_021774.1","NP_068542.1"
"FHIT","21661","G.gallus","FHIT","XM_414409.2","XP_414409.2"
"FHIT","21661","D.rerio","fhit","NM_200740.1","NP_957034.1"
"FHIT","21661","D.rerio","LOC1001501","XM_001923140.1","XP_001923175.1"
"FHIT","21661","S.pombe","aph1","NM_001022829.1","NP_587836.1"
"FHIT","21661","M.grisea","MGG_01517","XM_363591.1","XP_363591.1"
"FHIT","21661","N.crassa","NCU08293.1","XM_328998.1","XP_328999.1"
"FHIT","21661","A.thaliana","AT5G58240","NM_125209.3","NP_200632.2"
"FHIT","21661","O.sativa","Os11g01206","NM_001072141.1","NP_001065609.1"
"FLNA","1119","H.sapiens","FLNA","NM_001110556.1","NP_001104026.1"
"FLNA","1119","C.lupus","FLNA","XM_862390.1","XP_867483.1"
"FLNA","1119","B.taurus","FLNA","XM_614269.4","XP_614269.4"
"FLNA","1119","M.musculus","Flna","NM_010227.2","NP_034357.2"
"FLNA","1119","R.norvegicus","Flna","XM_238167.4","XP_238167.4"
"FLT1","20463","C.elegans","kin-15","NM_171855.1","NP_741035.1"
"FLT1","20463","C.elegans","T01G5.1","NM_074327.1","NP_506728.1"
"FLT1","20463","H.sapiens ","FLT1 ","NM_002019.3 ","NP_002010.2"
"FLT1","20463","P.troglodytes ","FLT1 ","XM_509605.2 ","XP_509605.2"
"FLT1","20463","C.lupus ","FLT1 ","XM_534520.2 ","XP_534520.2"
"FLT1","20463","B.taurus ","FLT1 ","XM_001249768.2 ","XP_001249769.2"
"FLT1","20463","M.musculus ","Flt1 ","NM_010228.3 ","NP_034358.2"
"FLT1","20463","R.norvegicus ","Flt1 ","NM_019306.1 ","NP_062179.1"
"FLT1","20463","G.gallus ","FLT1 ","NM_204252.1 ","NP_989583.1"
"FLT1","20463","D.rerio ","flt1 ","NM_001014829.2 ","NP_001014829.2"
"FLT1","20463","C.elegans ","ver-1 ","NM_064761.2 ","NP_497162.2"
"FLT1","20463","C.elegans ","W04G5.10 ","NM_060568.1 ","NP_492969.1"
"FLT1","20463","C.elegans ","kin-23 ","NM_060569.2 ","NP_492970.2"
"FLT1","20463","C.elegans ","R09D1.13 ","NM_063621.1 ","NP_496022.1"
"FLT1","20463","C.elegans ","old-1 ","NM_063729.1 ","NP_496130.1"
"FLT1","20463","C.elegans ","R09D1.12 ","NM_063624.1 ","NP_496025.1"
"FLT1","20463","C.elegans ","kin-30 ","NM_074370.4 ","NP_506771.2"
"FLT1","20463","C.elegans ","Y50D4B.6 ","NM_070974.3 ","NP_503375.2"
"FLT1","20463","C.elegans ","old-2 ","NM_063722.1 ","NP_496123.1"
"FLT1","20463","C.elegans ","ver-3 ","NM_077435.3 ","NP_509836.1"
"FLT1","20463","C.elegans ","ver-4 ","NM_077434.1 ","NP_509835.1"
"FLT1","20463","C.elegans ","kin-16 ","NM_063616.2 ","NP_496017.1"
"FLT1","20463","C.elegans ","kin-15 ","NM_171855.1 ","NP_741035.1"
"FLT1","20463","C.elegans ","T01G5.1 ","NM_074327.1 ","NP_506728.1"
"FOXL2","74992","H.sapiens ","FOXL2 ","NM_023067.2 ","NP_075555.1"
"FOXL2","74992","P.troglodytes ","FOXL2 ","XM_526323.2 ","XP_526323.2"
"FOXL2","74992","B.taurus ","FOXL2 ","NM_001031750.1 ","NP_001026920.1"
"FOXL2","74992","M.musculus ","Foxl2 ","NM_012020.1 ","NP_036150.1"
"FOXL2","74992","R.norvegicus ","Foxl2 ","XM_345975.3 ","XP_345976.3"
"FOXL2","74992","G.gallus ","FOXL2 ","NM_001012612.1 ","NP_001012630.1"
"FOXL2","74992","D.rerio ","foxl2 ","NM_001045252.1 ","NP_001038717.1"
"FUS","3639","H.sapiens","FUS","NM_004960.2","NP_004951.1"
"FUS","3639","P.troglodytes","FUS","XM_001158561.1","XP_001158561.1"
"FUS","3639","B.taurus","FUS","NM_173912.1","NP_776337.1"
"FUS","3639","M.musculus","Fus","NM_139149.2","NP_631888.1"
"FUS","3639","R.norvegicus","Fus","NM_001012137.1","NP_001012137.1"
"FUS","3639","D.rerio","fus","NM_201083.1","NP_957377.1"
"FUS","3639","D.melanogaster","caz","NM_078641.2","NP_523365.2"
"FUS","3639","A.gambiae","AgaP_AGAP0","XM_321451.4","XP_321451.4"
"FUS","3639","C.elegans","C27H5.3","NM_063082.3","NP_495483.1"
"GAPDH","107053","H.sapiens","GAPDH","NM_002046.3","NP_002037.2"
"GAPDH","107053","P.troglodytes","GAPDH","XM_001162057.1","XP_001162057.1"
"GAPDH","107053","C.lupus","GAPDH","NM_001003142.1","NP_001003142.1"
"GAPDH","107053","B.taurus","GAPDH","NM_001034034.1","NP_001029206.1"
"GAPDH","107053","B.taurus","GAPDH","XM_001252511.2","XP_001252512.1"
"GAPDH","107053","M.musculus","Gm13882","XM_001479851.1","XP_001479901.1"
"GAPDH","107053","R.norvegicus","Gapdh","NM_017008.2","NP_058704.1"
"GAPDH","107053","R.norvegicus","Gapdh-ps2","XM_001070653.1","XP_001070653.1"
"GAPDH","107053","R.norvegicus","LOC685186","XM_001062726.1","XP_001062726.1"
"GAPDH","107053","R.norvegicus","RGD1565368","XM_576394.2","XP_576394.1"
"GAPDH","107053","G.gallus","GAPDH","NM_204305.1","NP_989636.1"
"GAPDH","107053","D.rerio","gapdh","NM_001115114.1","NP_001108586.1"
"GAPDH","107053","D.melanogaster","Gapdh1","NM_001038847.1","NP_001033936.1"
"GAPDH","107053","D.melanogaster","Gapdh2","NM_080352.5","NP_525091.1"
"GAPDH","107053","A.gambiae","AgaP_AGAP0","XM_318655.2","XP_318655.2"
"GAPDH","107053","C.elegans","gpd-4","NM_063791.3","NP_496192.1"
"GAPDH","107053","C.elegans","gpd-1","NM_063836.3","NP_496237.1"
"GAPDH","107053","C.elegans","gpd-3","NM_076133.4","NP_508534.3"
"GAPDH","107053","C.elegans","gpd-2","NM_076134.4","NP_508535.1"
"GAPDH","107053","S.pombe","gpd1","NM_001022073.1","NP_596154.1"
"GAPDH","107053","S.pombe","gpd3","NM_001021142.1","NP_595236.1"
"GAPDH","107053","S.cerevisiae","TDH3","TDH3_6321631","NP_011708.1"
"GAPDH","107053","S.cerevisiae","TDH2","TDH2_6322468","NP_012542.1"
"GAPDH","107053","S.cerevisiae","TDH1","TDH1_6322409","NP_012483.1"
"GAPDH","107053","K.lactis","KLLA0A1185","XM_451516.1","XP_451516.1"
"GAPDH","107053","E.gossypii","AGOS_AER03","NM_210245.1","NP_984891.1"
"GAPDH","107053","M.grisea","MGG_01084","XM_368160.1","XP_368160.1"
"GAPDH","107053","N.crassa","NCU01528.1","XM_327966.1","XP_327967.1"
"GAPDH","107053","A.thaliana","GAPCP-1","NM_106601.3","NP_178071.1"
"GAPDH","107053","A.thaliana","GAPCP-2","NM_101496.2","NP_173080.1"
"GAPDH","107053","O.sativa","Os02g01711","NM_001052566.1","NP_001046031.1"
"GAPDH","107053","O.sativa","Os06g06666","NM_001064844.1","NP_001058309.1"
"GAPDH","107053","P.falciparum","PF14_0598","XM_001348736.1","XP_001348772.1"
"GARS","1547","H.sapiens","GARS","NM_002047.2","NP_002038.2"
"GARS","1547","P.troglodytes","GARS","XM_519025.2","XP_519025.2"
"GARS","1547","C.lupus","GARS","XM_532502.2","XP_532502.2"
"GARS","1547","B.taurus","GARS","NM_001097566.1","NP_001091035.1"
"GARS","1547","M.musculus","Gars","NM_180678.3","NP_851009.2"
"GARS","1547","R.norvegicus","Gars","XM_216152.4","XP_216152.4"
"GARS","1547","G.gallus","GARS","NM_001031510.1","NP_001026681.1"
"GARS","1547","D.rerio","si:dkey-27","XM_687318.3","XP_692410.3"
"GARS","1547","D.melanogaster","Aats-gly","NM_168605.1","NP_730022.1"
"GARS","1547","A.gambiae","AgaP_AGAP0","XM_557743.3","XP_557743.2"
"GARS","1547","C.elegans","grs-1","NM_065692.2","NP_498093.1"
"GARS","1547","S.pombe","SPAC3F10.0","NM_001019363.1","NP_593935.1"
"GARS","1547","S.cerevisiae","GRS1","GRS1_6319597","NP_009679.1"
"GARS","1547","K.lactis","KLLA0B0893","XM_451926.1","XP_451926.1"
"GARS","1547","E.gossypii","AGOS_ADL37","NM_209076.1","NP_983723.1"
"GARS","1547","M.grisea","MGG_06321","XM_369806.2","XP_369806.2"
"GARS","1547","N.crassa","NCU00405.1","XM_322490.1","XP_322491.1"
"GARS","1547","A.thaliana","AT1G29880","NM_102728.2","NP_564337.1"
"GARS","1547","O.sativa","Os08g05380","NM_001068904.1","NP_001062369.1"
"GARS","1547","P.falciparum","PF14_0198","XM_001348335.1","XP_001348371.1"
"GATA3","1550","H.sapiens","GATA3","NM_002051.2","NP_002042.1"
"GATA3","1550","P.troglodytes","GATA3","XM_001149347.1","XP_001149347.1"
"GATA3","1550","C.lupus","GATA3","XM_853059.1","XP_858152.1"
"GATA3","1550","B.taurus","GATA3","NM_001076804.1","NP_001070272.1"
"GATA3","1550","M.musculus","Gata3","NM_008091.2","NP_032117.1"
"GATA3","1550","R.norvegicus","Gata3","NM_133293.1","NP_579827.1"
"GATA3","1550","G.gallus","GATA3","NM_001008444.1","NP_001008444.1"
"GATA3","1550","D.rerio","gata3","NM_131211.1","NP_571286.1"
"GATA3","1550","D.rerio","LOC1001511","XM_001918759.1","XP_001918794.1"
"GATA3","1550","D.melanogaster","grn","NM_169206.1","NP_731211.1"
"GATA3","1550","A.gambiae","AgaP_AGAP0","XM_562743.3","XP_562743.3"
"GDF15 ","3576","H.sapiens","GDF15","NM_004864.2","NP_004855.2"
"GDF15 ","3576","P.troglodytes","GDF15","XM_524157.2","XP_524157.2"
"GDF15 ","3576","C.lupus","GDF15","XM_541938.1","XP_541938.1"
"GDF15 ","3576","B.taurus","GDF15","XM_871003.1","XP_876096.1"
"GDF15 ","3576","M.musculus","Gdf15","NM_011819.1","NP_035949.1"
"GDF15 ","3576","R.norvegicus","Gdf15","NM_019216.1","NP_062089.1"
"GFOD2","10361","H.sapiens","GFOD2","NM_030819.2","NP_110446.2"
"GFOD2","10361","P.troglodytes","GFOD2","XM_001164470.1","XP_001164470.1"
"GFOD2","10361","C.lupus","GFOD2","XM_546875.2","XP_546875.1"
"GFOD2","10361","B.taurus","GFOD2","NM_001014863.2","NP_001014863.1"
"GFOD2","10361","M.musculus","Gfod2","NM_027469.2","NP_081745.1"
"GFOD2","10361","R.norvegicus","Gfod2","XM_226412.3","XP_226412.1"
"GFOD2","10361","G.gallus","RCJMB04_26","NM_001030560.1","NP_001025731.1"
"GFOD2","10361","D.rerio","zgc:153587","NM_001077746.1","NP_001071214.1"
"GLI1","3859","H.sapiens","GLI1","NM_005269.2","NP_005260.1"
"GLI1","3859","C.lupus","GLI1","XM_853792.1","XP_858885.1"
"GLI1","3859","B.taurus","GLI1","NM_001099000.1","NP_001092470.1"
"GLI1","3859","M.musculus","Gli1","NM_010296.2","NP_034426.2"
"GLI1","3859","R.norvegicus","Gli1","XM_345832.3","XP_345833.2"
"GLI1","3859","G.gallus","GLI1","XM_413682.1","XP_413682.1"
"GLI1","3859","D.rerio","gli1","NM_178296.2","NP_840081.1"
"GLTP","41133","H.sapiens","GLTP","NM_016433.3","NP_057517.1"
"GLTP","41133","P.troglodytes","LOC466457","XM_521856.2","XP_521856.2"
"GLTP","41133","C.lupus","GLTP","XM_849301.1","XP_854394.1"
"GLTP","41133","B.taurus","GLTP","NM_175799.2","NP_786993.1"
"GLTP","41133","M.musculus","Gltp","NM_019821.2","NP_062795.2"
"GLTP","41133","R.norvegicus","Gltp","XM_213793.4","XP_213793.4"
"GLTP","41133","G.gallus","GLTP","XM_427091.1","XP_427091.1"
"GLTP","41133","D.rerio","DKEY-234H1","NM_001099988.1","NP_001093458.1"
"GLTP","41133","C.elegans","Y82E9BR.14","NM_001027787.2","NP_001022958.1"
"GPX3","20480","H.sapiens","GPX3","NM_002084.3","NP_002075.2"
"GPX3","20480","B.taurus","GPX3","NM_174077.3","NP_776502.1"
"GPX3","20480","M.musculus","Gpx3","NM_008161.1","NP_032187.2"
"GPX3","20480","R.norvegicus","Gpx3","NM_022525.2","NP_071970.2"
"GRB2","1576","H.sapiens","GRB2","NM_002086.4","NP_002077.1"
"GRB2","1576","P.troglodytes","GRB2","XM_001141640.1","XP_001141640.1"
"GRB2","1576","C.lupus","GRB2","XM_540431.2","XP_540431.2"
"GRB2","1576","B.taurus","GRB2","NM_001034630.1","NP_001029802.1"
"GRB2","1576","M.musculus","Grb2","NM_008163.3","NP_032189.1"
"GRB2","1576","R.norvegicus","Grb2","NM_030846.2","NP_110473.2"
"GRB2","1576","G.gallus","GRB2","NM_204411.1","NP_989742.1"
"GRB2","1576","D.rerio","grb2","NM_213035.1","NP_998200.1"
"GRB2","1576","D.melanogaster","drk","NM_057510.3","NP_476858.1"
"GRB2","1576","A.gambiae","AgaP_AGAP0","XM_320742.4","XP_320742.3"
"GRB2","1576","C.elegans","sem-5","NM_076941.4","NP_509342.1"
"GRM4","20230","H.sapiens","GRM4","NM_000841.1","NP_000832.1"
"GRM4","20230","P.troglodytes","GRM4","XM_527365.2","XP_527365.2"
"GRM4","20230","C.lupus","GRM4","XM_538870.2","XP_538870.2"
"GRM4","20230","M.musculus","Grm4","NM_001013385.1","NP_001013403.1"
"GRM4","20230","R.norvegicus","Grm4","NM_022666.1","NP_073157.1"
"GRM4","20230","D.rerio","wu:fi18a01","XM_690474.3","XP_695566.3"
"GRM4","20230","C.elegans","mgl-3","NM_171341.2","NP_741400.1"
"GSS","148","H.sapiens","GSS","NM_000178.2","NP_000169.1"
"GSS","148","C.lupus","GSS","XM_846522.1","XP_851615.1"
"GSS","148","B.taurus","GSS","NM_001015630.1","NP_001015630.1"
"GSS","148","M.musculus","Gss","NM_008180.1","NP_032206.1"
"GSS","148","R.norvegicus","Gss","NM_012962.1","NP_037094.1"
"GSS","148","G.gallus","GSS","XM_425692.2","XP_425692.2"
"GSS","148","D.rerio","zgc:101574","NM_001006104.1","NP_001006104.1"
"GSS","148","D.melanogaster","CG32495","NM_167589.1","NP_728116.1"
"GSS","148","D.melanogaster","GS","NM_176753.1","NP_788926.1"
"GSS","148","A.gambiae","AgaP_AGAP0","XM_310552.4","XP_310552.4"
"GSS","148","C.elegans","M176.2","NM_063610.3","NP_496011.1"
"GSS","148","S.pombe","gsa1","NM_001019364.1","NP_593936.1"
"GSS","148","S.cerevisiae","GSH2","GSH2_6324524","NP_014593.1"
"GSS","148","K.lactis","KLLA0F0755","XM_455422.1","XP_455422.1"
"GSS","148","E.gossypii","AGOS_ACR28","NM_209039.1","NP_983686.1"
"GSS","148","M.grisea","MGG_06454","XM_369939.2","XP_369939.2"
"GSS","148","N.crassa","NCU06191.1","XM_326045.1","XP_326046.1"
"GSS","148","A.thaliana","GSH2","NM_122620.3","NP_568495.2"
"GSS","148","O.sativa","Os11g06428","NM_001074888.1","NP_001068356.1"
"GSS","148","P.falciparum","PFE0605c","XM_001351643.1","XP_001351679.1"
"GSTP1","660","H.sapiens","GSTP1","NM_000852.3","NP_000843.1"
"GSTP1","660","P.troglodytes","GSTP1","XM_001152516.1","XP_001152516.1"
"GSTP1","660","C.lupus","LOC476005","XM_533213.2","XP_533213.2"
"GSTP1","660","C.lupus","LOC475191","XM_532423.2","XP_532423.2"
"GSTP1","660","C.lupus","LOC480657","XM_537776.2","XP_537776.1"
"GSTP1","660","C.lupus","LOC480844","XM_537961.2","XP_537961.2"
"GSTP1","660","C.lupus","LOC611366","XM_849024.1","XP_854117.1"
"GSTP1","660","B.taurus","GSTP1","NM_177516.1","NP_803482.1"
"GSTP1","660","R.norvegicus","Gstp1","NM_012577.1","NP_036709.1"
"GSTP1","660","R.norvegicus","Gstp2","NM_138974.1","NP_620430.1"
"GSTP1","660","D.rerio","gstp1","NM_131734.3","NP_571809.1"
"GSTP1","660","D.rerio","gstp2","NM_001020513.1","NP_001018349.1"
"GSTP1","660","C.elegans","gst-1","NM_066605.4","NP_499006.1"
"GSTP1","660","C.elegans","gst-25","NM_058456.2","NP_490857.1"
"GSTP1","660","C.elegans","gst-10","NM_071300.5","NP_503701.1"
"GSTP1","660","C.elegans","gst-41","NM_072493.2","NP_504894.1"
"GSTP1","660","C.elegans","F56A4.4","NM_071270.2","NP_503671.2"
"GSTP1","660","C.elegans","Y45G12C.3","NM_071297.2","NP_503698.2"
"GSTP1","660","C.elegans","F56A4.3","NM_071272.3","NP_503673.2"
"GSTP1","660","C.elegans","gst-23","NM_071488.1","NP_503889.1"
"GTF2F2 ","37884","H.sapiens","GTF2F2","NM_004128.2","NP_004119.1"
"GTF2F2 ","37884","P.troglodytes","GTF2F2","XM_001154142.1","XP_001154142.1"
"GTF2F2 ","37884","C.lupus","GTF2F2","XM_846373.1","XP_851466.1"
"GTF2F2 ","37884","B.taurus","GTF2F2","NM_001038064.1","NP_001033153.1"
"GTF2F2 ","37884","M.musculus","Gtf2f2","NM_026816.3","NP_081092.1"
"GTF2F2 ","37884","R.norvegicus","Gtf2f2","NM_031042.3","NP_112304.2"
"GTF2F2 ","37884","G.gallus","GTF2F2","XM_417039.2","XP_417039.2"
"GTF2F2 ","37884","D.rerio","gtf2f2","NM_001002127.1","NP_001002127.1"
"GTF2F2 ","37884","D.rerio","MGC174761","NM_001103133.1","NP_001096603.1"
"GTF2F2 ","37884","D.melanogaster","TfIIFbeta","NM_079581.2","NP_524305.2"
"GTF2F2 ","37884","A.gambiae","AgaP_AGAP0","XM_308768.4","XP_308768.3"
"GTF2F2 ","37884","C.elegans","Y39B6A.36","NM_171571.3","NP_741661.1"
"GTF2H4","7090","H.sapiens","GTF2H4","NM_001517.4","NP_001508.1"
"GTF2H4","7090","P.troglodytes","GTF2H4","XM_518339.2","XP_518339.2"
"GTF2H4","7090","C.lupus","GTF2H4","XM_843826.1","XP_848919.1"
"GTF2H4","7090","B.taurus","GTF2H4","NM_001101057.1","NP_001094527.1"
"GTF2H4","7090","M.musculus","Gtf2h4","NM_010364.2","NP_034494.1"
"GTF2H4","7090","R.norvegicus","Gtf2h4","NM_212501.1","NP_997666.1"
"GTF2H4","7090","D.rerio","gtf2h4","NM_199927.1","NP_956221.1"
"GTF2H4","7090","D.melanogaster","Tfb2","NM_140523.2","NP_648780.1"
"GTF2H4","7090","A.gambiae","AgaP_AGAP0","XM_309710.3","XP_309710.1"
"GTF2H4","7090","S.pombe","tfb2","NM_001022484.1","NP_596563.1"
"GTF2H4","7090","S.cerevisiae","TFB2","TFB2_6325135","NP_015203.1"
"GTF2H4","7090","K.lactis","KLLA0F0105","XM_455127.1","XP_455127.1"
"GTF2H4","7090","E.gossypii","AGOS_ADL27","NM_209175.1","NP_983822.1"
"GTF2H4","7090","M.grisea","MGG_00397","XM_368847.1","XP_368847.1"
"GTF2H4","7090","N.crassa","NCU05523.1","XM_325377.1","XP_325378.1"
"GTF2H4","7090","A.thaliana","AT4G17020","NM_202835.2","NP_974564.1"
"GTF2H4","7090","O.sativa","Os04g06800","NM_001060819.1","NP_001054284.1"
"GYS2","56580","H.sapiens","GYS2","NM_021957.3","NP_068776.2"
"GYS2","56580","P.troglodytes","GYS2","XM_520790.2","XP_520790.2"
"GYS2","56580","C.lupus","GYS2","XM_534869.2","XP_534869.2"
"GYS2","56580","B.taurus","GYS2","XM_617616.3","XP_617616.3"
"GYS2","56580","M.musculus","Gys2","NM_145572.1","NP_663547.1"
"GYS2","56580","R.norvegicus","Gys2","NM_013089.1","NP_037221.1"
"GYS2","56580","G.gallus","GYS2","XM_416432.2","XP_416432.2"
"GYS2","56580","D.rerio","gys2","NM_001018679.1","NP_001018199.1"
"HBA2","469","H.sapiens","HBA2","NM_000517.4","NP_000508.1"
"HBA2","469","H.sapiens","HBA1","NM_000558.3","NP_000549.1"
"HBA2","469","B.taurus","HBA2","NM_001077422.2","NP_001070890.2"
"HBA2","469","B.taurus","HBA1","XM_001788676.1","XP_001788728.1"
"HBA2","469","M.musculus","Hba-a1","NM_008218.1","NP_032244.1"
"HBA2","469","R.norvegicus","Hba-a2","NM_013096.1","NP_037228.1"
"HBA2","469","R.norvegicus","LOC360504","NM_001007722.1","NP_001007723.1"
"HBA2","469","G.gallus","HBA1","NM_001004376.2","NP_001004376.1"
"HDLBP","38035","H.sapiens","HDLBP","NM_005336.3","NP_005327.1"
"HDLBP","38035","P.troglodytes","HDLBP","XM_001161053.1","XP_001161053.1"
"HDLBP","38035","C.lupus","HDLBP","XM_534628.2","XP_534628.2"
"HDLBP","38035","B.taurus","HDLBP","XM_001256510.1","XP_001256511.1"
"HDLBP","38035","M.musculus","Hdlbp","NM_133808.3","NP_598569.1"
"HDLBP","38035","R.norvegicus","Hdlbp","NM_172039.1","NP_742036.1"
"HDLBP","38035","G.gallus","HDLBP","NM_205096.1","NP_990427.1"
"HDLBP","38035","D.rerio","hdlbp","NM_201474.1","NP_958882.1"
"HDLBP","38035","D.melanogaster","Dp1","NM_206164.1","NP_995886.1"
"HDLBP","38035","A.gambiae","AgaP_AGAP0","XM_001237662.2","XP_001237663.2"
"HDLBP","38035","C.elegans","C08H9.2","NM_063735.4","NP_496136.1"
"HDLBP","38035","S.pombe","SPCC550.14","NM_001023097.1","NP_588106.1"
"HDLBP","38035","S.cerevisiae","SCP160","SCP160_6322381","NP_012455.1"
"HDLBP","38035","K.lactis","KLLA0D0239","XM_453175.1","XP_453175.1"
"HDLBP","38035","E.gossypii","AGOS_AAL17","NM_207718.1","NP_982365.1"
"HDLBP","38035","M.grisea","MGG_06496","XM_369981.1","XP_369981.1"
"HDLBP","38035","N.crassa","NCU03897.1","XM_323215.1","XP_323216.1"
"HIC1","4740","H.sapiens","HIC1","NM_001098202.1","NP_001091672.1"
"HIC1","4740","P.troglodytes","HIC1","XM_001174287.1","XP_001174287.1"
"HIC1","4740","C.lupus","HIC1","XM_548318.2","XP_548318.2"
"HIC1","4740","M.musculus","Hic1","NM_010430.1","NP_034560.1"
"HIC1","4740","R.norvegicus","Hic1","XM_220706.4","XP_220706.4"
"HIC1","4740","D.rerio","hic1","NM_001002314.1","NP_001002314.1"
"HIN-1","14160","H.sapiens ","SCGB3A1 ","NM_052863.2 ","NP_443095.2"
"HIN-1","14160","M.musculus ","Scgb3a1 ","NM_054037.1 ","NP_473378.1"
"HIN-1","14160","R.norvegicus ","Scgb3a1 ","NM_001013180.1 ","NP_001013198.1"
"HIST1H1C","68455","H.sapiens","HIST1H1C","NM_005319.3","NP_005310.1"
"HIST1H1C","68455","P.troglodytes","LOC471878","XM_001172525.1","XP_001172525.1"
"HIST1H1C","68455","C.lupus","LOC488264","XM_545386.2","XP_545386.2"
"HIST1H1C","68455","B.taurus","HIST1H1C","NM_001083425.1","NP_001076894.1"
"HIST1H1C","68455","M.musculus","Hist1h1c","NM_015786.1","NP_056601.1"
"HIST2H2BE","84347","H.sapiens","HIST1H2BG","NM_003518.3","NP_003509.1"
"HIST2H2BE","84347","H.sapiens","HIST2H2BE","NM_003528.2","NP_003519.1"
"HIST2H2BE","84347","H.sapiens","HIST1H2BI","NM_003525.2","NP_003516.1"
"HIST2H2BE","84347","H.sapiens","HIST1H2BC","NM_003526.2","NP_003517.2"
"HIST2H2BE","84347","H.sapiens","HIST1H2BF","NM_003522.3","NP_003513.1"
"HIST2H2BE","84347","H.sapiens","HIST1H2BE","NM_003523.2","NP_003514.2"
"HIST2H2BE","84347","P.troglodytes","LOC471902","XM_527280.2","XP_527280.2"
"HIST2H2BE","84347","C.lupus","LOC483169","XM_540287.2","XP_540287.1"
"HIST2H2BE","84347","C.lupus","LOC483173","XM_540291.2","XP_540291.1"
"HIST2H2BE","84347","C.lupus","LOC483170","XM_540288.2","XP_540288.1"
"HIST2H2BE","84347","C.lupus","LOC488267","XM_545389.2","XP_545389.1"
"HIST2H2BE","84347","C.lupus","LOC478743","XM_843136.1","XP_848229.1"
"HIST2H2BE","84347","C.lupus","LOC488276","XM_545398.2","XP_545398.2"
"HIST2H2BE","84347","C.lupus","LOC488296","XM_545418.1","XP_545418.1"
"HIST2H2BE","84347","C.lupus","LOC611126","XM_848767.1","XP_853860.1"
"HIST2H2BE","84347","C.lupus","LOC611465","XM_849134.1","XP_854227.1"
"HIST2H2BE","84347","C.lupus","LOC611482","XM_849151.1","XP_854244.1"
"HIST2H2BE","84347","C.lupus","LOC608682","XM_854475.1","XP_859568.1"
"HIST2H2BE","84347","B.taurus","LOC529646","XM_608099.4","XP_608099.1"
"HIST2H2BE","84347","M.musculus","Hist1h2bj","NM_178198.1","NP_835505.1"
"HIST2H2BE","84347","M.musculus","Hist1h2bk","NM_175665.1","NP_783596.1"
"HIST2H2BE","84347","M.musculus","Hist1h2bl","NM_178199.1","NP_835506.1"
"HIST2H2BE","84347","M.musculus","Hist1h2bf","NM_178195.1","NP_835502.1"
"HIST2H2BE","84347","M.musculus","Hist1h2bn","NM_178201.1","NP_835508.1"
"HIST2H2BE","84347","R.norvegicus","Hist1h2bp","XM_225384.2","XP_225384.1"
"HIST2H2BE","84347","G.gallus","LOC427886","NM_001031481.1","NP_001026652.1"
"HIST2H2BE","84347","D.rerio","hist2h2l","NM_200117.1","NP_956411.1"
"HIST2H2BE","84347","D.melanogaster","His2B:CG33","NM_001032174.1","NP_001027345.1"
"HIST2H2BE","84347","D.melanogaster","His2B:CG33","NM_001032112.1","NP_001027283.1"
"HIST2H2BE","84347","D.melanogaster","His2B:CG17","NM_165381.3","NP_724342.1"
"HIST2H2BE","84347","D.melanogaster","His2B:CG33","NM_001032116.1","NP_001027287.1"
"HIST2H2BE","84347","D.melanogaster","His2B:CG33","NM_001032120.1","NP_001027291.1"
"HIST2H2BE","84347","D.melanogaster","His2B:CG33","NM_001032125.1","NP_001027296.1"
"HIST2H2BE","84347","D.melanogaster","His2B:CG33","NM_001032129.1","NP_001027300.1"
"HIST2H2BE","84347","D.melanogaster","His2B:CG33","NM_001032134.1","NP_001027305.1"
"HIST2H2BE","84347","D.melanogaster","His2B:CG33","NM_001032139.1","NP_001027310.1"
"HIST2H2BE","84347","D.melanogaster","His2B:CG33","NM_001032144.1","NP_001027315.1"
"HIST2H2BE","84347","D.melanogaster","His2B:CG33","NM_001032149.1","NP_001027320.1"
"HIST2H2BE","84347","D.melanogaster","His2B:CG33","NM_001032154.1","NP_001027325.1"
"HIST2H2BE","84347","D.melanogaster","His2B:CG33","NM_001032159.1","NP_001027330.1"
"HIST2H2BE","84347","D.melanogaster","His2B:CG33","NM_001032164.1","NP_001027335.1"
"HIST2H2BE","84347","D.melanogaster","His2B:CG33","NM_001032169.1","NP_001027340.1"
"HIST2H2BE","84347","D.melanogaster","His2B:CG33","NM_001032179.1","NP_001027350.1"
"HIST2H2BE","84347","D.melanogaster","His2B:CG33","NM_001032184.1","NP_001027355.1"
"HIST2H2BE","84347","D.melanogaster","His2B:CG33","NM_001032189.1","NP_001027360.1"
"HIST2H2BE","84347","D.melanogaster","His2B:CG33","NM_001032194.1","NP_001027365.1"
"HIST2H2BE","84347","D.melanogaster","His2B:CG33","NM_001032199.1","NP_001027370.1"
"HIST2H2BE","84347","D.melanogaster","His2B:CG33","NM_001032204.1","NP_001027375.1"
"HIST2H2BE","84347","D.melanogaster","His2B:CG33","NM_001032209.1","NP_001027380.1"
"HIST2H2BE","84347","D.melanogaster","His2B:CG33","NM_001032214.1","NP_001027385.1"
"HIST2H2BE","84347","A.gambiae","AgaP_AGAP0","XM_001238299.1","XP_001238300.1"
"HIST2H2BE","84347","A.gambiae","AgaP_AGAP0","XM_320329.3","XP_320329.2"
"HIST2H2BE","84347","A.gambiae","AgaP_AGAP0","XM_307082.2","XP_307082.2"
"HIST2H2BE","84347","A.gambiae","AgaP_AGAP0","XM_320334.3","XP_320334.2"
"HIST2H2BE","84347","A.gambiae","AgaP_AGAP0","XM_306255.2","XP_306255.2"
"HIST2H2BE","84347","E.gossypii","AGOS_AEL00","NM_210213.1","NP_984859.1"
"HLA-C","110784","H.sapiens","HLA-C","NM_002117.4","NP_002108.4"
"HLA-C","110784","P.troglodytes","PATR-C","NM_001012439.1","NP_001012441.1"
"HLA-C","110784","M.musculus","H2-K1","NM_001001892.2","NP_001001892.2"
"HLA-C","110784","M.musculus","H2-D1","NM_010380.3","NP_034510.3"
"HLA-C","110784","R.norvegicus","RT1-A1","NM_001008827.1","NP_001008827.1"
"HLA-C","110784","R.norvegicus","RT1-CE7","NM_001008845.1","NP_001008845.1"
"HLA-C","110784","R.norvegicus","RT1-CE11","NM_001008834.1","NP_001008834.1"
"HLA-C","110784","R.norvegicus","RT1-CE10","NM_001008833.1","NP_001008833.1"
"HLA-C","110784","R.norvegicus","RT1-A3","NM_001008830.1","NP_001008830.1"
"HLA-C","110784","R.norvegicus","RT1-CE5","NM_001008843.1","NP_001008843.1"
"HLA-C","110784","R.norvegicus","RT1-Cl","NM_206848.1","NP_996730.1"
"HLA-C","110784","R.norvegicus","RT1-CE4","NM_001008842.1","NP_001008842.1"
"HLA-C","110784","R.norvegicus","RT1-CE15","NM_001008838.1","NP_001008838.1"
"HLA-C","110784","R.norvegicus","RT1-CE3","NM_001008841.1","NP_001008841.1"
"HLA-C","110784","R.norvegicus","RT1-CE16","NM_001008839.1","NP_001008839.1"
"HLA-C","110784","R.norvegicus","RT1-CE2","NM_001008840.1","NP_001008840.1"
"HLA-C","110784","R.norvegicus","RT1-CE12","NM_001008835.1","NP_001008835.1"
"HLA-C","110784","R.norvegicus","RT1-CE1","NM_001008832.1","NP_001008832.1"
"HLA-C","110784","R.norvegicus","RT1-CE14","NM_001033985.1","NP_001029157.1"
"HLA-C","110784","R.norvegicus","RT1-A2","NM_001008829.1","NP_001008829.1"
"HLA-C","110784","R.norvegicus","RT1-CE13","NM_001008836.1","NP_001008836.1"
"HLA-C","110784","R.norvegicus","RT1-Aw2","NM_012645.1","NP_036777.1"
"HLA-DQB1","1603","H.sapiens","HLA-DQB1","NM_002123.3","NP_002114.3"
"HLA-DQB1","1603","C.lupus","DLA-DQB1","NM_001014381.1","NP_001014403.1"
"HLA-DQB1","1603","B.taurus","BLA-DQB","NM_001034668.2","NP_001029840.2"
"HLA-DQB1","1603","B.taurus","BOLA-DQB","NM_001012676.2","NP_001012694.2"
"HLA-DQB1","1603","B.taurus","LOC790858","NM_001080923.1","NP_001074392.1"
"HLA-DQB1","1603","M.musculus","H2-Ab1","NM_207105.2","NP_996988.1"
"HLA-DQB1","1603","R.norvegicus","RT1-Bb","NM_001004084.1","NP_001004084.1"
"HLA-DRA","7751","H.sapiens","HLA-DRA","NM_019111.3","NP_061984.2"
"HLA-DRA","7751","P.troglodytes","PATR-DRA","XM_518384.2","XP_518384.2"
"HLA-DRA","7751","C.lupus","DLA-DRA1","NM_001011723.1","NP_001011723.1"
"HLA-DRA","7751","B.taurus","BOLA-DRA","NM_001012677.1","NP_001012695.1"
"HLA-DRA","7751","M.musculus","H2-Ea","NM_010381.2","NP_034511.2"
"HLA-DRA","7751","R.norvegicus","H2-Ea","NM_001008847.1","NP_001008847.1"
"HLA-DRB3","0","-","-","-","-"
"HLA-DRB5","101524","H.sapiens","HLA-DRB5","NM_002125.3","NP_002116.2"
"HLA-DRB5","101524","P.troglodytes","PATR-DRB5","XM_001165686.1","XP_001165686.1"
"HLA-DRB5","101524","B.taurus","BOLA-DRB2","XM_582099.4","XP_582099.3"
"HLTF","30136","H.sapiens","HLTF","NM_003071.3","NP_003062.2"
"HLTF","30136","P.troglodytes","HLTF","XM_516811.2","XP_516811.2"
"HLTF","30136","C.lupus","HLTF","XM_534300.2","XP_534300.2"
"HLTF","30136","B.taurus","HLTF","XM_588490.4","XP_588490.3"
"HLTF","30136","M.musculus","Hltf","NM_009210.2","NP_033236.2"
"HLTF","30136","R.norvegicus","Hltf","XM_215728.4","XP_215728.4"
"HLTF","30136","D.rerio","LOC564651","XM_687979.3","XP_693071.2"
"HLTF","30136","M.grisea","MGG_06094","XM_369370.2","XP_369370.2"
"HLTF","30136","N.crassa","NCU07975.1","XM_328680.1","XP_328681.1"
"HLTF","30136","A.thaliana","AT5G05130","NM_120595.2","NP_196132.2"
"HLTF","30136","O.sativa","Os07g06424","NM_001066971.1","NP_001060436.1"
"HMGB1","110676","H.sapiens","HMGB1","NM_002128.4","NP_002119.1"
"HMGB1","110676","P.troglodytes","HMGB1","XM_001140879.1","XP_001140879.1"
"HMGB1","110676","C.lupus","HMGB1","NM_001002937.1","NP_001002937.1"
"HMGB1","110676","B.taurus","HMGB1","NM_176612.1","NP_788785.1"
"HMGB1","110676","M.musculus","Hmg1l1","XM_485920.4","XP_485920.1"
"HMGB1","110676","R.norvegicus","LOC680054","XM_001055841.1","XP_001055841.1"
"HMGB1","110676","G.gallus","HMGB1","NM_204902.2","NP_990233.1"
"HMGB1","110676","D.melanogaster","Dsp1","NM_206762.1","NP_996485.1"
"HMGB1","110676","A.gambiae","AgaP_AGAP0","XM_311155.3","XP_311155.3"
"HMGB1","110676","C.elegans","hmg-1.2","NM_065974.6","NP_498375.1"
"HOPX","15859","H.sapiens ","HOPX ","NM_001145459.1 ","NP_001138931.1"
"HOPX","15859","P.troglodytes ","HOPX ","XM_001138195.1 ","XP_001138195.1"
"HOPX","15859","B.taurus ","HOPX ","NM_174097.2 ","NP_776522.1"
"HOPX","15859","M.musculus ","Hopx ","NM_175606.2 ","NP_783199.1"
"HOPX","15859","R.norvegicus ","Hopx ","NM_133621.2 ","NP_598305.2"
"HOPX","15859","G.gallus ","HOPX ","NM_204556.1 ","NP_989887.1"
"HOXA1","4032","H.sapiens ","HOXA1 ","NM_005522.4 ","NP_005513.1"
"HOXA1","4032","P.troglodytes ","HOXA1 ","XM_519009.2 ","XP_519009.1"
"HOXA1","4032","C.lupus ","HOXA1 ","XM_539484.2 ","XP_539484.2"
"HOXA1","4032","B.taurus ","HOXA1 ","XM_618076.3 ","XP_618076.2"
"HOXA1","4032","M.musculus ","Hoxa1 ","NM_010449.3 ","NP_034579.2"
"HOXA1","4032","R.norvegicus ","Hoxa1 ","NM_013075.1 ","NP_037207.1"
"HOXA1","4032","D.rerio ","hoxa1a ","NM_131536.1 ","NP_571611.1"
"HOXA1","4032","C.elegans ","ceh-13 ","NM_066254.4 ","NP_498655.1"
"HOXB6","7366","H.sapiens","HOXB6","NM_018952.4","NP_061825.2"
"HOXB6","7366","P.troglodytes","HOXB6","XM_001172963.1","XP_001172963.1"
"HOXB6","7366","B.taurus","HOXB6","XM_882402.3","XP_887495.3"
"HOXB6","7366","M.musculus","Hoxb6","NM_008269.1","NP_032295.1"
"HOXB6","7366","R.norvegicus","Hoxb6","XM_573182.2","XP_573182.1"
"HOXB6","7366","D.rerio","hoxb6a","NM_131119.1","NP_571194.1"
"HOXB6","7366","D.rerio","hoxb6b","XM_001335154.2","XP_001335190.1"
"HOXC10","9680","H.sapiens ","HOXC10 ","NM_017409.3 ","NP_059105.2"
"HOXC10","9680","P.troglodytes ","HOXC10 ","XM_509105.2 ","XP_509105.2"
"HOXC10","9680","M.musculus ","Hoxc10 ","NM_010462.3 ","NP_034592.1"
"HOXC10","9680","R.norvegicus ","Hoxc10 ","XM_235698.4 ","XP_235698.2"
"HOXC10","9680","G.gallus ","HOXC10 ","XM_001233805.1 ","XP_001233806.1"
"HPGD","68095","H.sapiens","HPGD","NM_000860.3","NP_000851.2"
"HPGD","68095","P.troglodytes","HPGD","XM_001157531.1","XP_001157531.1"
"HPGD","68095","C.lupus","HPGD","XM_543199.2","XP_543199.1"
"HPGD","68095","B.taurus","HPGD","NM_001034419.1","NP_001029591.1"
"HPGD","68095","M.musculus","Hpgd","NM_008278.2","NP_032304.2"
"HPGD","68095","R.norvegicus","Hpgd","NM_024390.2","NP_077366.2"
"HPGD","68095","G.gallus","HPGD","XM_420526.2","XP_420526.1"
"HPGD","68095","D.rerio","LOC565975","XM_689239.3","XP_694331.3"
"HPGD","68095","A.gambiae","AgaP_AGAP0","XM_321329.4","XP_321329.4"
"HRAS","55890","H.sapiens","HRAS","NM_001130442.1","NP_001123914.1"
"HRAS","55890","P.troglodytes","HRAS","XM_521702.2","XP_521702.2"
"HRAS","55890","M.musculus","Hras1","NM_008284.1","NP_032310.1"
"HRAS","55890","R.norvegicus","Hras","XM_001061671.1","XP_001061671.1"
"HRAS","55890","G.gallus","HRAS","NM_205292.1","NP_990623.1"
"HRAS","55890","D.rerio","hras","NM_001017623.1","NP_001017623.1"
"HRAS","55890","D.rerio","hrasl","NM_001020629.1","NP_001018465.1"
"HRAS","55890","D.rerio","LOC1001510","XM_001923404.1","XP_001923439.1"
"HS3ST2","21220","H.sapiens","HS3ST2","NM_006043.1","NP_006034.1"
"HS3ST2","21220","P.troglodytes","HS3ST2","XM_523317.2","XP_523317.2"
"HS3ST2","21220","C.lupus","HS3ST2","XM_547095.2","XP_547095.2"
"HS3ST2","21220","B.taurus","HS3ST2","XM_610609.3","XP_610609.3"
"HS3ST2","21220","M.musculus","Hs3st2","NM_001081327.1","NP_001074796.1"
"HS3ST2","21220","R.norvegicus","Hs3st2","NM_181370.2","NP_852035.1"
"HS3ST2","21220","G.gallus","HS3ST2","XM_414882.2","XP_414882.2"
"HS3ST2","21220","D.rerio","hs3st2","NM_001080608.1","NP_001074077.1"
"HSP90AA1","68464","H.sapiens","HSP90AA1","NM_001017963.2","NP_001017963.2"
"HSP90AA1","68464","P.troglodytes","HSP90AA1","XM_001160832.1","XP_001160832.1"
"HSP90AA1","68464","C.lupus","LOC480438","XM_537557.2","XP_537557.2"
"HSP90AA1","68464","B.taurus","HSPCA","NM_001012670.1","NP_001012688.1"
"HSP90AA1","68464","M.musculus","Hsp90aa1","NM_010480.4","NP_034610.1"
"HSP90AA1","68464","R.norvegicus","Hsp90aa1","NM_175761.2","NP_786937.1"
"HSP90AA1","68464","D.rerio","hsp90a.2","NM_001045073.1","NP_001038538.1"
"HSP90AA1","68464","D.melanogaster","Hsp83","NM_079175.2","NP_523899.1"
"HSP90AA1","68464","A.gambiae","AgaP_AGAP0","XM_308800.4","XP_308800.3"
"HSP90AA1","68464","A.thaliana","ATHSP90.1","NM_124642.3","NP_200076.1"
"HSPB2","68189","H.sapiens","HSPB2","NM_001541.3","NP_001532.1"
"HSPB2","68189","C.lupus","HSPB2","XM_849018.1","XP_854111.1"
"HSPB2","68189","B.taurus","HSPB2","NM_001098380.1","NP_001091850.1"
"HSPB2","68189","M.musculus","Hspb2","NM_024441.2","NP_077761.2"
"HSPB2","68189","R.norvegicus","Hspb2","NM_130431.1","NP_569115.1"
"HSPB2","68189","G.gallus","HSPB2","NM_001001527.1","NP_001001527.1"
"HSPB2","68189","D.rerio","hspb2","NM_001017744.1","NP_001017744.1"
"HSPB8","8654","H.sapiens","HSPB8","NM_014365.2","NP_055180.1"
"HSPB8","8654","P.troglodytes","HSPB8","XM_509417.2","XP_509417.1"
"HSPB8","8654","C.lupus","HSPB8","NM_001003029.1","NP_001003029.1"
"HSPB8","8654","B.taurus","HSPB8","NM_001014955.1","NP_001014955.1"
"HSPB8","8654","M.musculus","Hspb8","NM_030704.2","NP_109629.1"
"HSPB8","8654","R.norvegicus","Hspb8","NM_053612.2","NP_446064.1"
"HSPB8","8654","G.gallus","HSPB8","XM_415280.1","XP_415280.1"
"HSPB8","8654","D.rerio","hspb8","NM_001100957.1","NP_001094427.1"
"HSPB8","8654","H.sapiens ","HSPB8 ","NM_014365.2 ","NP_055180.1"
"HSPB8","8654","P.troglodytes ","HSPB8 ","XM_509417.2 ","XP_509417.1"
"HSPB8","8654","C.lupus ","HSPB8 ","NM_001003029.1 ","NP_001003029.1"
"HSPB8","8654","B.taurus ","HSPB8 ","NM_001014955.1 ","NP_001014955.1"
"HSPB8","8654","M.musculus ","Hspb8 ","NM_030704.2 ","NP_109629.1"
"HSPB8","8654","R.norvegicus ","Hspb8 ","NM_053612.2 ","NP_446064.1"
"HSPB8","8654","G.gallus ","HSPB8 ","XM_415280.1 ","XP_415280.1"
"HSPB8","8654","D.rerio ","hspb8 ","NM_001100957.1 ","NP_001094427.1"
"HSPD1","1626","H.sapiens","HSPD1","NM_199440.1","NP_955472.1"
"HSPD1","1626","P.troglodytes","HSPD1","XM_001168980.1","XP_001168980.1"
"HSPD1","1626","C.lupus","HSPD1","XM_536016.2","XP_536016.2"
"HSPD1","1626","B.taurus","HSPD1","XM_001249790.2","XP_001249791.1"
"HSPD1","1626","M.musculus","Hspd1","NM_010477.3","NP_034607.2"
"HSPD1","1626","R.norvegicus","Hspd1","NM_022229.1","NP_071565.1"
"HSPD1","1626","G.gallus","HSPD1","NM_001012916.1","NP_001012934.1"
"HSPD1","1626","D.rerio","hspd1","NM_181330.3","NP_851847.1"
"HSPD1","1626","D.melanogaster","Hsp60","NM_078560.2","NP_511115.2"
"HSPD1","1626","A.gambiae","AgaP_AGAP0","XM_318461.2","XP_318461.2"
"HSPD1","1626","C.elegans","hsp-60","NM_065028.6","NP_497429.1"
"HSPD1","1626","S.pombe","hsp60","NM_001018294.1","NP_592894.1"
"HSPD1","1626","S.cerevisiae","HSP60","HSP60_6323288","NP_013360.1"
"HSPD1","1626","K.lactis","KLLA0F0944","XM_455510.1","XP_455510.1"
"HSPD1","1626","E.gossypii","AGOS_AFR15","NM_211056.1","NP_985702.1"
"HSPD1","1626","M.grisea","MGG_03165","XM_360622.2","XP_360622.2"
"HSPD1","1626","N.crassa","NCU01589.1","XM_328027.1","XP_328028.1"
"HSPD1","1626","A.thaliana","HSP60-2","NM_179872.2","NP_850203.1"
"HUWE1","45994","H.sapiens","HUWE1","NM_031407.4","NP_113584.3"
"HUWE1","45994","C.lupus","HUWE1","XM_538052.2","XP_538052.2"
"HUWE1","45994","B.taurus","HUWE1","NM_001110004.1","NP_001103474.1"
"HUWE1","45994","M.musculus","Huwe1","NM_021523.3","NP_067498.3"
"HUWE1","45994","D.rerio","LOC559439","XM_001923864.1","XP_001923899.1"
"HUWE1","45994","D.melanogaster","CG8184","NM_132831.1","NP_573059.1"
"HUWE1","45994","C.elegans","eel-1","NM_067883.3","NP_500284.2"
"HYAL1","5277","H.sapiens","HYAL1","NM_153281.1","NP_695013.1"
"HYAL1","5277","P.troglodytes","HYAL1","XM_001168739.1","XP_001168739.1"
"HYAL1","5277","C.lupus","HYAL1","XM_845674.1","XP_850767.1"
"HYAL1","5277","B.taurus","HYAL1","NM_001017941.1","NP_001017941.1"
"HYAL1","5277","M.musculus","Hyal1","NM_008317.3","NP_032343.2"
"HYAL1","5277","R.norvegicus","Hyal1","NM_207616.1","NP_997499.1"
"HYAL1","5277","G.gallus","HYAL1","XM_424356.2","XP_424356.1"
"HYAL1","5277","D.rerio","LOC567980","XM_691291.3","XP_696383.3"
"HYAL1","5277","A.gambiae","AgaP_AGAP0","XM_317823.4","XP_317823.4"
"HYAL1","5277","C.elegans","hyaluronid","NM_063429.2","NP_495830.1"
"ICOS","8097","H.sapiens ","ICOS ","NM_012092.2 ","NP_036224.1"
"ICOS","8097","P.troglodytes ","ICOS ","XM_001173460.1 ","XP_001173460.1"
"ICOS","8097","C.lupus ","ICOS ","NM_001002972.1 ","NP_001002972.1"
"ICOS","8097","B.taurus ","ICOS ","NM_001034275.1 ","NP_001029447.1"
"ICOS","8097","M.musculus ","Icos ","NM_017480.1 ","NP_059508.1"
"ICOS","8097","G.gallus ","ICOS ","XM_421959.2 ","XP_421959.1"
"IER5","7778","H.sapiens","IER5","NM_016545.4","NP_057629.2"
"IER5","7778","B.taurus","IER5","XM_601920.4","XP_601920.3"
"IER5","7778","M.musculus","Ier5","NM_010500.1","NP_034630.1"
"IER5","7778","R.norvegicus","Ier5","NM_001025137.1","NP_001020308.1"
"IER5","7778","D.rerio","ier5","NM_001007197.1","NP_001007198.1"
"IFI16","117707","H.sapiens","IFI16","NM_005531.2","NP_005522.2"
"IFI16","117707","P.troglodytes","IFI16","XM_513913.2","XP_513913.2"
"IFI16","117707","B.taurus","IFI16","XM_863928.2","XP_869021.2"
"IFI6","49720","H.sapiens","IFI6","NM_022872.2","NP_075010.1"
"IFI6","49720","P.troglodytes","G1P3","NM_001009069.1","NP_001009069.1"
"IFI6","49720","C.lupus","LOC478170","XM_535344.2","XP_535344.1"
"IFI6","49720","B.taurus","IFI6","NM_001075588.1","NP_001069056.1"
"IFITM1","74501","H.sapiens ","IFITM1 ","NM_003641.3 ","NP_003632.3"
"IFITM1","74501","C.lupus ","IFITM2 ","XM_540516.1 ","XP_540516.1"
"IFITM1","74501","C.lupus ","LOC475935 ","XM_533144.2 ","XP_533144.2"
"IFITM1","74501","C.lupus ","LOC483396 ","XM_540515.2 ","XP_540515.2"
"IFITM1","74501","R.norvegicus ","Ifitm1 ","XM_215117.4 ","XP_215117.2"
"IFNG","55526","H.sapiens","IFNG","NM_000619.2","NP_000610.2"
"IFNG","55526","P.troglodytes","IFNG","XM_001151968.1","XP_001151968.1"
"IFNG","55526","C.lupus","IFNG","NM_001003174.1","NP_001003174.1"
"IFNG","55526","B.taurus","IFNG","NM_174086.1","NP_776511.1"
"IFNG","55526","M.musculus","Ifng","NM_008337.2","NP_032363.1"
"IFNG","55526","R.norvegicus","Ifng","NM_138880.2","NP_620235.1"
"IGF1","515","H.sapiens","IGF1","NM_001111285.1","NP_001104755.1"
"IGF1","515","P.troglodytes","IGF1","XM_001156459.1","XP_001156459.1"
"IGF1","515","C.lupus","IGF1","XM_848024.1","XP_853117.1"
"IGF1","515","B.taurus","IGF1","NM_001077828.1","NP_001071296.1"
"IGF1","515","M.musculus","Igf1","NM_184052.2","NP_908941.1"
"IGF1","515","R.norvegicus","Igf1","NM_178866.2","NP_849197.1"
"IGF1","515","G.gallus","IGF1","NM_001004384.1","NP_001004384.1"
"IGF1","515","D.rerio","igf1","NM_131825.2","NP_571900.1"
"IGF2 ","510","H.sapiens","IGF2","NM_001127598.1","NP_001121070.1"
"IGF2 ","510","P.troglodytes","IGF2","XM_001153640.1","XP_001153640.1"
"IGF2 ","510","C.lupus","IGF2","XM_858107.1","XP_863200.1"
"IGF2 ","510","B.taurus","IGF2","NM_174087.3","NP_776512.2"
"IGF2 ","510","M.musculus","Igf2","NM_010514.2","NP_034644.1"
"IGF2 ","510","R.norvegicus","Igf2","NM_031511.1","NP_113699.1"
"IGF2 ","510","G.gallus","IGF2","XM_421026.2","XP_421026.2"
"IGF2 ","510","D.rerio","igf2b","NM_001001815.1","NP_001001815.1"
"IGF2 ","510","D.rerio","igf2a","NM_131433.1","NP_571508.1"
"IGFBP2","499","H.sapiens","IGFBP2","NM_000597.2","NP_000588.2"
"IGFBP2","499","P.troglodytes","IGFBP2","XM_516234.2","XP_516234.2"
"IGFBP2","499","C.lupus","IGFBP2","XM_545637.2","XP_545637.2"
"IGFBP2","499","B.taurus","IGFBP2","NM_174555.1","NP_776980.1"
"IGFBP2","499","M.musculus","Igfbp2","NM_008342.2","NP_032368.2"
"IGFBP2","499","R.norvegicus","Igfbp2","NM_013122.1","NP_037254.1"
"IGFBP2","499","G.gallus","IGFBP2","NM_205359.1","NP_990690.1"
"IGFBP2","499","D.rerio","igfbp2b","NM_131458.1","NP_571533.1"
"IGFBP2","499","D.rerio","igfbp2a","XM_001335453.2","XP_001335489.2"
"IGFBP3","500","H.sapiens","IGFBP3","NM_001013398.1","NP_001013416.1"
"IGFBP3","500","P.troglodytes","IGFBP3","XM_519084.2","XP_519084.2"
"IGFBP3","500","C.lupus","IGFBP3","XM_548740.2","XP_548740.2"
"IGFBP3","500","B.taurus","IGFBP3","NM_174556.1","NP_776981.1"
"IGFBP3","500","M.musculus","Igfbp3","NM_008343.2","NP_032369.2"
"IGFBP3","500","R.norvegicus","Igfbp3","NM_012588.1","NP_036720.1"
"IGFBP3","500","D.rerio","igfbp3","NM_205751.2","NP_991314.2"
"IGFBP5","56489","H.sapiens","IGFBP5","NM_000599.3","NP_000590.1"
"IGFBP5","56489","C.lupus","IGFBP5","XM_847792.1","XP_852885.1"
"IGFBP5","56489","B.taurus","IGFBP5","NM_001105327.1","NP_001098797.1"
"IGFBP5","56489","M.musculus","Igfbp5","NM_010518.2","NP_034648.2"
"IGFBP5","56489","R.norvegicus","Igfbp5","NM_012817.1","NP_036949.1"
"IGFBP5","56489","G.gallus","IGFBP5","XM_422069.2","XP_422069.2"
"IGFBP6","1641","H.sapiens","IGFBP6","NM_002178.2","NP_002169.1"
"IGFBP6","1641","P.troglodytes","IGFBP6","XM_509089.2","XP_509089.2"
"IGFBP6","1641","C.lupus","IGFBP6","XM_844250.1","XP_849343.1"
"IGFBP6","1641","B.taurus","IGFBP6","NM_001040495.1","NP_001035585.1"
"IGFBP6","1641","M.musculus","Igfbp6","NM_008344.2","NP_032370.1"
"IGFBP6","1641","R.norvegicus","Igfbp6","NM_013104.2","NP_037236.1"
"IGFBP6","1641","D.rerio","LOC564803","XM_688133.1","XP_693225.1"
"IGFBP6","1641","D.rerio","LOC1001503","XM_001922550.1","XP_001922585.1"
"IL10","478","H.sapiens","IL10","NM_000572.2","NP_000563.1"
"IL10","478","P.troglodytes","IL10","XM_525040.2","XP_525040.1"
"IL10","478","C.lupus","IL10","XM_850467.1","XP_855560.1"
"IL10","478","B.taurus","IL10","NM_174088.1","NP_776513.1"
"IL10","478","M.musculus","Il10","NM_010548.1","NP_034678.1"
"IL10","478","R.norvegicus","Il10","NM_012854.1","NP_036986.1"
"IL10","478","G.gallus","IL10","NM_001004414.1","NP_001004414.1"
"IL10","478","D.rerio","il10","NM_001020785.2","NP_001018621.2"
"IL18","1200","H.sapiens","IL18","NM_001562.2","NP_001553.1"
"IL18","1200","P.troglodytes","IL18","XM_001146844.1","XP_001146844.1"
"IL18","1200","C.lupus","IL18","NM_001003169.1","NP_001003169.1"
"IL18","1200","B.taurus","IL18","NM_174091.2","NP_776516.1"
"IL18","1200","M.musculus","Il18","NM_008360.1","NP_032386.1"
"IL18","1200","R.norvegicus","Il18","NM_019165.1","NP_062038.1"
"IL1A","480","H.sapiens","IL1A","NM_000575.3","NP_000566.3"
"IL1A","480","P.troglodytes","IL1A","XM_525866.2","XP_525866.1"
"IL1A","480","C.lupus","IL1A","NM_001003157.1","NP_001003157.1"
"IL1A","480","B.taurus","IL1A","NM_174092.1","NP_776517.1"
"IL1A","480","M.musculus","Il1a","NM_010554.4","NP_034684.2"
"IL1A","480","R.norvegicus","Il1a","NM_017019.1","NP_058715.1"
"IL1RN","11163","H.sapiens","IL1RN","NM_173842.1","NP_776214.1"
"IL1RN","11163","P.troglodytes","IL1RN","XM_001147954.1","XP_001147954.1"
"IL1RN","11163","C.lupus","IL1RN","NM_001003096.1","NP_001003096.1"
"IL1RN","11163","B.taurus","IL1RN","NM_174357.2","NP_776782.1"
"IL1RN","11163","M.musculus","Il1rn","NM_001039701.2","NP_001034790.1"
"IL1RN","11163","R.norvegicus","Il1rn","NM_022194.2","NP_071530.1"
"IL32","0","-","-","-","-"
"IL6","502","H.sapiens","IL6","NM_000600.2","NP_000591.1"
"IL6","502","P.troglodytes","IL6","XM_001154511.1","XP_001154511.1"
"IL6","502","C.lupus","IL6","XM_850499.1","XP_855592.1"
"IL6","502","B.taurus","IL6","NM_173923.2","NP_776348.1"
"IL6","502","M.musculus","Il6","NM_031168.1","NP_112445.1"
"IL6","502","R.norvegicus","Il6","NM_012589.1","NP_036721.1"
"IL6","502","G.gallus","IL6","NM_204628.1","NP_989959.1"
"IL8","47937","H.sapiens","IL8","NM_000584.2","NP_000575.1"
"IL8","47937","P.troglodytes","IL8","XM_001156375.1","XP_001156375.1"
"IL8","47937","C.lupus","IL8","XM_850481.1","XP_855574.1"
"IL8","47937","B.taurus","IL8","NM_173925.2","NP_776350.1"
"IL8","47937","G.gallus","IL8","NM_205018.1","NP_990349.1"
"IL8","47937","G.gallus","IL8","NM_205498.1","NP_990829.1"
"ILF2","26894","H.sapiens","ILF2","NM_004515.2","NP_004506.2"
"ILF2","26894","P.troglodytes","ILF2","XM_001142693.1","XP_001142693.1"
"ILF2","26894","C.lupus","ILF2","XM_860930.1","XP_866023.1"
"ILF2","26894","B.taurus","ILF2","NM_001038187.1","NP_001033276.1"
"ILF2","26894","M.musculus","Ilf2","NM_026374.3","NP_080650.1"
"ILF2","26894","G.gallus","ILF2","XM_423437.2","XP_423437.2"
"ILF2","26894","D.rerio","ilf2","NM_213236.1","NP_998401.1"
"ILF2","26894","D.melanogaster","CG5641","NM_141939.2","NP_650196.1"
"ILF2","26894","A.gambiae","AgaP_AGAP0","XM_321062.4","XP_321062.4"
"ILF2","26894","C.elegans","R11H6.5","NM_074213.3","NP_506614.1"
"IMP3 ","6120","H.sapiens","IMP3","NM_018285.2","NP_060755.1"
"IMP3 ","6120","P.troglodytes","IMP3","XM_510683.2","XP_510683.2"
"IMP3 ","6120","C.lupus","IMP3","XM_544781.2","XP_544781.1"
"IMP3 ","6120","B.taurus","IMP3","NM_001079588.1","NP_001073056.1"
"IMP3 ","6120","M.musculus","Imp3","NM_133976.2","NP_598737.1"
"IMP3 ","6120","R.norvegicus","Imp3","XM_236276.4","XP_236276.4"
"IMP3 ","6120","G.gallus","IMP3","XM_001233604.1","XP_001233605.1"
"IMP3 ","6120","D.rerio","zgc:56526","NM_200267.1","NP_956561.1"
"IMP3 ","6120","D.melanogaster","CG4866","NM_137380.2","NP_611224.1"
"IMP3 ","6120","A.gambiae","AgaP_AGAP0","XM_316402.3","XP_316402.2"
"IMP3 ","6120","C.elegans","C48B6.2","NM_059571.4","NP_491972.1"
"IMP3 ","6120","S.pombe","SPAC19D5.0","NM_001020332.1","NP_594903.1"
"IMP3 ","6120","S.cerevisiae","IMP3","IMP3_6321942","NP_012018.1"
"IMP3 ","6120","K.lactis","KLLA0E1603","XM_454669.1","XP_454669.1"
"IMP3 ","6120","E.gossypii","AGOS_ADL13","NM_209318.1","NP_983965.1"
"IMP3 ","6120","M.grisea","MGG_04201","XM_361727.1","XP_361727.1"
"IMP3 ","6120","N.crassa","NCU01008.1","XM_326500.1","XP_326501.1"
"IMP3 ","6120","A.thaliana","AT5G15750","NM_121580.2","NP_568321.1"
"IMP3 ","6120","O.sativa","Os04g06621","NM_001060689.1","NP_001054154.1"
"IMP3 ","6120","P.falciparum","PF14_0584","XM_001348722.1","XP_001348758.1"
"INPP5E","56863","H.sapiens","INPP5E","NM_019892.3","NP_063945.2"
"INPP5E","56863","C.lupus","INPP5E","XM_844115.1","XP_849208.1"
"INPP5E","56863","B.taurus","INPP5E","XM_582780.2","XP_582780.2"
"INPP5E","56863","M.musculus","Inpp5e","NM_033134.2","NP_149125.1"
"INPP5E","56863","G.gallus","INPP5E","XM_415418.2","XP_415418.2"
"INPP5E","56863","D.rerio","zgc:165612","NM_001102619.1","NP_001096089.1"
"IPO5","1710","H.sapiens","IPO5","NM_002271.4","NP_002262.3"
"IPO5","1710","P.troglodytes","IPO5","XM_001140931.1","XP_001140931.1"
"IPO5","1710","C.lupus","IPO5","XM_542647.2","XP_542647.2"
"IPO5","1710","M.musculus","Ipo5","NM_023579.3","NP_076068.1"
"IPO5","1710","R.norvegicus","Ipo5","XM_224534.4","XP_224534.4"
"IPO5","1710","G.gallus","IPO5","XM_416978.2","XP_416978.2"
"IPO5","1710","D.rerio","kpnb3","XM_692846.3","XP_697938.2"
"IPO5","1710","D.melanogaster","Karybeta3","NM_079502.2","NP_524226.1"
"IPO5","1710","A.gambiae","AgaP_AGAP0","XM_310308.6","XP_310308.5"
"IPO5","1710","C.elegans","imb-3","NM_058314.3","NP_490715.1"
"IPO5","1710","S.pombe","pse1","NM_001023492.1","NP_588502.1"
"IPO5","1710","S.cerevisiae","PSE1","PSE1_6323968","NP_014039.1"
"IPO5","1710","K.lactis","KLLA0C1415","XM_452833.1","XP_452833.1"
"IPO5","1710","E.gossypii","AGOS_AGL34","NM_211380.1","NP_986318.1"
"IPO5","1710","M.grisea","MGG_03537","XM_360994.2","XP_360994.2"
"IPO5","1710","N.crassa","NCU02357.1","XM_331132.1","XP_331133.1"
"IPO5","1710","A.thaliana","emb2734","NM_121987.2","NP_197483.1"
"IPO5","1710","O.sativa","Os07g05751","NM_001066612.1","NP_001060077.1"
"IPO5","1710","P.falciparum","PFE1195w","XM_001351760.1","XP_001351796.1"
"IRF3","1208","H.sapiens","IRF3","NM_001571.4","NP_001562.1"
"IRF3","1208","P.troglodytes","IRF3","XM_001157487.1","XP_001157487.1"
"IRF3","1208","C.lupus","IRF3","XM_533616.2","XP_533616.2"
"IRF3","1208","B.taurus","IRF3","NM_001029845.2","NP_001025016.1"
"IRF3","1208","M.musculus","Irf3","NM_016849.3","NP_058545.1"
"IRF3","1208","R.norvegicus","Irf3","NM_001006969.1","NP_001006970.1"
"IRF3","1208","D.rerio","irf3","XM_688177.3","XP_693269.2"
"ITGA1","57137","H.sapiens","ITGA1","NM_181501.1","NP_852478.1"
"ITGA1","57137","P.troglodytes","ITGA1","XM_517769.2","XP_517769.2"
"ITGA1","57137","C.lupus","ITGA1","XM_546328.2","XP_546328.2"
"ITGA1","57137","B.taurus","ITGA1","XM_616068.3","XP_616068.3"
"ITGA1","57137","M.musculus","Itga1","NM_001033228.2","NP_001028400.1"
"ITGA1","57137","R.norvegicus","Itga1","NM_030994.1","NP_112256.1"
"ITGA1","57137","G.gallus","ITGA1","NM_205069.1","NP_990400.1"
"ITGA1","57137","D.rerio","LOC570868","XM_694393.2","XP_699485.2"
"ITGA4","37364","H.sapiens","ITGA4","NM_000885.4","NP_000876.3"
"ITGA4","37364","P.troglodytes","ITGA4","XM_525977.2","XP_525977.2"
"ITGA4","37364","C.lupus","ITGA4","XM_545551.2","XP_545551.2"
"ITGA4","37364","B.taurus","ITGA4","NM_174748.1","NP_777173.1"
"ITGA4","37364","M.musculus","Itga4","NM_010576.3","NP_034706.3"
"ITGA4","37364","R.norvegicus","Itga4","XM_230033.4","XP_230033.4"
"ITGA4","37364","G.gallus","ITGA4","XM_421974.2","XP_421974.2"
"ITGA6","20091","H.sapiens","ITGA6","NM_001079818.1","NP_001073286.1"
"ITGA6","20091","P.troglodytes","ITGA6","XM_515909.2","XP_515909.2"
"ITGA6","20091","C.lupus","ITGA6","XM_535964.2","XP_535964.2"
"ITGA6","20091","B.taurus","ITGA6","NM_001109981.1","NP_001103451.1"
"ITGA6","20091","M.musculus","Itga6","NM_008397.3","NP_032423.2"
"ITGA6","20091","R.norvegicus","Itga6","XM_215984.4","XP_215984.4"
"ITGA6","20091","G.gallus","ITGA6","NM_205289.1","NP_990620.1"
"ITGA6","20091","D.rerio","itga6","XM_001922966.1","XP_001923001.1"
"ITGAV ","20510","H.sapiens","ITGAV","NM_002210.3","NP_002201.1"
"ITGAV ","20510","P.troglodytes","ITGAV","XM_515967.2","XP_515967.2"
"ITGAV ","20510","C.lupus","ITGAV","XM_845896.1","XP_850989.1"
"ITGAV ","20510","B.taurus","ITGAV","NM_174367.1","NP_776792.1"
"ITGAV ","20510","M.musculus","Itgav","NM_008402.1","NP_032428.1"
"ITGAV ","20510","R.norvegicus","Itgav","XM_230950.4","XP_230950.4"
"ITGAV ","20510","G.gallus","ITGAV","NM_205439.1","NP_990770.1"
"ITGAV ","20510","D.rerio","itgav","XM_001918522.1","XP_001918557.1"
"ITGAV ","20510","D.melanogaster","if","NM_078654.2","NP_523378.2"
"ITGAV ","20510","A.gambiae","AgaP_AGAP0","XM_311131.4","XP_311131.4"
"ITGB1","22999","H.sapiens","ITGB1","NM_033668.2","NP_391988.1"
"ITGB1","22999","P.troglodytes","ITGB1","XM_507735.2","XP_507735.2"
"ITGB1","22999","C.lupus","ITGB1","XM_535143.2","XP_535143.2"
"ITGB1","22999","B.taurus","ITGB1","NM_174368.2","NP_776793.1"
"ITGB1","22999","M.musculus","Itgb1","NM_010578.1","NP_034708.1"
"ITGB1","22999","R.norvegicus","Itgb1","NM_017022.1","NP_058718.1"
"ITGB1","22999","G.gallus","ITGB1","NM_001039254.1","NP_001034343.1"
"ITGB1","22999","D.rerio","itgb1a","NM_001034971.1","NP_001030143.1"
"ITGB1","22999","D.rerio","itgb1b","NM_001034987.1","NP_001030159.1"
"ITGB1","22999","D.rerio","LOC1001500","XM_001918527.1","XP_001918562.1"
"ITGB1","22999","D.melanogaster","mys","NM_080054.2","NP_524793.2"
"ITGB1","22999","A.gambiae","INTB","XM_311354.4","XP_311354.2"
"ITGB1","22999","C.elegans","pat-3","NM_065386.4","NP_497787.1"
"ITGB2","20092","H.sapiens","ITGB2","NM_000211.3","NP_000202.2"
"ITGB2","20092","P.troglodytes","ITGB2","NM_001034122.1","NP_001029294.1"
"ITGB2","20092","B.taurus","ITGB2","NM_175781.1","NP_786975.1"
"ITGB2","20092","M.musculus","Itgb2","NM_008404.3","NP_032430.2"
"ITGB2","20092","R.norvegicus","Itgb2","XM_001069791.1","XP_001069791.1"
"ITGB2","20092","G.gallus","ITGB2","NM_205251.1","NP_990582.1"
"ITGB2","20092","D.rerio","LOC557797","XM_680920.3","XP_686012.3"
"ITGB8","18567","H.sapiens","ITGB8","NM_002214.2","NP_002205.1"
"ITGB8","18567","P.troglodytes","ITGB8","XM_518987.2","XP_518987.2"
"ITGB8","18567","C.lupus","ITGB8","XM_532487.1","XP_532487.1"
"ITGB8","18567","B.taurus","ITGB8","XM_616412.4","XP_616412.3"
"ITGB8","18567","M.musculus","Itgb8","NM_177290.3","NP_796264.2"
"ITGB8","18567","R.norvegicus","Itgb8","XM_343126.3","XP_343127.2"
"ITGB8","18567","G.gallus","ITGB8","XM_418706.2","XP_418706.2"
"ITGB8","18567","D.rerio","itgb8","XM_001919591.1","XP_001919626.1"
"ITM2C","11186","H.sapiens","ITM2C","NM_030926.4","NP_112188.1"
"ITM2C","11186","P.troglodytes","ITM2C","XM_516140.2","XP_516140.2"
"ITM2C","11186","C.lupus","ITM2C","XM_543282.2","XP_543282.2"
"ITM2C","11186","B.taurus","ITM2C","NM_001081538.1","NP_001075007.1"
"ITM2C","11186","M.musculus","Itm2c","NM_022417.2","NP_071862.1"
"ITM2C","11186","R.norvegicus","Itm2c","NM_001009674.1","NP_001009674.1"
"ITM2C","11186","G.gallus","ITM2C","XM_422643.2","XP_422643.2"
"ITM2C","11186","D.rerio","itm2ca","NM_001002549.1","NP_001002549.1"
"ITM2C","11186","D.rerio","itm2cb","NM_199980.1","NP_956274.1"
"IVL","86915","H.sapiens","IVL","NM_005547.2","NP_005538.2"
"IVL","86915","P.troglodytes","IVL","XM_001136672.1","XP_001136672.1"
"IVL","86915","C.lupus","IVL","XM_846680.1","XP_851773.1"
"IVL","86915","B.taurus","IVL","NM_001105320.1","NP_001098790.1"
"IVL","86915","R.norvegicus","LOC688954","XM_001068964.1","XP_001068964.1"
"JAK1","1678","H.sapiens","JAK1","NM_002227.2","NP_002218.2"
"JAK1","1678","P.troglodytes","JAK1","XM_001161295.1","XP_001161295.1"
"JAK1","1678","C.lupus","JAK1","XM_860057.1","XP_865150.1"
"JAK1","1678","M.musculus","Jak1","NM_146145.2","NP_666257.2"
"JAK1","1678","R.norvegicus","Jak1","XM_342872.3","XP_342873.3"
"JAK1","1678","G.gallus","JAK1","NM_204870.1","NP_990201.1"
"JAK1","1678","D.rerio","jak1","NM_131073.1","NP_571148.1"
"JUNB","7390","H.sapiens","JUNB","NM_002229.2","NP_002220.1"
"JUNB","7390","P.troglodytes","JUNB","XM_524126.2","XP_524126.2"
"JUNB","7390","C.lupus","JUNB","XM_542043.2","XP_542043.1"
"JUNB","7390","B.taurus","JUNB","NM_001075656.1","NP_001069124.1"
"JUNB","7390","M.musculus","Junb","NM_008416.1","NP_032442.1"
"JUNB","7390","R.norvegicus","Junb","NM_021836.2","NP_068608.2"
"JUNB","7390","D.rerio","junb","NM_213556.3","NP_998721.2"
"JUNB","7390","D.rerio","junbl","NM_212750.1","NP_997915.1"
"KCNC4","68427","H.sapiens","KCNC4","NM_001039574.1","NP_001034663.1"
"KCNC4","68427","P.troglodytes","KCNC4","XM_513651.2","XP_513651.2"
"KCNC4","68427","C.lupus","KCNC4","XM_547235.2","XP_547235.2"
"KCNC4","68427","B.taurus","KCNC4","XM_613047.4","XP_613047.3"
"KCNC4","68427","M.musculus","Kcnc4","NM_145922.2","NP_666034.1"
"KCNC4","68427","D.rerio","DKEY-71L10","XM_001923984.1","XP_001924019.1"
"KCNJ4","3653","H.sapiens","KCNJ4","NM_004981.1","NP_004972.1"
"KCNJ4","3653","P.troglodytes","KCNJ4","XM_525593.2","XP_525593.2"
"KCNJ4","3653","C.lupus","KCNJ4","XM_538374.2","XP_538374.2"
"KCNJ4","3653","M.musculus","Kcnj4","NM_008427.2","NP_032453.2"
"KCNJ4","3653","R.norvegicus","Kcnj4","NM_053870.2","NP_446322.2"
"KCNJ4","3653","G.gallus","KCNJ4","XM_416263.2","XP_416263.2"
"KCNJ4","3653","D.rerio","LOC1001481","XM_001922207.1","XP_001922242.1"
"KIAA1324","23249","H.sapiens","KIAA1324","NM_020775.2","NP_065826.2"
"KIAA1324","23249","C.lupus","LOC479917","XM_537043.2","XP_537043.2"
"KIAA1324","23249","B.taurus","LOC784449","XM_001252338.2","XP_001252339.1"
"KIAA1324","23249","M.musculus","5330417C22","NM_001033304.1","NP_001028476.1"
"KIAA1324","23249","D.rerio","si:ch211-1","XM_690959.2","XP_696051.1"
"KIT","187","H.sapiens","KIT","NM_000222.2","NP_000213.1"
"KIT","187","P.troglodytes","KIT","XM_517285.2","XP_517285.2"
"KIT","187","C.lupus","KIT","NM_001003181.1","NP_001003181.1"
"KIT","187","B.taurus","KIT","XM_612028.4","XP_612028.4"
"KIT","187","M.musculus","Kit","NM_021099.2","NP_066922.1"
"KIT","187","R.norvegicus","Kit","NM_022264.1","NP_071600.1"
"KIT","187","G.gallus","KIT","NM_204361.1","NP_989692.1"
"KIT","187","D.rerio","kita","NM_131053.1","NP_571128.1"
"KIT","187","D.rerio","kitb","XM_686809.3","XP_691901.3"
"KITLG","692","H.sapiens","KITLG","NM_000899.3","NP_000890.1"
"KITLG","692","P.troglodytes","KITLG","XM_509255.2","XP_509255.2"
"KITLG","692","C.lupus","KITLG","NM_001012735.1","NP_001012753.1"
"KITLG","692","B.taurus","KITLG","NM_174375.2","NP_776800.1"
"KITLG","692","M.musculus","Kitl","NM_013598.1","NP_038626.1"
"KITLG","692","R.norvegicus","Kitlg","NM_021843.2","NP_068615.1"
"KITLG","692","G.gallus","KITLG","NM_205130.1","NP_990461.1"
"KLF3","7396","H.sapiens","KLF3","NM_016531.5","NP_057615.3"
"KLF3","7396","P.troglodytes","KLF3","XM_517146.2","XP_517146.2"
"KLF3","7396","C.lupus","KLF3","XM_545954.2","XP_545954.2"
"KLF3","7396","B.taurus","KLF3","XM_608827.4","XP_608827.4"
"KLF3","7396","M.musculus","Klf3","NM_008453.3","NP_032479.1"
"KLF3","7396","R.norvegicus","Klf3","XM_223423.4","XP_223423.4"
"KLF3","7396","G.gallus","KLF3","XM_427367.2","XP_427367.2"
"KLF3","7396","D.rerio","klf3","NM_131859.2","NP_571934.2"
"KLK10","26428","H.sapiens","KLK10","NM_001077500.1","NP_001070968.1"
"KLK10","26428","P.troglodytes","KLK10","XM_001174085.1","XP_001174085.1"
"KLK10","26428","B.taurus","KLK10","NM_001075890.1","NP_001069358.1"
"KLK10","26428","M.musculus","Klk10","NM_133712.2","NP_598473.1"
"KLK10","26428","R.norvegicus","Klk10","NM_001004100.1","NP_001004100.1"
"KLK11","27048","H.sapiens","KLK11","NM_144947.1","NP_659196.1"
"KLK11","27048","P.troglodytes","KLK11","XM_001174067.1","XP_001174067.1"
"KLK11","27048","C.lupus","KLK11","XM_533604.2","XP_533604.2"
"KLK11","27048","B.taurus","KLK11","XM_605111.3","XP_605111.3"
"KLK11","27048","M.musculus","Klk11","NM_019974.1","NP_064358.1"
"KLK11","27048","R.norvegicus","Klk11","XM_218645.4","XP_218645.4"
"KLK12","44690","H.sapiens","KLK12","NM_145894.1","NP_665901.1"
"KLK12","44690","P.troglodytes","KLK12","XM_001174143.1","XP_001174143.1"
"KLK12","44690","C.lupus","KLK12","XM_849479.1","XP_854572.1"
"KLK12","44690","B.taurus","KLK12","XM_870781.2","XP_875874.2"
"KLK12","44690","M.musculus","Klk12","XM_893506.2","XP_898599.1"
"KLK12","44690","R.norvegicus","Klk12","XM_218644.4","XP_218644.3"
"KLK13","56714","H.sapiens","KLK13","NM_015596.1","NP_056411.1"
"KLK13","56714","P.troglodytes","KLK13","XM_001160106.1","XP_001160106.1"
"KLK13","56714","C.lupus","KLK13","XM_541465.2","XP_541465.2"
"KLK13","56714","B.taurus","KLK13","XM_593029.3","XP_593029.3"
"KLK13","56714","M.musculus","Klk13","NM_001039042.2","NP_001034131.2"
"KLK13","56714","R.norvegicus","Klk13","XM_218643.3","XP_218643.3"
"KLK2","68141","H.sapiens ","KLK2 ","NM_005551.3 ","NP_005542.1"
"KLK2","68141","P.troglodytes ","KLK2 ","XM_001174026.1 ","XP_001174026.1"
"KLK2","68141","M.musculus ","Klk1b1 ","NM_010645.2 ","NP_034775.1"
"KLK2","68141","M.musculus ","Klk1b16 ","NM_008454.2 ","NP_032480.1"
"KLK2","68141","M.musculus ","Klk1b8 ","NM_008457.2 ","NP_032483.1"
"KLK2","68141","M.musculus ","Klk1b26 ","NM_010644.1 ","NP_034774.1"
"KLK2","68141","M.musculus ","Klk1 ","NM_010639.6 ","NP_034769.4"
"KLK2","68141","M.musculus ","Klk1b5 ","NM_008456.2 ","NP_032482.1"
"KLK2","68141","M.musculus ","Klk1b9 ","NM_010116.1 ","NP_034246.1"
"KLK2","68141","M.musculus ","Klk1b3 ","NM_008693.1 ","NP_032719.1"
"KLK2","68141","M.musculus ","Klk1b11 ","NM_010640.1 ","NP_034770.1"
"KLK2","68141","M.musculus ","Klk1b24 ","NM_010643.1 ","NP_034773.1"
"KLK2","68141","M.musculus ","Klk1b27 ","NM_020268.2 ","NP_064664.1"
"KLK2","68141","M.musculus ","Klk1b21 ","NM_010642.1 ","NP_034772.1"
"KLK2","68141","M.musculus ","Klk1b22 ","NM_010114.1 ","NP_034244.1"
"KLK2","68141","M.musculus ","Klk1b4 ","NM_010915.2 ","NP_035045.1"
"KLK7","37998","H.sapiens","KLK7","NM_005046.2","NP_005037.1"
"KLK7","37998","P.troglodytes","KLK7","XM_524357.2","XP_524357.2"
"KLK7","37998","C.lupus","KLK7","XM_849491.1","XP_854584.1"
"KLK7","37998","B.taurus","KLK7","NM_001075256.1","NP_001068724.1"
"KLK7","37998","M.musculus","Klk7","NM_011872.2","NP_036002.1"
"KLK7","37998","R.norvegicus","Klk7","XM_218649.3","XP_218649.1"
"KLK7","37998","D.melanogaster","CG32808","NM_166886.1","NP_726740.1"
"KLK8","21410","H.sapiens","KLK8","NM_144505.1","NP_653088.1"
"KLK8","21410","P.troglodytes","KLK8","XM_001174106.1","XP_001174106.1"
"KLK8","21410","C.lupus","KLK8","XM_541468.2","XP_541468.2"
"KLK8","21410","B.taurus","KLK8","XM_870768.3","XP_875861.3"
"KLK8","21410","M.musculus","Klk8","NM_008940.2","NP_032966.1"
"KLK8","21410","R.norvegicus","Klk8","XM_218648.3","XP_218648.1"
"KRAS","37990","H.sapiens","KRAS","NM_004985.3","NP_004976.2"
"KRAS","37990","P.troglodytes","KRAS","XM_528758.2","XP_528758.2"
"KRAS","37990","C.lupus","HRAS","XM_540523.2","XP_540523.2"
"KRAS","37990","B.taurus","KRAS","NM_001110001.1","NP_001103471.1"
"KRAS","37990","M.musculus","Kras","NM_021284.4","NP_067259.3"
"KRAS","37990","R.norvegicus","Kras","NM_031515.1","NP_113703.1"
"KRAS","37990","G.gallus","KRAS","XM_416436.2","XP_416436.1"
"KRAS","37990","D.rerio","kras","NM_001003744.1","NP_001003744.1"
"KRAS","37990","D.melanogaster","Ras85D","NM_057351.3","NP_476699.1"
"KRAS","37990","A.gambiae","AgaP_AGAP0","XM_307965.4","XP_307965.3"
"KRAS","37990","C.elegans","let-60","NM_069812.2","NP_502213.3"
"KRT1","38146","H.sapiens","KRT1","NM_006121.3","NP_006112.3"
"KRT1","38146","P.troglodytes","KRT1","XM_001139224.1","XP_001139224.1"
"KRT1","38146","C.lupus","KRT1","NM_001003392.1","NP_001003392.1"
"KRT1","38146","M.musculus","Krt1","NM_008473.2","NP_032499.2"
"KRT1","38146","R.norvegicus","Krt1","NM_001008802.1","NP_001008802.1"
"KRT10","20125","H.sapiens","KRT10","NM_000421.3","NP_000412.3"
"KRT10","20125","P.troglodytes","KRT10","XM_001169499.1","XP_001169499.1"
"KRT10","20125","C.lupus","KRT10","NM_001013425.1","NP_001013443.1"
"KRT10","20125","B.taurus","LOC1001389","XM_001788728.1","XP_001788780.1"
"KRT10","20125","B.taurus","KRT10","NM_174377.1","NP_776802.1"
"KRT10","20125","M.musculus","Krt10","NM_010660.2","NP_034790.2"
"KRT10","20125","R.norvegicus","Krt10","NM_001008804.1","NP_001008804.1"
"KRT10","20125","G.gallus","KRT10","XM_001235181.1","XP_001235182.1"
"KRT10","20125","G.gallus","KRT9","XM_418163.2","XP_418163.2"
"KRT13","40740","H.sapiens","KRT13","NM_002274.3","NP_002265.2"
"KRT13","40740","C.lupus","KRT13","XM_857251.1","XP_862344.1"
"KRT13","40740","B.taurus","KRT15","XM_865653.3","XP_870746.3"
"KRT13","40740","M.musculus","Krt13","NM_010662.1","NP_034792.1"
"KRT13","40740","R.norvegicus","Krt13","NM_001004021.1","NP_001004021.1"
"KRT15","1712","H.sapiens ","KRT15 ","NM_002275.3 ","NP_002266.2"
"KRT15","1712","B.taurus ","LOC1001395","XM_001790484.1 ","XP_001790536.1"
"KRT15","1712","M.musculus ","Krt15 ","NM_008469.1 ","NP_032495.1"
"KRT15","1712","R.norvegicus ","Krt15 ","NM_001004022.2 ","NP_001004022.1"
"KRT15","1712","G.gallus ","KRT15 ","NM_001001312.1 ","NP_001001312.1"
"KRT17","363","H.sapiens","KRT17","NM_000422.2","NP_000413.1"
"KRT17","363","P.troglodytes","KRT17","XM_523650.2","XP_523650.2"
"KRT17","363","C.lupus","KRT17","XM_548100.2","XP_548100.1"
"KRT17","363","B.taurus","KRT17","NM_001105322.1","NP_001098792.1"
"KRT17","363","M.musculus","Krt17","NM_010663.2","NP_034793.1"
"KRT17","363","R.norvegicus","Krt17","NM_212545.2","NP_997710.1"
"KRT17","363","D.rerio","zgc:92061","NM_001002383.1","NP_001002383.1"
"KRT17","363","D.rerio","cyt1l","NM_001082882.1","NP_001076351.1"
"KRT17","363","D.rerio","krt1-19d","XM_001342753.2","XP_001342789.2"
"KRT17","363","D.rerio","zgc:109868","NM_001017824.1","NP_001017824.1"
"KRT17","363","D.rerio","krt15","NM_213523.1","NP_998688.1"
"KRT17","363","D.rerio","zgc:92533","NM_001003445.1","NP_001003445.1"
"KRT17","363","D.rerio","si:dkeyp-1","NM_001114342.1","NP_001107814.1"
"KRT17","363","D.rerio","cyt1","NM_131107.1","NP_571182.1"
"KRT17","363","D.rerio","si:dkeyp-1","NM_001083105.1","NP_001076574.1"
"KRT18","55448","H.sapiens","KRT18","NM_199187.1","NP_954657.1"
"KRT18","55448","P.troglodytes","KRT18","XM_509083.2","XP_509083.2"
"KRT18","55448","C.lupus","KRT18","XM_534794.2","XP_534794.1"
"KRT18","55448","B.taurus","KRT18","XM_582930.4","XP_582930.2"
"KRT18","55448","M.musculus","Krt18","NM_010664.1","NP_034794.1"
"KRT18","55448","R.norvegicus","Krt18","NM_053976.1","NP_446428.1"
"KRT18","55448","D.rerio","krt18","NM_178437.2","NP_848524.1"
"KRT18","55448","D.rerio","zgc:77517","NM_200568.1","NP_956862.1"
"KRT19","105650","H.sapiens ","KRT19 ","NM_002276.4 ","NP_002267.2"
"KRT19","105650","P.troglodytes ","KRT19 ","XM_511487.2 ","XP_511487.2"
"KRT3","62202","H.sapiens ","KRT3 ","NM_057088.2 ","NP_476429.2"
"KRT3","62202","P.troglodytes ","KRT3 ","XM_522398.2 ","XP_522398.2"
"KRT4","20523","H.sapiens","KRT4","NM_002272.2","NP_002263.2"
"KRT4","20523","B.taurus","KRT4","NM_001098385.1","NP_001091855.1"
"KRT4","20523","M.musculus","Krt4","NM_008475.2","NP_032501.2"
"KRT4","20523","R.norvegicus","Krt4","NM_001008806.1","NP_001008806.1"
"KRT4","20523","G.gallus","KRT4","XM_001231585.1","XP_001231586.1"
"KRT6B","108190","H.sapiens","KRT6B","NM_005555.3","NP_005546.2"
"KRT6B","108190","P.troglodytes","KRT6B","XM_001143262.1","XP_001143262.1"
"KRT7","4058","H.sapiens","KRT7","NM_005556.3","NP_005547.3"
"KRT7","4058","P.troglodytes","KRT7","XM_522383.2","XP_522383.2"
"KRT7","4058","C.lupus","KRT7","XM_534795.2","XP_534795.2"
"KRT7","4058","B.taurus","KRT7","NM_001046411.1","NP_001039876.1"
"KRT7","4058","M.musculus","Krt7","NM_033073.2","NP_149064.1"
"KRT7","4058","R.norvegicus","Krt7","XM_217035.4","XP_217035.2"
"KRT7","4058","D.rerio","LOC568321","XM_691644.3","XP_696736.2"
"KRT8","55643","H.sapiens","KRT8","NM_002273.3","NP_002264.1"
"KRT8","55643","P.troglodytes","KRT8","XM_001158862.1","XP_001158862.1"
"KRT8","55643","C.lupus","KRT8","XM_543639.2","XP_543639.2"
"KRT8","55643","B.taurus","KRT8","NM_001033610.1","NP_001028782.1"
"KRT8","55643","M.musculus","Krt8","NM_031170.2","NP_112447.2"
"KRT8","55643","R.norvegicus","Krt8","NM_199370.1","NP_955402.1"
"KRT8","55643","G.gallus","KRT8","XM_424502.2","XP_424502.2"
"KRT8","55643","D.rerio","krt8","NM_200080.2","NP_956374.1"
"KRT8","55643","D.rerio","krt5","NM_131156.1","NP_571231.1"
"KRT8","55643","D.rerio","krt4","NM_131509.1","NP_571584.1"
"KRTHA3B","117698","H.sapiens","KRT33B","NM_002279.3","NP_002270.1"
"KRTHA3B","117698","P.troglodytes","KRT33B","XM_001168093.1","XP_001168093.1"
"KRTHA3B","117698","M.musculus","Krt33b","XM_981536.2","XP_986630.2"
"LAMA5","4060","H.sapiens","LAMA5","NM_005560.3","NP_005551.3"
"LAMA5","4060","C.lupus","LAMA5","XM_850102.1","XP_855195.1"
"LAMA5","4060","B.taurus","LAMA5","XM_583244.4","XP_583244.3"
"LAMA5","4060","M.musculus","Lama5","NM_001081171.1","NP_001074640.1"
"LAMA5","4060","R.norvegicus","Lama5","XM_215963.4","XP_215963.4"
"LAMA5","4060","D.rerio","lama5","NM_001039171.1","NP_001034260.1"
"LAMA5","4060","D.melanogaster","LanA","NM_057269.2","NP_476617.1"
"LAMA5","4060","A.gambiae","AgaP_AGAP0","XM_315098.4","XP_315098.3"
"LAMA5","4060","C.elegans","epi-1","NM_001028111.2","NP_001023282.1"
"LARP7","88843","H.sapiens","LARP7","NM_015454.1","NP_056269.1"
"LARP7","88843","P.troglodytes","LARP7","XM_001144338.1","XP_001144338.1"
"LARP7","88843","C.lupus","LARP7","XM_535698.2","XP_535698.2"
"LARP7","88843","B.taurus","LARP7","XM_001787678.1","XP_001787730.1"
"LARP7","88843","M.musculus","Larp7","NM_138593.2","NP_613059.2"
"LARP7","88843","R.norvegicus","Larp7l","XM_001077220.1","XP_001077220.1"
"LARP7","88843","G.gallus","LARP7","XM_420643.2","XP_420643.2"
"LARP7","88843","D.rerio","zgc:56476","NM_199930.1","NP_956224.1"
"LARP7","88843","D.melanogaster","mxc","NM_080056.3","NP_524795.2"
"LARP7","88843","A.gambiae","AgaP_AGAP0","XM_317298.4","XP_317298.4"
"LDHA","56495","H.sapiens","LDHA","NM_005566.3","NP_005557.1"
"LDHA","56495","P.troglodytes","LDHA","NM_001034096.1","NP_001029268.1"
"LDHA","56495","C.lupus","LDHA","XM_860260.1","XP_865353.1"
"LDHA","56495","B.taurus","LDHA","NM_174099.2","NP_776524.1"
"LDHA","56495","B.taurus","LDHA","XM_001251828.2","XP_001251829.1"
"LDHA","56495","M.musculus","Ldha","NM_010699.1","NP_034829.1"
"LDHA","56495","R.norvegicus","Ldha","NM_017025.1","NP_058721.1"
"LDHA","56495","R.norvegicus","RGD1562690","XM_576374.2","XP_576374.1"
"LDHA","56495","G.gallus","LDHA","NM_205284.1","NP_990615.1"
"LDHA","56495","D.rerio","ldha","NM_131246.1","NP_571321.1"
"LDHA","56495","D.melanogaster","ImpL3","NM_057233.3","NP_476581.1"
"LDHA","56495","A.gambiae","AgaP_AGAP0","XM_314306.4","XP_314306.2"
"LDHA","56495","C.elegans","ldh-1","NM_064102.4","NP_496503.1"
"LDHA","56495","A.thaliana","AT4G17260","NM_117832.3","NP_193459.1"
"LDHA","56495","O.sativa","Os06g01049","NM_001063087.1","NP_001056552.1"
"LDHA","56495","O.sativa","Os02g01054","NM_001052154.1","NP_001045619.1"
"LGALS7","100509","H.sapiens","LGALS7B","NM_001042507.3","NP_001035972.1"
"LGALS7","100509","H.sapiens","LGALS7","NM_002307.3","NP_002298.1"
"LGALS7","100509","B.taurus","LGALS7","XM_001255072.2","XP_001255073.1"
"LGALS7","100509","M.musculus","Lgals7","NM_008496.4","NP_032522.2"
"LGALS7","100509","R.norvegicus","Lgals7","NM_022582.1","NP_072104.1"
"LGR5","20807","H.sapiens","LGR5","NM_003667.2","NP_003658.1"
"LGR5","20807","B.taurus","LGR5","XM_598424.3","XP_598424.3"
"LGR5","20807","M.musculus","Lgr5","NM_010195.2","NP_034325.2"
"LGR5","20807","R.norvegicus","Lgr5","XM_235149.4","XP_235149.4"
"LGR5","20807","G.gallus","LGR5","XM_425441.2","XP_425441.2"
"LGR5","20807","D.melanogaster","rk","NM_134277.1","NP_599104.1"
"LGR5","20807","A.gambiae","GPRRK","XM_317111.1","XP_317111.1"
"LHFPL4","14943","H.sapiens","LHFPL4","NM_198560.2","NP_940962.1"
"LHFPL4","14943","P.troglodytes","LHFPL4","XM_517037.2","XP_517037.2"
"LHFPL4","14943","C.lupus","LHFPL4","XM_541784.2","XP_541784.2"
"LHFPL4","14943","B.taurus","LHFPL4","NM_001076226.1","NP_001069694.1"
"LHFPL4","14943","M.musculus","Lhfpl4","NM_177763.3","NP_808431.2"
"LHFPL4","14943","R.norvegicus","Lhfpl4","NM_181387.2","NP_852052.1"
"LHFPL4","14943","D.rerio","LOC1001515","XM_001922198.1","XP_001922233.1"
"LHFPL4","14943","C.elegans","F26D10.11","NM_070665.1","NP_503066.1"
"LMX1A","24921","H.sapiens","LMX1A","NM_177398.2","NP_796372.1"
"LMX1A","24921","P.troglodytes","LMX1A","XM_001174542.1","XP_001174542.1"
"LMX1A","24921","C.lupus","LMX1A","XM_846259.1","XP_851352.1"
"LMX1A","24921","B.taurus","LOC510296","XM_001789182.1","XP_001789234.1"
"LMX1A","24921","M.musculus","Lmx1a","NM_033652.3","NP_387501.1"
"LMX1A","24921","R.norvegicus","Lmx1a","XM_222902.4","XP_222902.3"
"LSM3","6548","H.sapiens","LSM3","NM_014463.1","NP_055278.1"
"LSM3","6548","P.troglodytes","LSM3","XM_001157526.1","XP_001157526.1"
"LSM3","6548","C.lupus","LSM3","XM_844182.1","XP_849275.1"
"LSM3","6548","B.taurus","LSM3","NM_001037487.1","NP_001032564.1"
"LSM3","6548","M.musculus","Lsm3","NM_026309.2","NP_080585.1"
"LSM3","6548","R.norvegicus","Lsm3","XM_216220.3","XP_216220.1"
"LSM3","6548","G.gallus","LSM3","XM_414380.2","XP_414380.1"
"LSM3","6548","D.melanogaster","CG31184","NM_170107.2","NP_732931.1"
"LSM3","6548","C.elegans","lsm-3","NM_070178.3","NP_502579.1"
"LSM3","6548","A.thaliana","AT1G76860","NM_106337.2","NP_177812.1"
"LSM3","6548","A.thaliana","AT1G21190","NM_101972.4","NP_173542.1"
"LSM3","6548","O.sativa","Os01g08667","NM_001051444.1","NP_001044909.1"
"LSMD1","23766","H.sapiens","LSMD1","NM_032356.3","NP_115732.2"
"LSMD1","23766","P.troglodytes","LSMD1","XM_523826.2","XP_523826.1"
"LSMD1","23766","C.lupus","LOC479488","XM_536626.2","XP_536626.1"
"LSMD1","23766","M.musculus","Lsmd1","NM_030083.2","NP_084359.1"
"LSMD1","23766","R.norvegicus","Lsmd1","XM_213347.4","XP_213347.1"
"LSMD1","23766","G.gallus","LSMD1","XM_423923.2","XP_423923.1"
"LY6D","2742","H.sapiens","LY6D","NM_003695.2","NP_003686.1"
"LY6D","2742","P.troglodytes","LY6D","XM_001150525.1","XP_001150525.1"
"LY6D","2742","C.lupus","LY6D","XM_846316.1","XP_851409.1"
"LY6D","2742","B.taurus","LY6D","NM_001076517.1","NP_001069985.1"
"LY6D","2742","B.taurus","LY6D","XM_001253695.2","XP_001253696.2"
"LY6D","2742","M.musculus","Ly6d","NM_010742.1","NP_034872.1"
"LYPLA1","100781","H.sapiens ","LYPLA1 ","NM_006330.2 ","NP_006321.1"
"LYPLA1","100781","P.troglodytes ","LYPLA1 ","XM_519760.2 ","XP_519760.2"
"LYPLA1","100781","C.lupus ","LYPLA1 ","XM_846195.1 ","XP_851288.1"
"LYPLA1","100781","B.taurus ","LYPLA1 ","NM_001034688.1 ","NP_001029860.1"
"LYPLA1","100781","M.musculus ","Lypla1 ","NM_008866.2 ","NP_032892.1"
"LYPLA1","100781","R.norvegicus ","Lypla1 ","NM_013006.1 ","NP_037138.1"
"LYPLA1","100781","D.rerio ","lypla1 ","NM_001017616.1 ","NP_001017616.1"
"LYPLA1","100781","C.elegans ","ath-1 ","NM_059812.4 ","NP_492213.1"
"LYPLA1","100781","A.thaliana ","SOBER1 ","NM_118356.2 ","NP_193961.2"
"LYPLA1","100781","O.sativa ","Os04g06695","NM_001060739.1 ","NP_001054204.1"
"MAL","7827","H.sapiens","MAL","NM_002371.2","NP_002362.1"
"MAL","7827","P.troglodytes","MAL","XM_001142580.1","XP_001142580.1"
"MAL","7827","C.lupus","MAL","NM_001003253.1","NP_001003253.1"
"MAL","7827","B.taurus","MAL","NM_001075428.1","NP_001068896.1"
"MAL","7827","M.musculus","Mal","NM_010762.4","NP_034892.1"
"MAL","7827","R.norvegicus","Mal","NM_012798.1","NP_036930.1"
"MAL","7827","G.gallus","MAL","XM_415004.2","XP_415004.2"
"MAL","7827","D.rerio","zgc:112003","NM_001017686.1","NP_001017686.1"
"MAL","7827","D.rerio","zgc:153665","NM_001077463.1","NP_001070931.1"
"MAL","7827","D.rerio","zgc:158773","NM_001082411.1","NP_001075880.1"
"MAP3K11","37618","H.sapiens","MAP3K11","NM_002419.3","NP_002410.1"
"MAP3K11","37618","P.troglodytes","MAP3K11","XM_508556.2","XP_508556.2"
"MAP3K11","37618","C.lupus","MAP3K11","XM_540853.2","XP_540853.2"
"MAP3K11","37618","B.taurus","MAP3K11","NM_001101991.1","NP_001095461.1"
"MAP3K11","37618","M.musculus","Map3k11","NM_022012.3","NP_071295.2"
"MAP3K11","37618","R.norvegicus","Map3k11","NM_001013150.1","NP_001013168.1"
"MBNL2","76766","H.sapiens","MBNL2","NM_144778.2","NP_659002.1"
"MBNL2","76766","P.troglodytes","MBNL2","XM_001141210.1","XP_001141210.1"
"MBNL2","76766","C.lupus","MBNL2","XM_854403.1","XP_859496.1"
"MBNL2","76766","M.musculus","Mbnl2","NM_175341.4","NP_780550.1"
"MBNL2","76766","G.gallus","MBNL2","XM_416979.2","XP_416979.2"
"MBNL2","76766","D.rerio","mbnl2","NM_001099998.1","NP_001093468.1"
"MBNL2","76766","D.melanogaster","mbl","NM_176211.1","NP_788391.1"
"MCM2","3325","H.sapiens","MCM2","NM_004526.2","NP_004517.2"
"MCM2","3325","P.troglodytes","MCM2","XM_001136645.1","XP_001136645.1"
"MCM2","3325","C.lupus","MCM2","XM_541736.2","XP_541736.2"
"MCM2","3325","B.taurus","MCM2","XM_864352.3","XP_869445.3"
"MCM2","3325","M.musculus","Mcm2","NM_008564.1","NP_032590.1"
"MCM2","3325","R.norvegicus","Mcm2","XM_232168.4","XP_232168.3"
"MCM2","3325","G.gallus","MCM2","NM_001006139.1","NP_001006139.1"
"MCM2","3325","D.rerio","mcm2","NM_173257.1","NP_775364.1"
"MCM2","3325","D.melanogaster","Mcm2","NM_057773.3","NP_477121.1"
"MCM2","3325","A.gambiae","AgaP_AGAP0","XM_313198.4","XP_313198.4"
"MCM2","3325","C.elegans","mcm-2","NM_001027245.3","NP_001022416.1"
"MCM2","3325","S.pombe","cdc19","NM_001021388.1","NP_595477.1"
"MCM2","3325","S.cerevisiae","MCM2","MCM2_6319448","NP_009530.1"
"MCM2","3325","K.lactis","KLLA0F1258","XM_455649.1","XP_455649.1"
"MCM2","3325","E.gossypii","AGOS_AFR17","NM_211079.1","NP_985725.1"
"MCM2","3325","M.grisea","MGG_08122","XM_362539.1","XP_362539.1"
"MCM2","3325","N.crassa","NCU04327.1","XM_323666.1","XP_323667.1"
"MCM2","3325","A.thaliana","AT1G44900","NM_103572.4","NP_175112.2"
"MCM2","3325","O.sativa","Os11g04843","NM_001074442.1","NP_001067910.1"
"MCM2","3325","P.falciparum","PF14_0177","XM_001348314.1","XP_001348350.1"
"MCM3","1791","H.sapiens","MCM3","NM_002388.3","NP_002379.2"
"MCM3","1791","P.troglodytes","MCM3","XM_001151750.1","XP_001151750.1"
"MCM3","1791","C.lupus","MCM3","XM_538960.2","XP_538960.2"
"MCM3","1791","B.taurus","MCM3","NM_001013586.1","NP_001013604.1"
"MCM3","1791","M.musculus","Mcm3","NM_008563.2","NP_032589.1"
"MCM3","1791","R.norvegicus","Mcm3","XM_236988.4","XP_236988.4"
"MCM3","1791","G.gallus","MCM3","NM_001006421.1","NP_001006421.1"
"MCM3","1791","D.rerio","mcm3","NM_212567.1","NP_997732.1"
"MCM3","1791","D.melanogaster","Mcm3","NM_078493.2","NP_511048.2"
"MCM3","1791","A.gambiae","AgaP_AGAP0","XM_322026.4","XP_322026.2"
"MCM3","1791","S.pombe","mcm3","NM_001022788.1","NP_587795.1"
"MCM3","1791","S.cerevisiae","MCM3","MCM3_6320803","NP_010882.1"
"MCM3","1791","K.lactis","KLLA0E2233","XM_454957.1","XP_454957.1"
"MCM3","1791","E.gossypii","AGOS_AFR35","NM_211257.1","NP_985902.1"
"MCM3","1791","M.grisea","MGG_01759","XM_363833.2","XP_363833.2"
"MCM3","1791","N.crassa","NCU08009.1","XM_328714.1","XP_328715.1"
"MCM3","1791","A.thaliana","AT5G46280","NM_123997.2","NP_199440.1"
"MCM3","1791","O.sativa","Os05g04762","NM_001062370.1","NP_001055835.1"
"MCM3","1791","P.falciparum","PFE1345c","XM_001351790.1","XP_001351826.1"
"MCM4","40496","H.sapiens","MCM4","NM_005914.2","NP_005905.2"
"MCM4","40496","P.troglodytes","MCM4","XM_528129.2","XP_528129.2"
"MCM4","40496","C.lupus","MCM4","XM_535063.2","XP_535063.2"
"MCM4","40496","B.taurus","MCM4","NM_001075158.1","NP_001068626.1"
"MCM4","40496","M.musculus","Mcm4","NM_008565.2","NP_032591.2"
"MCM4","40496","R.norvegicus","Mcm4","XM_344048.2","XP_344049.1"
"MCM4","40496","G.gallus","MCM4","XM_424376.2","XP_424376.2"
"MCM4","40496","D.rerio","mcm4","NM_198913.1","NP_944595.1"
"MCM4","40496","D.melanogaster","dpa","NM_057837.3","NP_477185.1"
"MCM4","40496","A.gambiae","AgaP_AGAP0","XM_315054.3","XP_315054.2"
"MCM4","40496","C.elegans","mcm-4","NM_058561.4","NP_490962.1"
"MCM4","40496","S.pombe","cdc21","NM_001022995.1","NP_588004.2"
"MCM4","40496","S.cerevisiae","MCM4","MCM4_6325276","NP_015344.1"
"MCM4","40496","K.lactis","KLLA0C1751","XM_452982.1","XP_452982.1"
"MCM4","40496","E.gossypii","AGOS_ADL02","NM_209424.1","NP_984071.1"
"MCM4","40496","M.grisea","MGG_09293","XM_364448.2","XP_364448.2"
"MCM4","40496","N.crassa","NCU02539.1","XM_331737.1","XP_331738.1"
"MCM4","40496","A.thaliana","AT2G16440","NM_127197.4","NP_179236.3"
"MCM4","40496","P.falciparum","PF13_0095","XM_001349870.1","XP_001349906.1"
"MCM5","4904","H.sapiens","MCM5","NM_006739.3","NP_006730.2"
"MCM5","4904","P.troglodytes","MCM5","XM_001156025.1","XP_001156025.1"
"MCM5","4904","C.lupus","MCM5","XM_848041.1","XP_853134.1"
"MCM5","4904","B.taurus","MCM5","NM_001075290.1","NP_001068758.1"
"MCM5","4904","M.musculus","Mcm5","NM_008566.2","NP_032592.2"
"MCM5","4904","R.norvegicus","Mcm5","XM_226316.4","XP_226316.4"
"MCM5","4904","G.gallus","MCM5","NM_001006243.1","NP_001006243.1"
"MCM5","4904","D.rerio","mcm5","NM_178436.3","NP_848523.2"
"MCM5","4904","D.melanogaster","Mcm5","NM_079584.2","NP_524308.2"
"MCM5","4904","A.gambiae","AgaP_AGAP0","XM_313694.2","XP_313694.2"
"MCM5","4904","C.elegans","mcm-5","NM_065457.3","NP_497858.1"
"MCM5","4904","S.cerevisiae","MCM5","MCM5_6323304","NP_013376.1"
"MCM5","4904","K.lactis","KLLA0D0926","XM_453475.1","XP_453475.1"
"MCM5","4904","E.gossypii","AGOS_AGR27","NM_212004.1","NP_986942.1"
"MCM5","4904","M.grisea","MGG_08646","XM_363062.1","XP_363062.1"
"MCM5","4904","N.crassa","NCU01171.1","XM_326663.1","XP_326664.1"
"MCM5","4904","A.thaliana","AT2G07690","NM_126771.5","NP_178812.1"
"MCM5","4904","O.sativa","Os02g07974","NM_001054931.1","NP_001048396.1"
"MCM5","4904","P.falciparum","PFL0580w","XM_001350489.1","XP_001350525.1"
"MDM2","1793","H.sapiens","MDM2","NM_001145336.1","NP_001138808.1"
"MDM2","1793","P.troglodytes","MDM2","XM_001154940.1","XP_001154940.1"
"MDM2","1793","C.lupus","MDM2","NM_001003103.1","NP_001003103.1"
"MDM2","1793","B.taurus","MDM2","NM_001099107.1","NP_001092577.1"
"MDM2","1793","M.musculus","Mdm2","NM_010786.3","NP_034916.1"
"MDM2","1793","R.norvegicus","Mdm2","XM_235169.4","XP_235169.4"
"MDM2","1793","D.rerio","mdm2","NM_131364.1","NP_571439.1"
"ME1","20540","H.sapiens","ME1","NM_002395.3","NP_002386.1"
"ME1","20540","P.troglodytes","ME1","XM_518610.2","XP_518610.2"
"ME1","20540","C.lupus","ME1","XM_532217.2","XP_532217.2"
"ME1","20540","B.taurus","ME1","XM_613987.4","XP_613987.4"
"ME1","20540","M.musculus","Me1","NM_008615.1","NP_032641.1"
"ME1","20540","R.norvegicus","Me1","NM_012600.1","NP_036732.1"
"ME1","20540","G.gallus","ME1","NM_204303.1","NP_989634.1"
"ME1","20540","D.melanogaster","Mdh","NM_143702.2","NP_651959.1"
"ME1","20540","A.gambiae","AgaP_AGAP0","XM_313043.4","XP_313043.4"
"ME1","20540","A.thaliana","ATNADP-ME1","NM_127548.3","NP_179580.1"
"ME1","20540","O.sativa","Os01g07435","NM_001050754.1","NP_001044219.1"
"MEF2A","4080","H.sapiens","MEF2A","NM_005587.2","NP_005578.2"
"MEF2A","4080","P.troglodytes","MEF2A","XM_001139415.1","XP_001139415.1"
"MEF2A","4080","C.lupus","MEF2A","XM_852904.1","XP_857997.1"
"MEF2A","4080","B.taurus","MEF2A","NM_001083638.1","NP_001077107.1"
"MEF2A","4080","M.musculus","Mef2a","NM_001033713.1","NP_001028885.1"
"MEF2A","4080","G.gallus","MEF2A","NM_204864.1","NP_990195.1"
"MEF2A","4080","D.rerio","mef2a","NM_131301.1","NP_571376.1"
"MEF2A","4080","D.melanogaster","Mef2","NM_057670.2","NP_477018.1"
"MEF2A","4080","A.gambiae","AgaP_AGAP0","XM_564631.3","XP_564631.3"
"MET","206","H.sapiens","MET","NM_001127500.1","NP_001120972.1"
"MET","206","P.troglodytes","MET","XM_001138791.1","XP_001138791.1"
"MET","206","C.lupus","MET","NM_001002963.1","NP_001002963.1"
"MET","206","B.taurus","MET","NM_001012999.2","NP_001013017.2"
"MET","206","M.musculus","Met","NM_008591.1","NP_032617.1"
"MET","206","R.norvegicus","Met","NM_031517.1","NP_113705.1"
"MET","206","G.gallus","MET","NM_205212.1","NP_990543.1"
"MET","206","D.rerio","LOC1001506","XM_001922642.1","XP_001922677.1"
"MET","206","D.rerio","met","NM_001007124.1","NP_001007125.1"
"MGMT","31089","H.sapiens","MGMT","NM_002412.3","NP_002403.2"
"MGMT","31089","P.troglodytes","MGMT","XM_001142341.1","XP_001142341.1"
"MGMT","31089","C.lupus","MGMT","NM_001003376.1","NP_001003376.1"
"MGMT","31089","B.taurus","MGMT","XM_001249417.2","XP_001249418.1"
"MGMT","31089","M.musculus","Mgmt","NM_008598.2","NP_032624.1"
"MGMT","31089","R.norvegicus","Mgmt","NM_012861.1","NP_036993.1"
"MGMT","31089","G.gallus","MGMT","XM_421823.2","XP_421823.2"
"MGMT","31089","D.rerio","Mgmt","XM_679387.2","XP_684479.2"
"MLH1","208","H.sapiens","MLH1","NM_000249.2","NP_000240.1"
"MLH1","208","P.troglodytes","MLH1","XM_001170433.1","XP_001170433.1"
"MLH1","208","C.lupus","MLH1","XM_534219.2","XP_534219.2"
"MLH1","208","B.taurus","MLH1","XM_001790552.1","XP_001790604.1"
"MLH1","208","M.musculus","Mlh1","NM_026810.1","NP_081086.1"
"MLH1","208","R.norvegicus","Mlh1","NM_031053.1","NP_112315.1"
"MLH1","208","G.gallus","MLH1","XM_418828.1","XP_418828.1"
"MLH1","208","D.rerio","mlh1","NM_200659.1","NP_956953.1"
"MLH1","208","D.melanogaster","Mlh1","NM_057674.2","NP_477022.1"
"MLH1","208","A.gambiae","AgaP_AGAP0","XM_320342.4","XP_320342.4"
"MLH1","208","S.pombe","mlh1","NM_001022118.1","NP_596199.1"
"MLH1","208","S.cerevisiae","MLH1","MLH1_6323819","NP_013890.1"
"MLH1","208","K.lactis","KLLA0D0995","XM_453504.1","XP_453504.1"
"MLH1","208","E.gossypii","AGOS_AFL19","NM_210705.1","NP_985351.1"
"MLH1","208","M.grisea","MGG_07121","XM_367196.2","XP_367196.2"
"MLH1","208","N.crassa","NCU08309.1","XM_329014.1","XP_329015.1"
"MLH1","208","P.falciparum","PF11_0184","XM_001347819.1","XP_001347855.1"
"MLLT4","21202","H.sapiens","MLLT4","NM_001040001.1","NP_001035090.1"
"MLLT4","21202","P.troglodytes","MLLT4","XM_518857.2","XP_518857.2"
"MLLT4","21202","C.lupus","MLLT4","XM_541201.2","XP_541201.2"
"MLLT4","21202","B.taurus","MLLT4","XM_581038.3","XP_581038.3"
"MLLT4","21202","M.musculus","Mllt4","XM_890447.2","XP_895540.2"
"MLLT4","21202","R.norvegicus","Mllt4","NM_013217.1","NP_037349.1"
"MLLT4","21202","G.gallus","MLLT4","XM_419605.2","XP_419605.2"
"MLLT4","21202","D.rerio","CH211-278J","XM_681563.3","XP_686655.3"
"MLLT4","21202","D.melanogaster","cno","NM_079508.2","NP_524232.2"
"MLLT4","21202","A.gambiae","AgaP_AGAP0","XM_001230625.2","XP_001230626.2"
"MMP1","20544","H.sapiens","MMP1","NM_002421.2","NP_002412.1"
"MMP1","20544","P.troglodytes","MMP1","XM_508722.2","XP_508722.2"
"MMP1","20544","C.lupus","MMP1","XM_546546.2","XP_546546.2"
"MMP1","20544","B.taurus","MMP1","NM_174112.1","NP_776537.1"
"MMP1","20544","M.musculus","Mmp1a","NM_032006.3","NP_114395.1"
"MMP1","20544","R.norvegicus","Mmp1a","XM_235794.3","XP_235794.2"
"MMP1","20544","G.gallus","MMP1","XM_417176.1","XP_417176.1"
"MMP10","20546","H.sapiens","MMP10","NM_002425.1","NP_002416.1"
"MMP10","20546","P.troglodytes","MMP10","XM_001153881.1","XP_001153881.1"
"MMP10","20546","M.musculus","Mmp10","NM_019471.2","NP_062344.1"
"MMP10","20546","R.norvegicus","Mmp10","NM_133514.1","NP_598198.1"
"MMP10","20546","D.rerio","zgc:136396","NM_001040291.1","NP_001035381.1"
"MMP11","38116","H.sapiens","MMP11","NM_005940.3","NP_005931.2"
"MMP11","38116","P.troglodytes","MMP11","XM_515022.2","XP_515022.2"
"MMP11","38116","C.lupus","MMP11","XM_543534.2","XP_543534.2"
"MMP11","38116","B.taurus","MMP11","XM_584877.3","XP_584877.3"
"MMP11","38116","M.musculus","Mmp11","NM_008606.2","NP_032632.1"
"MMP11","38116","R.norvegicus","Mmp11","NM_012980.1","NP_037112.1"
"MMP11","38116","G.gallus","MMP11","XM_001232776.1","XP_001232777.1"
"MMP11","38116","D.rerio","mmp11b","XM_689061.3","XP_694153.2"
"MMP11","38116","D.rerio","mmp11a","XM_687113.3","XP_692205.3"
"MMP12","20547","H.sapiens","MMP12","NM_002426.3","NP_002417.2"
"MMP12","20547","P.troglodytes","MMP12","XM_508724.2","XP_508724.2"
"MMP12","20547","C.lupus","MMP12","XM_849501.1","XP_854594.1"
"MMP12","20547","B.taurus","MMP12","XM_605366.4","XP_605366.4"
"MMP12","20547","M.musculus","Mmp12","NM_008605.3","NP_032631.3"
"MMP12","20547","R.norvegicus","Mmp12","NM_053963.1","NP_446415.1"
"MMP13","20548","H.sapiens","MMP13","NM_002427.2","NP_002418.1"
"MMP13","20548","P.troglodytes","MMP13","XM_001154361.1","XP_001154361.1"
"MMP13","20548","C.lupus","MMP13","XM_536598.2","XP_536598.2"
"MMP13","20548","B.taurus","MMP13","NM_174389.2","NP_776814.1"
"MMP13","20548","M.musculus","Mmp13","NM_008607.1","NP_032633.1"
"MMP13","20548","R.norvegicus","Mmp13","XM_343345.3","XP_343346.1"
"MMP13","20548","G.gallus","MMP13","XM_001235209.1","XP_001235210.1"
"MMP13","20548","D.rerio","wu:fi36g12","XM_001345471.2","XP_001345507.1"
"MMP14","21040","H.sapiens","MMP14","NM_004995.2","NP_004986.1"
"MMP14","21040","P.troglodytes","MMP14","XM_001157686.1","XP_001157686.1"
"MMP14","21040","C.lupus","MMP14","XM_843664.1","XP_848757.1"
"MMP14","21040","B.taurus","MMP14","NM_174390.2","NP_776815.1"
"MMP14","21040","M.musculus","Mmp14","NM_008608.2","NP_032634.2"
"MMP14","21040","R.norvegicus","Mmp14","NM_031056.1","NP_112318.1"
"MMP14","21040","D.rerio","mmp14a","NM_194416.1","NP_919397.1"
"MMP14","21040","D.melanogaster","Mmp1","NM_166683.1","NP_726473.1"
"MMP14","21040","A.gambiae","AgaP_AGAP0","XM_001688055.1","XP_001688107.1"
"MMP2","3329","H.sapiens","MMP2","NM_004530.4","NP_004521.1"
"MMP2","3329","P.troglodytes","MMP2","XM_001167520.1","XP_001167520.1"
"MMP2","3329","C.lupus","MMP2","XM_535300.2","XP_535300.2"
"MMP2","3329","B.taurus","MMP2","NM_174745.2","NP_777170.1"
"MMP2","3329","M.musculus","Mmp2","NM_008610.2","NP_032636.1"
"MMP2","3329","R.norvegicus","Mmp2","NM_031054.1","NP_112316.1"
"MMP2","3329","G.gallus","MMP2","NM_204420.1","NP_989751.1"
"MMP2","3329","D.rerio","mmp2","NM_198067.1","NP_932333.1"
"MMP3","20545","H.sapiens","MMP3","NM_002422.3","NP_002413.1"
"MMP3","20545","P.troglodytes","MMP3","XM_508723.2","XP_508723.2"
"MMP3","20545","C.lupus","MMP3","NM_001002967.1","NP_001002967.1"
"MMP3","20545","B.taurus","MMP3","XM_586521.2","XP_586521.2"
"MMP3","20545","M.musculus","Mmp3","NM_010809.1","NP_034939.1"
"MMP3","20545","R.norvegicus","Mmp3","NM_133523.1","NP_598207.1"
"MMP3","20545","G.gallus","MMP3","XM_417175.2","XP_417175.1"
"MMP9","3659","H.sapiens","MMP9","NM_004994.2","NP_004985.2"
"MMP9","3659","P.troglodytes","MMP9","XM_514689.2","XP_514689.2"
"MMP9","3659","C.lupus","MMP9","NM_001003219.1","NP_001003219.1"
"MMP9","3659","B.taurus","MMP9","NM_174744.2","NP_777169.1"
"MMP9","3659","M.musculus","Mmp9","NM_013599.2","NP_038627.1"
"MMP9","3659","R.norvegicus","Mmp9","NM_031055.1","NP_112317.1"
"MMP9","3659","G.gallus","MMP9","NM_204667.1","NP_989998.1"
"MMP9","3659","D.rerio","mmp9","NM_213123.1","NP_998288.1"
"MMP9","3659","A.thaliana","AT2G45040","NM_130068.2","NP_182030.1"
"MRPL11","6768","H.sapiens","MRPL11","NM_016050.3","NP_057134.1"
"MRPL11","6768","P.troglodytes","MRPL11","XM_522076.2","XP_522076.1"
"MRPL11","6768","C.lupus","MRPL11","XM_533221.2","XP_533221.1"
"MRPL11","6768","B.taurus","MRPL11","NM_001014932.1","NP_001014932.1"
"MRPL11","6768","M.musculus","Mrpl11","NM_025553.2","NP_079829.1"
"MRPL11","6768","R.norvegicus","mrpl11","NM_001006973.1","NP_001006974.1"
"MRPL11","6768","D.rerio","zgc:92770","NM_001002556.1","NP_001002556.1"
"MRPL11","6768","D.melanogaster","mRpL11","NM_079627.2","NP_524351.1"
"MRPL11","6768","A.gambiae","AgaP_AGAP0","XM_312637.2","XP_312637.2"
"MRPL11","6768","C.elegans","B0303.15","NM_066522.3","NP_498923.1"
"MRPL11","6768","S.pombe","mrpl19","NM_001019519.1","NP_594095.1"
"MRPL11","6768","S.cerevisiae","MRPL19","MRPL19_6324144","NP_014214.1"
"MRPL11","6768","K.lactis","KLLA0D0843","XM_453438.1","XP_453438.1"
"MRPL11","6768","E.gossypii","AGOS_ABL14","NM_208156.1","NP_982803.1"
"MRPL11","6768","M.grisea","MGG_06071","XM_369393.1","XP_369393.1"
"MRPL11","6768","N.crassa","NCU04336.1","XM_323688.1","XP_323689.1"
"MRPL11","6768","A.thaliana","MRPL11","NM_119714.3","NP_195274.1"
"MRPL11","6768","O.sativa","Os10g04662","NM_001071338.1","NP_001064803.1"
"MRPL11","6768","P.falciparum","PF11_0113","XM_001347750.1","XP_001347786.1"
"MRPS2 ","99837","H.sapiens","MRPS2","NM_016034.3","NP_057118.1"
"MRPS2 ","99837","P.troglodytes","MRPS2","XM_520354.2","XP_520354.2"
"MRPS2 ","99837","C.lupus","MRPS2","XM_845298.1","XP_850391.1"
"MRPS2 ","99837","B.taurus","MRPS2","NM_001098877.1","NP_001092347.1"
"MRPS2 ","99837","M.musculus","Mrps2","NM_080452.2","NP_536700.2"
"MRPS2 ","99837","R.norvegicus","Mrps2","XM_342398.3","XP_342399.3"
"MRPS2 ","99837","D.rerio","zgc:158760","NM_001080693.1","NP_001074162.1"
"MRPS2 ","99837","D.melanogaster","mRpS2","NM_078749.3","NP_523473.2"
"MRPS2 ","99837","A.gambiae","AgaP_AGAP0","XM_320639.4","XP_320639.4"
"MRPS2 ","99837","C.elegans","T23B12.3","NM_072779.3","NP_505180.1"
"MRPS2 ","99837","S.pombe","mrp4","NM_001019460.1","NP_594035.1"
"MRPS2 ","99837","S.cerevisiae","MRP4","MRP4_6321782","NP_011859.1"
"MRPS2 ","99837","K.lactis","KLLA0B1351","XM_452133.1","XP_452133.1"
"MRPS2 ","99837","E.gossypii","AGOS_ABR01","NM_208309.1","NP_982956.1"
"MRPS2 ","99837","M.grisea","MGG_04331","XM_361857.1","XP_361857.1"
"MRPS2 ","99837","A.thaliana","rps2","rps2_7525022","NP_051048.1"
"MRPS2 ","99837","O.sativa","rps2","rps2_2_10915659","YP_654209.1"
"MRPS23","41101","H.sapiens","MRPS23","NM_016070.2","NP_057154.2"
"MRPS23","41101","P.troglodytes","MRPS23","XM_511903.2","XP_511903.2"
"MRPS23","41101","C.lupus","MRPS23","XM_847262.1","XP_852355.1"
"MRPS23","41101","B.taurus","MRPS23","NM_001046192.1","NP_001039657.1"
"MRPS23","41101","M.musculus","Mrps23","NM_024174.5","NP_077136.2"
"MRPS23","41101","R.norvegicus","Mrps23","XM_340874.3","XP_340875.3"
"MRPS23","41101","G.gallus","MRPS23","XM_415911.2","XP_415911.1"
"MRPS23","41101","D.rerio","mrps23","NM_001003615.1","NP_001003615.1"
"MSH2","210","H.sapiens","MSH2","NM_000251.1","NP_000242.1"
"MSH2","210","C.lupus","MSH2","XM_538482.2","XP_538482.2"
"MSH2","210","B.taurus","MSH2","NM_001034584.1","NP_001029756.1"
"MSH2","210","M.musculus","Msh2","NM_008628.2","NP_032654.1"
"MSH2","210","R.norvegicus","Msh2","NM_031058.1","NP_112320.1"
"MSH2","210","G.gallus","MSH2","XM_426110.2","XP_426110.2"
"MSH2","210","D.rerio","msh2","NM_213524.1","NP_998689.1"
"MSH2","210","D.melanogaster","spel1","NM_078841.3","NP_523565.2"
"MSH2","210","A.gambiae","AgaP_AGAP0","XM_319476.4","XP_319476.4"
"MSH2","210","S.pombe","msh2","NM_001021875.1","NP_595967.2"
"MSH2","210","S.cerevisiae","MSH2","MSH2_6324482","NP_014551.1"
"MSH2","210","K.lactis","KLLA0F0270","XM_455202.1","XP_455202.1"
"MSH2","210","E.gossypii","AGOS_AFR60","NM_212286.1","NP_986150.1"
"MSH2","210","M.grisea","MGG_00879","XM_368365.2","XP_368365.2"
"MSH2","210","N.crassa","NCU02230.1","XM_331005.1","XP_331006.1"
"MSH2","210","A.thaliana","MSH2","NM_113607.3","NP_566804.3"
"MSH2","210","O.sativa","Os05g02742","NM_001061605.1","NP_001055070.1"
"MSH2","210","P.falciparum","PF14_0254","XM_001348392.1","XP_001348428.1"
"MSLN","4249","H.sapiens","MSLN","NM_005823.4","NP_005814.2"
"MSLN","4249","C.lupus","MSLN","XM_849019.1","XP_854112.1"
"MSLN","4249","B.taurus","MSLN","NM_001100374.1","NP_001093844.1"
"MSLN","4249","M.musculus","Msln","NM_018857.1","NP_061345.1"
"MSLN","4249","R.norvegicus","Msln","NM_031658.1","NP_113846.1"
"MSLN","4249","G.gallus","MSLN","XM_414835.2","XP_414835.2"
"MSN","1833","H.sapiens","MSN","NM_002444.2","NP_002435.1"
"MSN","1833","C.lupus","MSN","XM_549044.2","XP_549044.2"
"MSN","1833","B.taurus","MSN","NM_001046477.1","NP_001039942.1"
"MSN","1833","M.musculus","Msn","NM_010833.2","NP_034963.2"
"MSN","1833","R.norvegicus","Msn","NM_030863.1","NP_110490.1"
"MSN","1833","D.rerio","rdx","NM_001004296.1","NP_001004296.1"
"MSN","1833","D.melanogaster","Moe","NM_167168.1","NP_727290.1"
"MSN","1833","A.gambiae","AgaP_AGAP0","XM_310518.4","XP_310518.4"
"MSN","1833","C.elegans","erm-1","NM_059158.5","NP_491559.1"
"MSX1","1836","H.sapiens","MSX1","NM_002448.3","NP_002439.2"
"MSX1","1836","P.troglodytes","MSX1","XM_517087.2","XP_517087.2"
"MSX1","1836","C.lupus","MSX1","XM_545946.2","XP_545946.2"
"MSX1","1836","B.taurus","MSX1","NM_174798.2","NP_777223.1"
"MSX1","1836","M.musculus","Msx1","NM_010835.2","NP_034965.2"
"MSX1","1836","R.norvegicus","Msx1","NM_031059.1","NP_112321.1"
"MSX1","1836","G.gallus","MSX1","NM_205488.1","NP_990819.1"
"MSX1","1836","D.rerio","msxe","NM_131273.1","NP_571348.1"
"MT1G","87857","H.sapiens ","MT1G ","NM_005950.1 ","NP_005941.1"
"MT1G","87857","P.troglodytes ","MT1G ","XM_529783.2 ","XP_529783.2"
"MUL1","11576","H.sapiens ","MUL1 ","NM_024544.2 ","NP_078820.2"
"MUL1","11576","P.troglodytes ","MUL1 ","XM_001161118.1 ","XP_001161118.1"
"MUL1","11576","C.lupus ","MUL1 ","XM_544520.2 ","XP_544520.2"
"MUL1","11576","B.taurus ","MUL1 ","XM_585175.3 ","XP_585175.1"
"MUL1","11576","M.musculus ","Mul1 ","NM_026689.3 ","NP_080965.2"
"MUL1","11576","R.norvegicus ","Mul1 ","XM_233584.4 ","XP_233584.1"
"MUL1","11576","G.gallus ","C1orf166 ","XM_424579.2 ","XP_424579.2"
"MUL1","11576","D.rerio ","zgc:165594","NM_001098760.1 ","NP_001092230.1"
"MUL1","11576","D.melanogaster ","CG1134 ","NM_139590.2 ","NP_647847.1"
"MUL1","11576","A.gambiae ","AgaP_AGAP0","XM_315995.4 ","XP_315995.1"
"MUL1","11576","A.thaliana ","AT1G63900 ","NM_105064.3 ","NP_176574.2"
"MUL1","11576","O.sativa ","Os07g06478","NM_001067007.1 ","NP_001060472.1"
"MYC","31092","H.sapiens","MYC","NM_002467.3","NP_002458.2"
"MYC","31092","P.troglodytes","MYC","XM_519958.2","XP_519958.2"
"MYC","31092","C.lupus","MYC","NM_001003246.1","NP_001003246.1"
"MYC","31092","B.taurus","MYC","NM_001046074.2","NP_001039539.1"
"MYC","31092","M.musculus","Myc","NM_010849.4","NP_034979.3"
"MYC","31092","R.norvegicus","Myc","NM_012603.2","NP_036735.2"
"MYC","31092","G.gallus","MYC","NM_001030952.1","NP_001026123.1"
"MYC","31092","D.rerio","myca","NM_131412.1","NP_571487.2"
"MYC","31092","D.rerio","mycb","NM_200172.1","NP_956466.1"
"MYCL1","3921","H.sapiens ","MYCL1 ","NM_001033081.1 ","NP_001028253.1"
"MYCL1","3921","P.troglodytes ","MYCL1 ","XM_524676.2 ","XP_524676.2"
"MYCL1","3921","C.lupus ","MYCL1 ","XM_539578.2 ","XP_539578.2"
"MYCL1","3921","B.taurus ","MYCL1 ","XM_593398.4 ","XP_593398.4"
"MYCL1","3921","M.musculus ","Mycl1 ","NM_008506.2 ","NP_032532.1"
"MYCL1","3921","R.norvegicus ","Mycl1 ","XM_233490.4 ","XP_233490.4"
"MYCL1","3921","G.gallus ","MYCL1 ","XM_425790.2 ","XP_425790.1"
"MYCL1","3921","D.rerio ","mycl1b ","NM_001045142.1 ","NP_001038607.1"
"MYCL1","3921","D.rerio ","mycl1a ","NM_212937.1 ","NP_998102.1"
"MYCN","3922","H.sapiens","MYCN","NM_005378.4","NP_005369.2"
"MYCN","3922","P.troglodytes","MYCN","XM_001162328.1","XP_001162328.1"
"MYCN","3922","C.lupus","MYCN","XM_540091.2","XP_540091.2"
"MYCN","3922","B.taurus","MYCN","XM_869019.3","XP_874112.3"
"MYCN","3922","M.musculus","Mycn","NM_008709.2","NP_032735.2"
"MYCN","3922","R.norvegicus","Mycn","NM_001013096.1","NP_001013114.1"
"MYCN","3922","G.gallus","MYCN","NM_001031091.1","NP_001026262.1"
"MYCN","3922","D.rerio","mycn","NM_212614.1","NP_997779.1"
"MYH9","68257","H.sapiens","MYH9","NM_002473.3","NP_002464.1"
"MYH9","68257","C.lupus","MYH9","XM_856848.1","XP_861941.1"
"MYH9","68257","M.musculus","Myh9","NM_022410.2","NP_071855.2"
"MYH9","68257","R.norvegicus","Myh9","NM_013194.1","NP_037326.1"
"MYH9","68257","G.gallus","MYH9","NM_205477.1","NP_990808.1"
"MYH9","68257","D.rerio","myh9l1","XM_001920063.1","XP_001920098.1"
"MYOD1","7857","H.sapiens","MYOD1","NM_002478.4","NP_002469.2"
"MYOD1","7857","P.troglodytes","MYOD1","XM_508311.2","XP_508311.2"
"MYOD1","7857","C.lupus","MYOD1","XM_849663.1","XP_854756.1"
"MYOD1","7857","B.taurus","MYOD1","NM_001040478.2","NP_001035568.2"
"MYOD1","7857","M.musculus","Myod1","NM_010866.1","NP_034996.1"
"MYOD1","7857","R.norvegicus","Myod1","NM_176079.1","NP_788268.1"
"MYOD1","7857","G.gallus","MYOD1","NM_204214.1","NP_989545.1"
"MYOD1","7857","D.rerio","myod1","NM_131262.2","NP_571337.2"
"NAE1","68370","H.sapiens","NAE1","NM_003905.3","NP_003896.1"
"NAE1","68370","P.troglodytes","NAE1","XM_001159481.1","XP_001159481.1"
"NAE1","68370","C.lupus","NAE1","XM_846910.1","XP_852003.1"
"NAE1","68370","B.taurus","NAE1","XM_866024.2","XP_871117.2"
"NAE1","68370","M.musculus","Nae1","NM_144931.2","NP_659180.1"
"NAE1","68370","R.norvegicus","Nae1","NM_032072.2","NP_114461.1"
"NAE1","68370","G.gallus","APPBP1","NM_001006129.1","NP_001006129.1"
"NAE1","68370","G.gallus","APPBP1","XM_001236465.1","XP_001236466.1"
"NAE1","68370","D.rerio","nae1","NM_200499.1","NP_956793.1"
"NAE1","68370","D.melanogaster","CG7828","NM_140178.3","NP_648435.1"
"NAE1","68370","A.gambiae","AgaP_AGAP0","XM_315544.4","XP_315544.2"
"NAE1","68370","A.thaliana","AXL","NM_128800.3","NP_180800.1"
"NAE1","68370","A.thaliana","AXR1","NM_100396.3","NP_172010.1"
"NAE1","68370","O.sativa","Os03g08201","NM_001058252.1","NP_001051717.1"
"NCL","21821","H.sapiens","NCL","NM_005381.2","NP_005372.2"
"NCL","21821","P.troglodytes","NCL","XM_516145.2","XP_516145.2"
"NCL","21821","C.lupus","NCL","XM_845384.1","XP_850477.1"
"NCL","21821","B.taurus","NCL","XM_614626.3","XP_614626.2"
"NCL","21821","R.norvegicus","Ncl-ps1","NM_022621.1","NP_072143.1"
"NCL","21821","G.gallus","NCL","NM_205265.1","NP_990596.1"
"NCL","21821","D.rerio","ncl","NM_001076652.1","NP_001070120.1"
"NCL","21821","S.pombe","gar2","NM_001018965.1","NP_593531.1"
"NCL","21821","S.cerevisiae","NSR1","NSR1_6321599","NP_011675.1"
"NCL","21821","K.lactis","KLLA0C1149","XM_452713.1","XP_452713.1"
"NCL","21821","E.gossypii","AGOS_AFR10","NM_211008.1","NP_985654.1"
"NCL","21821","M.grisea","MGG_01268","XM_363342.1","XP_363342.1"
"NCL","21821","N.crassa","NCU03092.1","XM_330527.1","XP_330528.1"
"NCL","21821","A.thaliana","ATRANGAP1","NM_112747.2","NP_188491.1"
"NCL","21821","A.thaliana","ATNUC-L1","NM_103785.3","NP_175322.1"
"NCL","21821","O.sativa","Os04g06207","NM_001060444.1","NP_001053909.1"
"NCL","21821","O.sativa","Os08g01929","NM_001067713.1","NP_001061178.1"
"NDRG1","55953","H.sapiens","NDRG1","NM_001135242.1","NP_001128714.1"
"NDRG1","55953","P.troglodytes","NDRG1","XM_001140704.1","XP_001140704.1"
"NDRG1","55953","C.lupus","NDRG1","XM_539170.2","XP_539170.2"
"NDRG1","55953","B.taurus","NDRG1","NM_001035009.1","NP_001030181.1"
"NDRG1","55953","M.musculus","Ndrg1","NM_008681.2","NP_032707.2"
"NDRG1","55953","R.norvegicus","Ndrg1","NM_001011991.1","NP_001011991.1"
"NDRG1","55953","G.gallus","NDRG1","XM_418430.2","XP_418430.2"
"NDRG1","55953","D.rerio","ndrg1","XM_001331714.1","XP_001331750.1"
"NDRG1","55953","O.sativa","Os05g01962","NM_001061400.1","NP_001054865.1"
"NDRG1","55953","O.sativa","Os01g01926","NM_001048813.1","NP_001042278.1"
"NDRG1","55953","O.sativa","Os02g02248","NM_001052871.1","NP_001046336.1"
"NDRG1","55953","O.sativa","Os06g05630","NM_001064413.1","NP_001057878.1"
"NDRG4","23228","H.sapiens","NDRG4","NM_001130487.1","NP_001123959.1"
"NDRG4","23228","P.troglodytes","NDRG4","XM_511222.2","XP_511222.2"
"NDRG4","23228","C.lupus","NDRG4","XM_848736.1","XP_853829.1"
"NDRG4","23228","B.taurus","NDRG4","NM_001075695.1","NP_001069163.1"
"NDRG4","23228","M.musculus","Ndrg4","NM_145602.2","NP_663577.1"
"NDRG4","23228","R.norvegicus","Ndrg4","NM_031967.1","NP_114173.1"
"NDRG4","23228","G.gallus","NDRG4","XM_001231664.1","XP_001231665.1"
"NDRG4","23228","D.rerio","ndrg4","NM_001045173.1","NP_001038638.1"
"NDRG4","23228","D.rerio","ndrg4","NM_001045277.1","NP_001038742.1"
"NDUFS6","37935","H.sapiens","NDUFS6","NM_004553.3","NP_004544.1"
"NDUFS6","37935","P.troglodytes","NDUFS6","XM_001142587.1","XP_001142587.1"
"NDUFS6","37935","C.lupus","NDUFS6","XM_535802.2","XP_535802.2"
"NDUFS6","37935","B.taurus","NDUFS6","NM_175810.2","NP_787004.1"
"NDUFS6","37935","M.musculus","Ndufs6","NM_010888.1","NP_035018.1"
"NDUFS6","37935","M.musculus","Gm6415","XM_889816.3","XP_894909.1"
"NDUFS6","37935","R.norvegicus","LOC679739","XM_001053017.1","XP_001053017.1"
"NDUFS6","37935","G.gallus","NDUFS6","XM_419061.2","XP_419061.1"
"NDUFS6","37935","D.rerio","ndufs6","NM_001004651.1","NP_001004651.1"
"NDUFS6","37935","D.melanogaster","CG8680","NM_135065.2","NP_608909.1"
"NDUFS6","37935","A.gambiae","AgaP_AGAP0","XM_319821.3","XP_319821.3"
"NEBL","31379","H.sapiens","NEBL","NM_006393.2","NP_006384.1"
"NEBL","31379","P.troglodytes","NEBL","XM_001154532.1","XP_001154532.1"
"NEBL","31379","C.lupus","NEBL","XM_844454.1","XP_849547.1"
"NEBL","31379","R.norvegicus","Nebl","XM_225644.4","XP_225644.4"
"NEK1","14376","H.sapiens","NEK1","NM_012224.1","NP_036356.1"
"NEK1","14376","P.troglodytes","NEK1","XM_526727.2","XP_526727.2"
"NEK1","14376","C.lupus","NEK1","XM_543184.2","XP_543184.2"
"NEK1","14376","M.musculus","Nek1","NM_175089.3","NP_780298.2"
"NEK1","14376","R.norvegicus","Nek1","XM_214340.4","XP_214340.4"
"NEK1","14376","G.gallus","NEK1","XM_420401.2","XP_420401.2"
"NEK1","14376","D.rerio","LOC795754","XM_001920178.1","XP_001920213.1"
"NEK1","14376","D.rerio","nek1","XM_678692.3","XP_683784.3"
"NEK1","14376","P.falciparum","PFE1290w","XM_001351779.1","XP_001351815.1"
"NKX6-1","4495","H.sapiens","NKX6-1","NM_006168.2","NP_006159.2"
"NKX6-1","4495","C.lupus","NKX6-1","XM_544960.2","XP_544960.2"
"NKX6-1","4495","B.taurus","NKX6-1","XM_868176.3","XP_873269.2"
"NKX6-1","4495","M.musculus","Nkx6-1","NM_144955.2","NP_659204.1"
"NKX6-1","4495","R.norvegicus","Nkx6-1","NM_031737.1","NP_113925.1"
"NKX6-1","4495","D.rerio","nkx6.1","NM_001002475.1","NP_001002475.1"
"NME1","56418","H.sapiens","NME1","NM_198175.1","NP_937818.1"
"NME1","56418","C.lupus","NME1-NME2","XM_533973.2","XP_533973.2"
"NME1","56418","M.musculus","Nme1","NM_008704.2","NP_032730.1"
"NME1","56418","R.norvegicus","Nme1","NM_138548.1","NP_612557.1"
"NME1","56418","G.gallus","NME1","XM_420097.2","XP_420097.1"
"NME1","56418","D.rerio","nme2","NM_130926.1","NP_571001.1"
"NME1","56418","A.thaliana","AT4G23900","NM_118522.3","NP_567690.1"
"NME1","56418","A.thaliana","NDPK3","NM_117171.3","NP_192839.1"
"NME1","56418","O.sativa","Os05g05954","NM_001063050.1","NP_001056515.1"
"NME2","39553","H.sapiens","NME2","NM_001018137.1","NP_001018147.1"
"NME2","39553","P.troglodytes","NME2","XM_001147407.1","XP_001147407.1"
"NME2","39553","C.lupus","NME1","NM_001024637.1","NP_001019808.1"
"NME2","39553","B.taurus","NBR-B","NM_205777.1","NP_991346.1"
"NME2","39553","M.musculus","Nme2","NM_008705.4","NP_032731.1"
"NME2","39553","R.norvegicus","Nme2","NM_031833.2","NP_114021.2"
"NME2","39553","G.gallus","NME2","NM_205047.1","NP_990378.1"
"NME2","39553","D.rerio","ndpkz2","NM_130927.1","NP_571002.1"
"NME2","39553","C.elegans","F25H2.5","NM_060360.5","NP_492761.1"
"NME2","39553","S.pombe","ndk1","NM_001018258.1","NP_592857.1"
"NME2","39553","S.cerevisiae","YNK1","YNK1_6322783","NP_012856.1"
"NME2","39553","K.lactis","KLLA0D0369","XM_453229.1","XP_453229.1"
"NME2","39553","E.gossypii","AGOS_ABR09","NM_208395.1","NP_983042.1"
"NME2","39553","M.grisea","MGG_08622","XM_363038.2","XP_363038.2"
"NME2","39553","N.crassa","NCU04202.1","XM_323541.1","XP_323542.1"
"NME2","39553","A.thaliana","NDPK1","NM_117000.2","NP_567346.1"
"NME2","39553","O.sativa","Os10g05637","NM_001071936.1","NP_001065404.1"
"NNT","7445","H.sapiens","NNT","NM_182977.2","NP_892022.2"
"NNT","7445","P.troglodytes","NNT","XM_001134902.1","XP_001134902.1"
"NNT","7445","C.lupus","NNT","XM_862835.1","XP_867928.1"
"NNT","7445","B.taurus","NNT","NM_173943.2","NP_776368.1"
"NNT","7445","M.musculus","Nnt","NM_008710.3","NP_032736.2"
"NNT","7445","R.norvegicus","Nnt","NM_001013157.1","NP_001013175.1"
"NNT","7445","D.rerio","nnt","NM_214756.1","NP_999921.1"
"NNT","7445","A.gambiae","AgaP_AGAP0","XM_312859.4","XP_312859.4"
"NNT","7445","C.elegans","nnt-1","NM_076627.2","NP_509028.1"
"NNT","7445","M.grisea","MGG_07539","XM_367628.1","XP_367628.1"
"NNT","7445","N.crassa","NCU01140.1","XM_326632.1","XP_326633.1"
"NOL4","36142","C.lupus ","NOL4 ","XM_547613.2 ","XP_547613.2"
"NOL4","36142","B.taurus ","NOL4 ","XM_001788934.1 ","XP_001788986.1"
"NOL4","36142","M.musculus ","Nol4 ","NM_199024.1 ","NP_950189.1"
"NOL4","36142","R.norvegicus ","Nol4 ","XM_226125.4 ","XP_226125.3"
"NOL4","36142","G.gallus ","NOL4 ","XM_001232141.1 ","XP_001232142.1"
"NOL4 ","36142","H.sapiens ","NOL4 ","NM_003787.3 ","NP_003778.2"
"NOL4 ","36142","P.troglodytes ","NOL4 ","XM_001161004.1 ","XP_001161004.1"
"NOL7","49451","C.lupus ","NOL7 ","XM_535892.2 ","XP_535892.2"
"NOL7","49451","B.taurus ","NOL7 ","NM_001034384.1 ","NP_001029556.1"
"NOL7","49451","M.musculus ","Nol7 ","NM_023554.2 ","NP_076043.2"
"NOL7","49451","R.norvegicus ","Nol7 ","XM_573999.2 ","XP_573999.2"
"NOL7","49451","G.gallus ","NOL7 ","XM_418926.2 ","XP_418926.1"
"NOL7","49451","D.rerio ","wu:fa99c08","XM_682189.3 ","XP_687281.2"
"NOL7 ","49451","H.sapiens ","NOL7 ","NM_016167.3 ","NP_057251.2"
"NOL7 ","49451","P.troglodytes ","NOL7 ","XM_518245.2 ","XP_518245.2"
"NPTX1","1891","H.sapiens ","NPTX1 ","NM_002522.3 ","NP_002513.2"
"NPTX1","1891","P.troglodytes ","NPTX1 ","XM_523739.2 ","XP_523739.2"
"NPTX1","1891","C.lupus ","NPTX1 ","XM_540475.2 ","XP_540475.2"
"NPTX1","1891","B.taurus ","NPTX1 ","XM_591233.4 ","XP_591233.2"
"NPTX1","1891","M.musculus ","Nptx1 ","NM_008730.2 ","NP_032756.1"
"NPTX1","1891","R.norvegicus ","Nptx1 ","NM_153735.1 ","NP_714957.1"
"NPTX1","1891","D.rerio ","zgc:85889 ","NM_212936.1 ","NP_998101.1"
"NQO1","695","H.sapiens","NQO1","NM_000903.2","NP_000894.1"
"NQO1","695","P.troglodytes","NQO1","XM_523404.2","XP_523404.2"
"NQO1","695","C.lupus","NQO1","XM_848524.1","XP_853617.1"
"NQO1","695","B.taurus","NQO1","NM_001034535.1","NP_001029707.1"
"NQO1","695","M.musculus","Nqo1","NM_008706.3","NP_032732.3"
"NQO1","695","R.norvegicus","Nqo1","NM_017000.2","NP_058696.2"
"NQO1","695","D.rerio","nqo1","NM_205542.1","NP_991105.1"
"NRAS ","55661","H.sapiens","NRAS","NM_002524.3","NP_002515.1"
"NRAS ","55661","P.troglodytes","NRAS","XM_001149822.1","XP_001149822.1"
"NRAS ","55661","C.lupus","NRAS","XM_843536.1","XP_848629.1"
"NRAS ","55661","B.taurus","NRAS","NM_001097989.1","NP_001091458.1"
"NRAS ","55661","M.musculus","Nras","NM_010937.2","NP_035067.2"
"NRAS ","55661","R.norvegicus","Nras","NM_080766.1","NP_542944.1"
"NRAS ","55661","G.gallus","NRAS","NM_001012549.1","NP_001012567.1"
"NRAS ","55661","D.rerio","nras","NM_131145.1","NP_571220.1"
"NRM","38294","H.sapiens","NRM","NM_007243.1","NP_009174.1"
"NRM","38294","P.troglodytes","NRM","NM_001040116.1","NP_001035205.1"
"NRM","38294","C.lupus","NRM","XM_538828.2","XP_538828.1"
"NRM","38294","B.taurus","NRM","NM_001037596.1","NP_001032685.1"
"NRM","38294","M.musculus","Nrm","NM_134122.2","NP_598883.1"
"NRM","38294","R.norvegicus","Nrm","NM_212508.1","NP_997673.1"
"NRM","38294","D.rerio","si:dkey-26","NM_001045195.1","NP_001038660.1"
"NRM","38294","D.melanogaster","CG7655","NM_142389.2","NP_650646.1"
"NRM","38294","A.gambiae","AgaP_AGAP0","XM_315842.4","XP_315842.3"
"NTF3","1896","H.sapiens","NTF3","NM_001102654.1","NP_001096124.1"
"NTF3","1896","P.troglodytes","NTF3","XM_522331.2","XP_522331.2"
"NTF3","1896","C.lupus","NTF3","XM_543858.2","XP_543858.2"
"NTF3","1896","B.taurus","NTF3","NM_001077988.1","NP_001071456.1"
"NTF3","1896","M.musculus","Ntf3","NM_008742.2","NP_032768.1"
"NTF3","1896","R.norvegicus","Ntf3","NM_031073.2","NP_112335.2"
"NTF3","1896","G.gallus","NTF3","XM_425658.2","XP_425658.2"
"NTF3","1896","D.rerio","ntf3","XM_692353.3","XP_697445.3"
"NTN4","10934","H.sapiens","NTN4","NM_021229.3","NP_067052.2"
"NTN4","10934","P.troglodytes","NTN4","XM_522498.2","XP_522498.2"
"NTN4","10934","C.lupus","NTN4","XM_532655.2","XP_532655.2"
"NTN4","10934","B.taurus","NTN4","NM_001102203.1","NP_001095673.1"
"NTN4","10934","M.musculus","Ntn4","NM_021320.2","NP_067295.1"
"NTN4","10934","G.gallus","NTN4","XM_416155.2","XP_416155.2"
"NTN4","10934","D.rerio","ntn4","NM_001037686.1","NP_001032775.1"
"OAS3","4510","H.sapiens","OAS3","NM_006187.2","NP_006178.2"
"OAS3","4510","P.troglodytes","OAS3","XM_509393.2","XP_509393.2"
"OAS3","4510","C.lupus","OAS3","XM_534688.2","XP_534688.2"
"OAS3","4510","M.musculus","Oas3","NM_145226.2","NP_660261.1"
"OAT","231","H.sapiens","OAT","NM_000274.2","NP_000265.1"
"OAT","231","P.troglodytes","OAT","XM_508094.2","XP_508094.2"
"OAT","231","C.lupus","OAT","XM_535050.2","XP_535050.2"
"OAT","231","B.taurus","OAT","NM_001034240.1","NP_001029412.1"
"OAT","231","M.musculus","Oat","NM_016978.2","NP_058674.1"
"OAT","231","R.norvegicus","Oat","NM_022521.2","NP_071966.1"
"OAT","231","G.gallus","OAT","NM_001006567.1","NP_001006567.1"
"OAT","231","D.rerio","LOC572518","XM_696242.3","XP_701334.3"
"OAT","231","D.melanogaster","Oat","NM_140882.2","NP_649139.1"
"OAT","231","A.gambiae","AgaP_AGAP0","XM_318019.4","XP_318019.4"
"OAT","231","C.elegans","C16A3.10","NM_171877.2","NP_741194.1"
"OAT","231","S.pombe","SPBC21C3.0","NM_001022508.1","NP_596588.1"
"OAT","231","S.cerevisiae","CAR2","CAR2_6323470","NP_013542.1"
"OAT","231","K.lactis","KLLA0B0524","XM_451768.1","XP_451768.1"
"OAT","231","E.gossypii","AGOS_AER12","NM_210336.1","NP_984982.1"
"OAT","231","M.grisea","MGG_06392","XM_369877.2","XP_369877.2"
"OAT","231","N.crassa","NCU00194.1","XM_322279.1","XP_322280.1"
"OAT","231","A.thaliana","DELTA-OAT","NM_123987.3","NP_199430.1"
"OAT","231","O.sativa","Os03g06433","NM_001057288.1","NP_001050753.1"
"OAT","231","P.falciparum","PFF0435w","XM_960985.1","XP_966078.1"
"ONECUT1","3309","H.sapiens","ONECUT1","NM_004498.1","NP_004489.1"
"ONECUT1","3309","P.troglodytes","ONECUT1","XM_001170549.1","XP_001170549.1"
"ONECUT1","3309","C.lupus","ONECUT1","XM_846134.1","XP_851227.1"
"ONECUT1","3309","B.taurus","ONECUT1","XM_001251106.1","XP_001251107.1"
"ONECUT1","3309","M.musculus","Onecut1","NM_008262.3","NP_032288.1"
"ONECUT1","3309","R.norvegicus","Onecut1","NM_022671.2","NP_073162.1"
"ONECUT1","3309","D.rerio","onecut1","NM_200573.1","NP_956867.1"
"ORAOV1","12457","H.sapiens","ORAOV1","NM_153451.2","NP_703152.1"
"ORAOV1","12457","P.troglodytes","ORAOV1","XM_508610.2","XP_508610.2"
"ORAOV1","12457","M.musculus","Oraov1","NM_028184.3","NP_082460.2"
"ORAOV1","12457","R.norvegicus","Oraov1","XM_219536.4","XP_219536.3"
"ORAOV1","12457","G.gallus","ORAOV1","NM_001031186.1","NP_001026357.1"
"ORAOV1","12457","D.rerio","oraov1","NM_001083552.1","NP_001077021.1"
"OSMR","2972","H.sapiens","OSMR","NM_003999.1","NP_003990.1"
"OSMR","2972","P.troglodytes","OSMR","XM_001141406.1","XP_001141406.1"
"OSMR","2972","C.lupus","OSMR","XM_546341.2","XP_546341.2"
"OSMR","2972","B.taurus","OSMR","NM_001080272.1","NP_001073741.1"
"OSMR","2972","M.musculus","Osmr","NM_011019.2","NP_035149.1"
"OSMR","2972","R.norvegicus","Osmr","NM_001005384.1","NP_001005384.1"
"OSMR","2972","G.gallus","OSMR","XM_425020.2","XP_425020.2"
"OSR1","8035","H.sapiens","OSR1","NM_145260.2","NP_660303.1"
"OSR1","8035","P.troglodytes","OSR1","XM_001137836.1","XP_001137836.1"
"OSR1","8035","C.lupus","OSR1","XM_540097.1","XP_540097.1"
"OSR1","8035","B.taurus","OSR1","NM_001076916.1","NP_001070384.1"
"OSR1","8035","M.musculus","Osr1","NM_011859.2","NP_035989.1"
"OSR1","8035","R.norvegicus","Osr1","XM_233962.4","XP_233962.4"
"OSR1","8035","D.rerio","osr1","NM_001006079.1","NP_001006079.1"
"P2RX4","1923","H.sapiens","P2RX4","NM_002560.2","NP_002551.2"
"P2RX4","1923","P.troglodytes","P2RX4","XM_001164210.1","XP_001164210.1"
"P2RX4","1923","C.lupus","P2RX4","XM_543389.2","XP_543389.1"
"P2RX4","1923","B.taurus","P2RX4","NM_001034049.1","NP_001029221.1"
"P2RX4","1923","M.musculus","P2rx4","NM_011026.2","NP_035156.2"
"P2RX4","1923","R.norvegicus","P2rx4","NM_031594.1","NP_113782.1"
"P2RX4","1923","G.gallus","P2RX4","NM_204291.1","NP_989622.1"
"P2RX4","1923","D.rerio","p2rx4a","NM_153653.1","NP_705939.1"
"PA2G4","4513","H.sapiens","PA2G4","NM_006191.2","NP_006182.2"
"PA2G4","4513","P.troglodytes","PA2G4","XM_001169403.1","XP_001169403.1"
"PA2G4","4513","C.lupus","PA2G4","XM_531629.2","XP_531629.2"
"PA2G4","4513","B.taurus","PA2G4","NM_001034699.1","NP_001029871.1"
"PA2G4","4513","M.musculus","Pa2g4","NM_011119.3","NP_035249.1"
"PA2G4","4513","R.norvegicus","Pa2g4","NM_001004206.1","NP_001004206.1"
"PA2G4","4513","G.gallus","PA2G4","XM_423059.2","XP_423059.2"
"PA2G4","4513","D.rerio","pa2g4a","NM_001002070.2","NP_001002070.1"
"PA2G4","4513","D.rerio","LOC1001492","XM_001918867.1","XP_001918902.1"
"PA2G4","4513","D.rerio","pa2g4b","NM_212641.2","NP_997806.1"
"PA2G4","4513","D.melanogaster","CG10576","NM_139727.1","NP_647984.1"
"PA2G4","4513","A.gambiae","AgaP_AGAP0","XM_313985.4","XP_313985.4"
"PA2G4","4513","C.elegans","peptidase","NM_067910.4","NP_500311.1"
"PA2G4","4513","S.pombe","cdb4","NM_001018829.1","NP_593397.1"
"PA2G4","4513","M.grisea","MGG_06316","XM_369801.2","XP_369801.2"
"PA2G4","4513","N.crassa","NCU00422.1","XM_322507.1","XP_322508.1"
"PA2G4","4513","A.thaliana","ATG2","NM_115039.3","NP_190748.1"
"PA2G4","4513","O.sativa","Os05g03505","NM_001061809.1","NP_001055274.1"
"PA2G4","4513","P.falciparum","PF14_0261","XM_001348399.1","XP_001348435.1"
"PAIP1","4709","H.sapiens","PAIP1","NM_006451.4","NP_006442.2"
"PAIP1","4709","C.lupus","PAIP1","XM_536482.2","XP_536482.1"
"PAIP1","4709","B.taurus","PAIP1","NM_001104971.1","NP_001098441.1"
"PAIP1","4709","M.musculus","Paip1","NM_145457.3","NP_663432.1"
"PAIP1","4709","R.norvegicus","Paip1","XM_345160.3","XP_345161.3"
"PAIP1","4709","D.rerio","paip1","NM_001003504.1","NP_001003504.1"
"PAIP1","4709","D.melanogaster","CG8963","NM_137336.2","NP_611180.1"
"PAIP1","4709","A.gambiae","AgaP_AGAP0","XM_320878.3","XP_320878.2"
"PAPD7","5089","H.sapiens","POLS","NM_006999.3","NP_008930.1"
"PAPD7","5089","C.lupus","POLS","XM_545180.2","XP_545180.2"
"PAPD7","5089","B.taurus","POLS","XM_601308.3","XP_601308.3"
"PAPD7","5089","M.musculus","Pols","NM_198600.1","NP_941002.1"
"PAPD7","5089","R.norvegicus","Pols","XM_225072.4","XP_225072.4"
"PAPD7","5089","G.gallus","RCJMB04_10","XM_001233758.1","XP_001233759.1"
"PAPD7","5089","D.rerio","pols","XM_680973.3","XP_686065.3"
"PAX1","4514","H.sapiens","PAX1","NM_006192.3","NP_006183.2"
"PAX1","4514","P.troglodytes","PAX1","XM_514547.2","XP_514547.2"
"PAX1","4514","C.lupus","PAX1","XM_542866.2","XP_542866.2"
"PAX1","4514","B.taurus","PAX1","XM_617873.4","XP_617873.3"
"PAX1","4514","M.musculus","Pax1","NM_008780.1","NP_032806.1"
"PAX1","4514","R.norvegicus","Pax1","XM_230663.4","XP_230663.4"
"PAX1","4514","D.rerio","zgc:158781","NM_001080592.1","NP_001074061.1"
"PAX1","4514","D.rerio","LOC572108","XM_695785.3","XP_700877.3"
"PCDH10","74967","H.sapiens","PCDH10","NM_032961.1","NP_116586.1"
"PCDH10","74967","P.troglodytes","PCDH10","XM_001134989.1","XP_001134989.1"
"PCDH10","74967","B.taurus","PCDH10","XM_864782.3","XP_869875.1"
"PCDH10","74967","M.musculus","Pcdh10","NM_011043.2","NP_035173.2"
"PCDH10","74967","R.norvegicus","Pcdh10","XM_342242.3","XP_342243.3"
"PCDH10","74967","G.gallus","PCDH10","NM_214672.1","NP_999837.1"
"PCDH10","74967","D.rerio","pcdh10b","NM_182885.1","NP_878305.1"
"PCDH10","74967","D.rerio","pcdh10a","NM_212571.1","NP_997736.1"
"PCNA","1945","H.sapiens","PCNA","NM_002592.2","NP_002583.1"
"PCNA","1945","P.troglodytes","PCNA","XM_001165515.1","XP_001165515.1"
"PCNA","1945","C.lupus","PCNA","XM_534355.2","XP_534355.2"
"PCNA","1945","B.taurus","PCNA","NM_001034494.1","NP_001029666.1"
"PCNA","1945","M.musculus","Pcna","NM_011045.2","NP_035175.1"
"PCNA","1945","R.norvegicus","Pcna","NM_022381.2","NP_071776.1"
"PCNA","1945","G.gallus","PCNA","NM_204170.1","NP_989501.1"
"PCNA","1945","D.rerio","pcna","NM_131404.1","NP_571479.1"
"PCNA","1945","D.melanogaster","mus209","NM_057557.3","NP_476905.1"
"PCNA","1945","A.gambiae","AgaP_AGAP0","XM_319407.2","XP_319407.2"
"PCNA","1945","S.pombe","pcn","NM_001022425.1","NP_596504.1"
"PCNA","1945","S.cerevisiae","POL30","POL30_6319564","NP_009645.1"
"PCNA","1945","K.lactis","KLLA0B1207","XM_452067.1","XP_452067.1"
"PCNA","1945","E.gossypii","AGOS_ADL30","NM_209140.1","NP_983787.1"
"PCNA","1945","M.grisea","MGG_00518","XM_368726.2","XP_368726.2"
"PCNA","1945","N.crassa","NCU09239.1","XM_331630.1","XP_331631.1"
"PCNA","1945","A.thaliana","PCNA2","NM_128510.2","NP_180517.1"
"PCNA","1945","A.thaliana","PCNA1","NM_100611.3","NP_172217.1"
"PCNA","1945","O.sativa","Os02g08052","NM_001054973.1","NP_001048438.1"
"PCNA","1945","P.falciparum","PF13_0328","XM_001350294.1","XP_001350330.1"
"PCNP","10676","H.sapiens","PCNP","NM_020357.1","NP_065090.1"
"PCNP","10676","P.troglodytes","PCNP","XM_516628.2","XP_516628.2"
"PCNP","10676","C.lupus","PCNP","XM_535723.2","XP_535723.2"
"PCNP","10676","B.taurus","PCNP","NM_001038205.1","NP_001033294.1"
"PCNP","10676","M.musculus","Pcnp","NM_001024622.2","NP_001019793.1"
"PCNP","10676","R.norvegicus","Pcnp","XM_213636.4","XP_213636.2"
"PCNP","10676","G.gallus","PCNP","NM_001006253.1","NP_001006253.1"
"PCNP","10676","D.rerio","zgc:103440","NM_001006035.1","NP_001006035.1"
"PDCD1","3681","H.sapiens ","PDCD1 ","NM_005018.2 ","NP_005009.2"
"PDCD1","3681","C.lupus ","PDCD1 ","XM_543338.2 ","XP_543338.2"
"PDCD1","3681","B.taurus ","PDCD1 ","NM_001083506.1 ","NP_001076975.1"
"PDCD1","3681","M.musculus ","Pdcd1 ","NM_008798.1 ","NP_032824.1"
"PDCD1","3681","R.norvegicus ","Pdcd1 ","XM_237422.3 ","XP_237422.3"
"PDCD1","3681","G.gallus ","PDCD1 ","XM_422723.2 ","XP_422723.2"
"PDCD4","7879","H.sapiens ","PDCD4 ","NM_014456.3 ","NP_055271.2"
"PDCD4","7879","P.troglodytes ","PDCD4 ","XM_001143474.1 ","XP_001143474.1"
"PDCD4","7879","C.lupus ","PDCD4 ","XM_535012.2 ","XP_535012.1"
"PDCD4","7879","B.taurus ","PDCD4 ","NM_001083647.1 ","NP_001077116.1"
"PDCD4","7879","M.musculus ","Pdcd4 ","NM_011050.3 ","NP_035180.2"
"PDCD4","7879","R.norvegicus ","Pdcd4 ","NM_022265.2 ","NP_071601.2"
"PDCD4","7879","G.gallus ","PDCD4 ","NM_204304.1 ","NP_989635.1"
"PDCD4","7879","D.rerio ","pdcd4b ","NM_198978.1 ","NP_945329.1"
"PDCD4","7879","D.melanogaster ","CG10990 ","NM_001103507.1 ","NP_001096977.1"
"PDCD4","7879","A.gambiae ","AgaP_AGAP0","XM_310731.4 ","XP_310731.4"
"PDCD4","7879","A.thaliana ","AT4G24800 ","NM_001036631.1 ","NP_001031708.1"
"PDCD4","7879","A.thaliana ","AT5G63190 ","NM_125714.3 ","NP_568968.1"
"PDCD4","7879","O.sativa ","Os08g01205","NM_001067414.1 ","NP_001060879.1"
"PDGFRA","31361","H.sapiens","PDGFRA","NM_006206.4","NP_006197.1"
"PDGFRA","31361","C.lupus","PDGFRA","XM_532374.2","XP_532374.2"
"PDGFRA","31361","B.taurus","PDGFRA","XM_590921.4","XP_590921.4"
"PDGFRA","31361","M.musculus","Pdgfra","NM_001083316.1","NP_001076785.1"
"PDGFRA","31361","R.norvegicus","Pdgfra","XM_214030.3","XP_214030.2"
"PDGFRA","31361","G.gallus","PDGFRA","NM_204749.1","NP_990080.1"
"PDIA3 ","68454","H.sapiens","PDIA3","NM_005313.4","NP_005304.3"
"PDIA3 ","68454","P.troglodytes","PDIA3","XM_001159572.1","XP_001159572.1"
"PDIA3 ","68454","C.lupus","PDIA3","XM_535453.2","XP_535453.2"
"PDIA3 ","68454","B.taurus","PDIA3","NM_174333.3","NP_776758.2"
"PDIA3 ","68454","M.musculus","Pdia3","NM_007952.2","NP_031978.2"
"PDIA3 ","68454","R.norvegicus","Pdia3","NM_017319.1","NP_059015.1"
"PDIA3 ","68454","G.gallus","PDIA3","NM_204110.2","NP_989441.1"
"PDIA3 ","68454","D.rerio","zgc:100906","NM_001003517.1","NP_001003517.1"
"PDIA3 ","68454","D.rerio","LOC791995","XM_001331661.1","XP_001331697.1"
"PDIA3 ","68454","D.melanogaster","ERp60","NM_165849.1","NP_725084.2"
"PDIA3 ","68454","A.gambiae","AgaP_AGAP0","XM_001687890.1","XP_001687942.1"
"PDIA3 ","68454","C.elegans","pdi-3","NM_059594.5","NP_491995.1"
"PDIA3 ","68454","O.sativa","Os02g05549","NM_001053654.1","NP_001047119.1"
"PDK2","68265","H.sapiens ","PDK2 ","NM_002611.3 ","NP_002602.2"
"PDK2","68265","P.troglodytes ","PDK2 ","XM_523791.2 ","XP_523791.2"
"PDK2","68265","C.lupus ","PDK2 ","XM_548195.2 ","XP_548195.2"
"PDK2","68265","B.taurus ","PDK2 ","NM_001075853.1 ","NP_001069321.1"
"PDK2","68265","M.musculus ","Pdk2 ","NM_133667.1 ","NP_598428.1"
"PDK2","68265","R.norvegicus ","Pdk2 ","NM_030872.1 ","NP_110499.1"
"PDK2","68265","D.rerio ","LOC1001480","XM_001922481.1 ","XP_001922516.1"
"PDK2","68265","D.rerio ","pdk2 ","NM_200996.1 ","NP_957290.1"
"PDK2","68265","D.rerio ","LOC794083 ","XM_001332558.2 ","XP_001332594.2"
"PEBP1","37637","H.sapiens","PEBP1","NM_002567.2","NP_002558.1"
"PEBP1","37637","P.troglodytes","PEBP1","XM_509413.2","XP_509413.2"
"PEBP1","37637","C.lupus","PEBP1","XM_534698.2","XP_534698.1"
"PEBP1","37637","B.taurus","PBP","NM_001033623.1","NP_001028795.1"
"PEBP1","37637","B.taurus","LOC618233","XM_870562.3","XP_875655.1"
"PEBP1","37637","M.musculus","Pebp1","NM_018858.2","NP_061346.2"
"PEBP1","37637","R.norvegicus","Pebp1","NM_017236.1","NP_058932.1"
"PEBP1","37637","G.gallus","PEBP1","XM_415283.2","XP_415283.1"
"PEBP1","37637","D.rerio","pbp","NM_213323.1","NP_998488.1"
"PEBP1","37637","D.melanogaster","CG10298","NM_141386.1","NP_649643.1"
"PEBP1","37637","A.thaliana","E12A11","NM_101672.3","NP_173250.1"
"PEBP1","37637","O.sativa","Os06g04988","NM_001064236.1","NP_001057701.1"
"PECAM1","47925","H.sapiens","PECAM1","NM_000442.3","NP_000433.3"
"PECAM1","47925","P.troglodytes","PECAM1","XM_511582.2","XP_511582.2"
"PECAM1","47925","C.lupus","PECAM1","XM_848326.1","XP_853419.1"
"PECAM1","47925","B.taurus","PECAM1","NM_174571.2","NP_776996.1"
"PECAM1","47925","M.musculus","Pecam1","NM_008816.2","NP_032842.2"
"PECAM1","47925","G.gallus","PECAM1","XM_001234535.1","XP_001234536.1"
"PECAM1","47925","D.rerio","LOC569386","XM_692767.3","XP_697859.3"
"PGR","713","H.sapiens","PGR","NM_000926.4","NP_000917.3"
"PGR","713","C.lupus","PGR","NM_001003074.1","NP_001003074.1"
"PGR","713","M.musculus","Pgr","NM_008829.2","NP_032855.2"
"PGR","713","R.norvegicus","Pgr","NM_022847.1","NP_074038.1"
"PGR","713","G.gallus","PGR","NM_205262.1","NP_990593.1"
"PHB","1980","H.sapiens","PHB","NM_002634.2","NP_002625.1"
"PHB","1980","P.troglodytes","PHB","XM_001172487.1","XP_001172487.1"
"PHB","1980","C.lupus","PHB","XM_541546.2","XP_541546.1"
"PHB","1980","B.taurus","PHB","NM_001034572.1","NP_001029744.1"
"PHB","1980","M.musculus","Phb","NM_008831.3","NP_032857.1"
"PHB","1980","R.norvegicus","LOC688815","XM_579541.2","XP_579541.1"
"PHB","1980","G.gallus","PHB","XM_418103.2","XP_418103.1"
"PHB","1980","D.rerio","phb","NM_201297.1","NP_958454.1"
"PHB","1980","D.melanogaster","l(2)37Cc","NM_057259.4","NP_476607.2"
"PHB","1980","A.gambiae","AgaP_AGAP0","XM_309992.4","XP_309992.2"
"PHB","1980","C.elegans","phb-1","NM_058528.3","NP_490929.1"
"PHB","1980","S.pombe","SPAC1782.0","NM_001020140.1","NP_594713.1"
"PHB","1980","S.cerevisiae","PHB1","PHB1_6321571","NP_011648.1"
"PHB","1980","K.lactis","KLLA0D1630","XM_453779.1","XP_453779.1"
"PHB","1980","E.gossypii","AGOS_AFR31","NM_211215.1","NP_985860.1"
"PHB","1980","M.grisea","MGG_06004","XM_369460.2","XP_369460.2"
"PHB","1980","N.crassa","NCU08946.1","XM_331337.1","XP_331338.1"
"PHB","1980","A.thaliana","ATPHB4","NM_113642.3","NP_189364.1"
"PHB","1980","A.thaliana","ATPHB3","NM_123442.4","NP_198893.1"
"PHB","1980","O.sativa","Os02g05805","NM_001053771.1","NP_001047236.1"
"PHB","1980","O.sativa","Os04g04629","NM_001059541.1","NP_001053006.1"
"PHB","1980","P.falciparum","PF08_0006","XM_001349198.1","XP_001349234.1"
"PIGF","31103","H.sapiens","PIGF","NM_002643.3","NP_002634.1"
"PIGF","31103","P.troglodytes","PIGF","XM_515451.2","XP_515451.2"
"PIGF","31103","C.lupus","PIGF","XM_531809.2","XP_531809.2"
"PIGF","31103","B.taurus","PIGF","NM_001077074.1","NP_001070542.1"
"PIGF","31103","M.musculus","Pigf","NM_008838.1","NP_032864.1"
"PIGF","31103","D.rerio","pigf","NM_205645.1","NP_991208.1"
"PIGT","6134","H.sapiens","PIGT","NM_015937.3","NP_057021.2"
"PIGT","6134","P.troglodytes","PIGT","XM_001155968.1","XP_001155968.1"
"PIGT","6134","C.lupus","PIGT","XM_534436.2","XP_534436.2"
"PIGT","6134","B.taurus","PIGT","XM_865072.3","XP_870165.1"
"PIGT","6134","M.musculus","Pigt","NM_133779.2","NP_598540.2"
"PIGT","6134","R.norvegicus","Pigt","XM_215919.4","XP_215919.2"
"PIGT","6134","G.gallus","PIGT","XM_417358.2","XP_417358.2"
"PIGT","6134","D.rerio","LOC556667","XM_679516.3","XP_684608.1"
"PIGT","6134","D.melanogaster","CG11190","NM_132247.2","NP_572475.1"
"PIGT","6134","A.gambiae","AgaP_AGAP0","XM_314651.4","XP_314651.3"
"PIGT","6134","S.cerevisiae","GPI16","GPI16_6321982","NP_012058.1"
"PIGT","6134","K.lactis","KLLA0A0951","XM_451416.1","XP_451416.1"
"PIGT","6134","E.gossypii","AGOS_ADR33","NM_209782.1","NP_984429.1"
"PIGT","6134","M.grisea","MGG_03759","XM_361285.1","XP_361285.1"
"PIGT","6134","N.crassa","NCU05644.1","XM_325498.1","XP_325499.1"
"PIGT","6134","A.thaliana","AT3G07140","NM_111594.3","NP_566299.1"
"PLAGL1","31401","H.sapiens","PLAGL1","NM_006718.3","NP_006709.2"
"PLAGL1","31401","P.troglodytes","PLAGL1","XM_001172618.1","XP_001172618.1"
"PLAGL1","31401","C.lupus","PLAGL1","XM_541135.2","XP_541135.1"
"PLAGL1","31401","B.taurus","PLAGL1","NM_001103289.1","NP_001096759.1"
"PLAGL1","31401","R.norvegicus","Plagl1","NM_012760.1","NP_036892.1"
"PLAGL1","31401","G.gallus","PLAGL1","XM_419703.2","XP_419703.2"
"PLAT","717","H.sapiens","PLAT","NM_000930.3","NP_000921.1"
"PLAT","717","P.troglodytes","PLAT","XM_528120.2","XP_528120.2"
"PLAT","717","C.lupus","PLAT","XM_539955.2","XP_539955.2"
"PLAT","717","B.taurus","PLAT","NM_174146.3","NP_776571.2"
"PLAT","717","M.musculus","Plat","NM_008872.1","NP_032898.1"
"PLAT","717","R.norvegicus","Plat","NM_013151.2","NP_037283.2"
"PLAT","717","G.gallus","PLAT","XM_424404.2","XP_424404.1"
"PLAT","717","D.rerio","LOC1001491","XM_001921398.1","XP_001921433.1"
"PLOD2","22681","H.sapiens","PLOD2","NM_182943.2","NP_891988.1"
"PLOD2","22681","P.troglodytes","PLOD2","XM_516801.2","XP_516801.2"
"PLOD2","22681","C.lupus","PLOD2","XM_542822.2","XP_542822.2"
"PLOD2","22681","B.taurus","PLOD2","NM_001101149.1","NP_001094619.1"
"PLOD2","22681","M.musculus","Plod2","NM_011961.2","NP_036091.1"
"PLOD2","22681","R.norvegicus","Plod2","NM_175869.2","NP_787065.1"
"PLOD2","22681","G.gallus","PLOD2","XM_422695.2","XP_422695.2"
"PLOD2","22681","D.rerio","plod2","NM_001089464.1","NP_001082933.1"
"PLP2","2003","H.sapiens","PLP2","NM_002668.1","NP_002659.1"
"PLP2","2003","C.lupus","PLP2","XM_538034.2","XP_538034.2"
"PLP2","2003","B.taurus","PLP2","NM_203363.1","NP_976239.1"
"PLP2","2003","M.musculus","Plp2","NM_019755.3","NP_062729.1"
"PLP2","2003","R.norvegicus","Plp2","NM_207601.1","NP_997484.1"
"PLSCR1","41418","H.sapiens","PLSCR1","NM_021105.2","NP_066928.1"
"PLSCR1","41418","P.troglodytes","PLSCR1","XM_001135229.1","XP_001135229.1"
"PLSCR1","41418","C.lupus","PLSCR1","XM_849174.1","XP_854267.1"
"PLSCR1","41418","B.taurus","PLSCR1","NM_001034436.1","NP_001029608.1"
"PLSCR1","41418","M.musculus","Plscr1","NM_011636.1","NP_035766.1"
"PLSCR1","41418","R.norvegicus","Plscr1","NM_057194.1","NP_476542.1"
"PLSCR1","41418","G.gallus","PLSCR1","XM_001231236.1","XP_001231237.1"
"PLSCR1","41418","D.rerio","zgc:77051","NM_212866.1","NP_998031.1"
"PLSCR1","41418","D.rerio","LOC1001486","XM_001923803.1","XP_001923838.1"
"PLSCR1","41418","D.melanogaster","scramb1","NM_140132.3","NP_648389.3"
"PLSCR1","41418","A.gambiae","AgaP_AGAP0","XM_001688616.1","XP_001688668.1"
"PLSCR1","41418","C.elegans","scrm-2","NM_060920.1","NP_493321.1"
"PLSCR1","41418","C.elegans","scrm-4","NM_060574.3","NP_492975.3"
"PLSCR1","41418","C.elegans","scrm-1","NM_060575.3","NP_492976.2"
"PLSCR1","41418","C.elegans","scrm-3","NM_071533.2","NP_503934.2"
"POFUT1","9104","H.sapiens","POFUT1","NM_015352.1","NP_056167.1"
"POFUT1","9104","P.troglodytes","POFUT1","NM_001008982.1","NP_001008982.1"
"POFUT1","9104","C.lupus","POFUT1","XM_847230.1","XP_852323.1"
"POFUT1","9104","B.taurus","POFUT1","NM_182986.2","NP_892031.1"
"POFUT1","9104","M.musculus","Pofut1","NM_080463.3","NP_536711.3"
"POFUT1","9104","R.norvegicus","Pofut1","NM_001002278.1","NP_001002278.1"
"POFUT1","9104","G.gallus","POFUT1","NM_204427.2","NP_989758.1"
"POFUT1","9104","D.rerio","pofut1","NM_205718.2","NP_991281.2"
"POFUT1","9104","D.melanogaster","O-fut1","NM_137087.2","NP_610931.1"
"POFUT1","9104","A.gambiae","AgaP_AGAP0","XM_309312.4","XP_309312.4"
"POFUT1","9104","C.elegans","C15C7.7","NM_171649.5","NP_741744.2"
"POP5 ","41076","H.sapiens","POP5","NM_015918.3","NP_057002.2"
"POP5 ","41076","P.troglodytes","POP5","XM_509430.2","XP_509430.2"
"POP5 ","41076","C.lupus","POP5","XM_534710.2","XP_534710.2"
"POP5 ","41076","B.taurus","POP5","NM_001075312.1","NP_001068780.1"
"POP5 ","41076","M.musculus","Pop5","NM_026398.3","NP_080674.1"
"POP5 ","41076","R.norvegicus","Pop5","XM_213794.4","XP_213794.1"
"POP5 ","41076","G.gallus","POP5","XM_415266.2","XP_415266.2"
"POP5 ","41076","D.rerio","pop5","NM_001013548.1","NP_001013566.1"
"POU2F3","7898","C.lupus ","POU2F3 ","XM_847987.1 ","XP_853080.1"
"POU2F3","7898","B.taurus ","POU2F3 ","XM_594648.4 ","XP_594648.4"
"POU2F3","7898","M.musculus ","Pou2f3 ","NM_011139.2 ","NP_035269.2"
"POU2F3","7898","R.norvegicus ","Pou2f3 ","XM_343378.3 ","XP_343379.3"
"POU2F3","7898","G.gallus ","POU2F3 ","XM_425799.2 ","XP_425799.2"
"POU2F3","7898","D.rerio ","zgc:136377","NM_001045255.1 ","NP_001038720.1"
"POU2F3","7898","D.rerio ","LOC1000077","XM_001346095.2 ","XP_001346131.2"
"POU2F3 ","7898","H.sapiens ","POU2F3 ","NM_014352.2 ","NP_055167.2"
"POU2F3 ","7898","P.troglodytes ","POU2F3 ","XM_001151894.1 ","XP_001151894.1"
"PPL","2026","H.sapiens","PPL","NM_002705.4","NP_002696.3"
"PPL","2026","C.lupus","PPL","XM_547141.2","XP_547141.2"
"PPL","2026","B.taurus","PPL","XM_601174.4","XP_601174.4"
"PPL","2026","M.musculus","Ppl","NM_008909.2","NP_032935.2"
"PPL","2026","R.norvegicus","Ppl","XM_220174.4","XP_220174.4"
"PPL","2026","G.gallus","PPL","XM_414712.2","XP_414712.2"
"PPL","2026","D.rerio","ppl","XM_686519.2","XP_691611.2"
"PPP1R3C","3938","H.sapiens","PPP1R3C","NM_005398.4","NP_005389.1"
"PPP1R3C","3938","P.troglodytes","PPP1R3C","XM_507911.2","XP_507911.2"
"PPP1R3C","3938","C.lupus","PPP1R3C","XM_534961.2","XP_534961.2"
"PPP1R3C","3938","B.taurus","PPP1R3C","NM_001076164.1","NP_001069632.1"
"PPP1R3C","3938","M.musculus","Ppp1r3c","NM_016854.1","NP_058550.1"
"PPP1R3C","3938","R.norvegicus","Ppp1r3c","NM_001012072.1","NP_001012072.1"
"PPP1R3C","3938","G.gallus","PPP1R3C","XM_423102.2","XP_423102.2"
"PPP1R3C","3938","D.rerio","zgc:73259","NM_200834.1","NP_957128.1"
"PPP2R1B","70244","H.sapiens","PPP2R1B","NM_181699.2","NP_859050.1"
"PPP2R1B","70244","P.troglodytes","PPP2R1B","XM_522178.2","XP_522178.2"
"PPP2R1B","70244","C.lupus","PPP2R1B","XM_845791.1","XP_850884.1"
"PPP2R1B","70244","B.taurus","LOC1001381","XM_001788593.1","XP_001788645.1"
"PPP2R1B","70244","M.musculus","Ppp2r1b","NM_001034085.1","NP_001029257.1"
"PPP2R1B","70244","R.norvegicus","Ppp2r1b","NM_001025418.1","NP_001020589.1"
"PPP2R1B","70244","G.gallus","PPP2R1B","XM_001236601.1","XP_001236602.1"
"PPP2R1B","70244","D.rerio","ppp2r1b","NM_001005590.1","NP_001005590.1"
"PPP2R1B","70244","A.thaliana","RCN1","NM_102360.3","NP_173920.1"
"PRDM5","10274","C.lupus ","PRDM5 ","XM_540970.2 ","XP_540970.2"
"PRDM5","10274","B.taurus ","PRDM5 ","XM_617668.4 ","XP_617668.4"
"PRDM5","10274","M.musculus ","Prdm5 ","NM_027547.2 ","NP_081823.2"
"PRDM5","10274","R.norvegicus ","Prdm5 ","XM_001072014.1 ","XP_001072014.1"
"PRDM5","10274","G.gallus ","PRDM5 ","XM_420628.2 ","XP_420628.2"
"PRDM5","10274","D.rerio ","prdm5 ","NM_001002301.1 ","NP_001002301.1"
"PRDM5 ","10274","H.sapiens ","PRDM5 ","NM_018699.2 ","NP_061169.2"
"PRDM5 ","10274","P.troglodytes ","PRDM5 ","XM_001151366.1 ","XP_001151366.1"
"PRR11","10123","H.sapiens","PRR11","NM_018304.2","NP_060774.2"
"PRR11","10123","P.troglodytes","PRR11","XM_001172831.1","XP_001172831.1"
"PRR11","10123","C.lupus","PRR11","XM_847434.1","XP_852527.1"
"PRR11","10123","B.taurus","PRR11","NM_001098137.1","NP_001091606.1"
"PRR11","10123","M.musculus","Prr11","NM_175563.4","NP_780772.1"
"PRR11","10123","R.norvegicus","Prr11","XM_340871.3","XP_340872.3"
"PRR11","10123","G.gallus","PRR11","XM_001235260.1","XP_001235261.1"
"PRR11","10123","D.rerio","LOC567366","XM_690659.3","XP_695751.2"
"PRSS2","0","-","-","-","-"
"PRSS3","122141","H.sapiens ","PRSS1 ","NM_002769.3 ","NP_002760.1"
"PRSS3","122141","H.sapiens ","PRSS3 ","NM_002771.3 ","NP_002762.2"
"PRSS3","122141","P.troglodytes ","PRSS3 ","XM_001155576.1 ","XP_001155576.1"
"PRSS3","122141","B.taurus ","PRSS2 ","NM_174690.1 ","NP_777115.1"
"PRSS3","122141","M.musculus ","Prss2 ","NM_009430.1 ","NP_033456.1"
"PRSS3","122141","R.norvegicus ","Prss1 ","NM_012635.1 ","NP_036767.1"
"PRSS3","122141","G.gallus ","PRSS2 ","NM_205384.1 ","NP_990715.1"
"PRSS3","122141","A.gambiae ","AgaP_AGAP0","XM_319102.4 ","XP_319102.4"
"PSMB9","2094","H.sapiens","PSMB9","NM_002800.4","NP_002791.1"
"PSMB9","2094","P.troglodytes","PSMB9","XM_001167429.1","XP_001167429.1"
"PSMB9","2094","C.lupus","PSMB9","XM_532102.2","XP_532102.2"
"PSMB9","2094","B.taurus","PSMB9","NM_001034388.1","NP_001029560.1"
"PSMB9","2094","M.musculus","Psmb9","NM_013585.2","NP_038613.1"
"PSMB9","2094","R.norvegicus","Psmb9","NM_012708.1","NP_036840.1"
"PSMB9","2094","D.rerio","psmb9a","NM_131391.2","NP_571466.1"
"PTEN","265","H.sapiens","PTEN","NM_000314.4","NP_000305.3"
"PTEN","265","P.troglodytes","PTEN","XM_521544.2","XP_521544.2"
"PTEN","265","C.lupus","PTEN","NM_001003192.1","NP_001003192.1"
"PTEN","265","B.taurus","PTEN","XM_613125.4","XP_613125.4"
"PTEN","265","M.musculus","Pten","NM_008960.2","NP_032986.1"
"PTEN","265","R.norvegicus","Pten","NM_031606.1","NP_113794.1"
"PTEN","265","G.gallus","PTEN","XM_421555.2","XP_421555.1"
"PTEN","265","D.rerio","ptenb","NM_001001822.2","NP_001001822.1"
"PTEN","265","D.melanogaster","Pten","NM_058074.2","NP_477422.1"
"PTEN","265","A.gambiae","AgaP_AGAP0","XM_553421.2","XP_553421.2"
"PTGS2","31000","H.sapiens","PTGS2","NM_000963.2","NP_000954.1"
"PTGS2","31000","P.troglodytes","PTGS2","XM_524999.2","XP_524999.2"
"PTGS2","31000","C.lupus","PTGS2","NM_001003354.1","NP_001003354.1"
"PTGS2","31000","B.taurus","PTGS2","NM_174445.2","NP_776870.1"
"PTGS2","31000","M.musculus","Ptgs2","NM_011198.3","NP_035328.2"
"PTGS2","31000","R.norvegicus","Ptgs2","NM_017232.2","NP_058928.2"
"PTGS2","31000","G.gallus","PTGS2","XM_422297.2","XP_422297.1"
"PTGS2","31000","D.rerio","ptgs2b","NM_001025504.2","NP_001020675.1"
"PTK6","68494","H.sapiens","PTK6","NM_005975.2","NP_005966.1"
"PTK6","68494","B.taurus","PTK6","XM_608273.2","XP_608273.2"
"PTK6","68494","M.musculus","Ptk6","NM_009184.2","NP_033210.1"
"PTK6","68494","R.norvegicus","Ptk6","XM_345485.3","XP_345486.1"
"PTK6","68494","D.rerio","ptk6b","NM_001076672.1","NP_001070140.1"
"PTK6","68494","D.rerio","LOC555232","XM_677686.3","XP_682778.3"
"PTPN6","56589","H.sapiens","PTPN6","NM_080548.4","NP_536858.1"
"PTPN6","56589","P.troglodytes","PTPN6","XM_001163468.1","XP_001163468.1"
"PTPN6","56589","C.lupus","PTPN6","XM_543844.2","XP_543844.2"
"PTPN6","56589","B.taurus","PTPN6","NM_001098017.1","NP_001091486.1"
"PTPN6","56589","M.musculus","Ptpn6","NM_001077705.1","NP_001071173.1"
"PTPN6","56589","R.norvegicus","Ptpn6","NM_053908.1","NP_446360.1"
"PTPN6","56589","G.gallus","PTPN6","NM_001031484.1","NP_001026655.1"
"PTPN6","56589","D.rerio","ptpn6","NM_199960.1","NP_956254.1"
"PTTG1","3110","H.sapiens","PTTG1","NM_004219.2","NP_004210.1"
"PTTG1","3110","P.troglodytes","PTTG1","XM_518076.2","XP_518076.1"
"PTTG1","3110","C.lupus","PTTG1","XM_536445.2","XP_536445.2"
"PTTG1","3110","B.taurus","PTTG1","NM_001034310.2","NP_001029482.1"
"PTTG1","3110","B.taurus","LOC539883","XM_001789757.1","XP_001789809.1"
"PTTG1","3110","B.taurus","PTTG1","XM_587845.3","XP_587845.1"
"PTTG1","3110","M.musculus","Pttg1","NM_013917.1","NP_038945.1"
"PTTG1","3110","R.norvegicus","Pttg1","NM_022391.1","NP_071786.1"
"PTTG1","3110","G.gallus","PTTG1","XM_001232399.1","XP_001232400.1"
"PWP2H","3702","H.sapiens","PWP2","NM_005049.2","NP_005040.2"
"PWP2H","3702","P.troglodytes","PWP2","XM_001148657.1","XP_001148657.1"
"PWP2H","3702","C.lupus","PWP2","XM_544915.2","XP_544915.2"
"PWP2H","3702","B.taurus","PWP2","XM_592170.4","XP_592170.3"
"PWP2H","3702","M.musculus","Pwp2","NM_029546.2","NP_083822.1"
"PWP2H","3702","R.norvegicus","Pwp2","XM_001074000.1","XP_001074000.1"
"PWP2H","3702","G.gallus","PWP2","XM_416757.2","XP_416757.2"
"PWP2H","3702","D.rerio","pwp2h","NM_213047.1","NP_998212.1"
"PWP2H","3702","D.melanogaster","CG12325","NM_136774.1","NP_610618.1"
"PWP2H","3702","A.gambiae","AgaP_AGAP0","XM_311407.4","XP_311407.4"
"PWP2H","3702","C.elegans","F55F8.3","NM_059252.4","NP_491653.2"
"PWP2H","3702","S.pombe","SPBC713.04","NM_001021251.1","NP_595343.1"
"PWP2H","3702","S.cerevisiae","PWP2","PWP2_6319903","NP_009984.1"
"PWP2H","3702","K.lactis","KLLA0C0897","XM_452599.1","XP_452599.1"
"PWP2H","3702","E.gossypii","AGOS_AAR05","NM_207951.1","NP_982598.1"
"PWP2H","3702","M.grisea","MGG_07465","XM_367554.1","XP_367554.1"
"PWP2H","3702","N.crassa","NCU03794.1","XM_323094.1","XP_323095.1"
"PWP2H","3702","A.thaliana","AT1G15440","NM_101414.3","NP_172998.1"
"PWP2H","3702","O.sativa","Os05g05195","NM_001062599.1","NP_001056064.1"
"PWP2H","3702","P.falciparum","PF08_0130","XM_001349455.1","XP_001349491.1"
"RAF1","48145","H.sapiens","RAF1","NM_002880.3","NP_002871.1"
"RAF1","48145","P.troglodytes","RAF1","XM_001155232.1","XP_001155232.1"
"RAF1","48145","C.lupus","RAF1","XM_854141.1","XP_859234.1"
"RAF1","48145","B.taurus","RAF1","NM_001102505.1","NP_001095975.1"
"RAF1","48145","M.musculus","Raf1","NM_029780.3","NP_084056.1"
"RAF1","48145","R.norvegicus","Raf1","NM_012639.2","NP_036771.1"
"RAF1","48145","G.gallus","RAF1","NM_205307.1","NP_990638.1"
"RAF1","48145","D.rerio","raf1","NM_131439.1","NP_571514.1"
"RALY","7216","H.sapiens","RALY","NM_016732.1","NP_057951.1"
"RALY","7216","P.troglodytes","RALY","XM_514591.2","XP_514591.2"
"RALY","7216","C.lupus","RALY","XM_542969.2","XP_542969.2"
"RALY","7216","B.taurus","RALY","NM_001014847.1","NP_001014847.1"
"RALY","7216","M.musculus","Raly","NM_023130.1","NP_075619.1"
"RALY","7216","R.norvegicus","Raly","NM_001011958.1","NP_001011958.1"
"RALY","7216","G.gallus","RALY","XM_417332.2","XP_417332.2"
"RALY","7216","D.rerio","raly","NM_205610.1","NP_991173.1"
"RAPGEF3","21231","H.sapiens","RAPGEF3","NM_001098531.2","NP_001092001.1"
"RAPGEF3","21231","P.troglodytes","RAPGEF3","XM_522596.2","XP_522596.2"
"RAPGEF3","21231","C.lupus","RAPGEF3","XM_543717.2","XP_543717.2"
"RAPGEF3","21231","B.taurus","RAPGEF3","NM_001080302.1","NP_001073771.1"
"RAPGEF3","21231","M.musculus","Rapgef3","NM_144850.1","NP_659099.1"
"RAPGEF3","21231","R.norvegicus","Rapgef3","NM_021690.1","NP_067722.1"
"RAPGEF3","21231","G.gallus","RAPGEF3","XM_424494.2","XP_424494.2"
"RAPGEF3","21231","D.rerio","LOC1000037","XM_001343204.1","XP_001343240.1"
"RARA","20262","H.sapiens","RARA","NM_001145301.1","NP_001138773.1"
"RARA","20262","C.lupus","RARA","NM_001012645.1","NP_001012663.1"
"RARA","20262","B.taurus","RARA","XM_001790312.1","XP_001790364.1"
"RARA","20262","M.musculus","Rara","NM_009024.2","NP_033050.2"
"RARA","20262","R.norvegicus","Rara","NM_031528.1","NP_113716.1"
"RARA","20262","D.rerio","rarab","NM_131399.1","NP_571474.1"
"RARA","20262","D.rerio","raraa","NM_131406.2","NP_571481.2"
"RARB","68100","H.sapiens","RARB","NM_000965.3","NP_000956.2"
"RARB","68100","P.troglodytes","RARB","XM_001164404.1","XP_001164404.1"
"RARB","68100","C.lupus","RARB","XM_857187.1","XP_862280.1"
"RARB","68100","M.musculus","Rarb","NM_011243.1","NP_035373.1"
"RARB","68100","G.gallus","RARB","NM_205326.1","NP_990657.1"
"RARB","68100","D.rerio","rarga","NM_131339.1","NP_571414.1"
"RARG","20263","H.sapiens ","RARG ","NM_000966.4 ","NP_000957.1"
"RARG","20263","P.troglodytes ","RARG ","XM_509094.2 ","XP_509094.2"
"RARG","20263","C.lupus ","RARG ","XM_844167.1 ","XP_849260.1"
"RARG","20263","B.taurus ","RARG ","XM_866891.3 ","XP_871984.3"
"RARG","20263","M.musculus ","Rarg ","NM_011244.3 ","NP_035374.3"
"RARG","20263","R.norvegicus ","Rarg ","XM_001062412.1 ","XP_001062412.1"
"RARG","20263","D.rerio ","rargb ","NM_001083310.1 ","NP_001076779.1"
"RARRES3","48290","H.sapiens","RARRES3","NM_004585.3","NP_004576.2"
"RARRES3","48290","P.troglodytes","RARRES3","XM_508513.2","XP_508513.2"
"RARRES3","48290","C.lupus","RARRES3","XM_540893.2","XP_540893.2"
"RARRES3","48290","D.rerio","zgc:92249","NM_001002623.1","NP_001002623.1"
"RASSF1","10499","H.sapiens","RASSF1","NM_170714.1","NP_733832.1"
"RASSF1","10499","P.troglodytes","RASSF1","XM_001168270.1","XP_001168270.1"
"RASSF1","10499","C.lupus","RASSF1","XM_845162.1","XP_850255.1"
"RASSF1","10499","R.norvegicus","Rassf1","NM_001037555.1","NP_001032644.1"
"RASSF1","10499","G.gallus","RASSF1","XM_422923.1","XP_422923.1"
"RASSF1","10499","D.rerio","rassf1","NM_001004550.1","NP_001004550.1"
"RASSF1","10499","C.elegans","T24F1.3","NM_001027191.2","NP_001022362.1"
"RBL1","2172","H.sapiens","RBL1","NM_002895.2","NP_002886.2"
"RBL1","2172","P.troglodytes","RBL1","XM_001139919.1","XP_001139919.1"
"RBL1","2172","C.lupus","RBL1","XM_534412.2","XP_534412.2"
"RBL1","2172","B.taurus","RBL1","XM_603207.4","XP_603207.3"
"RBL1","2172","M.musculus","Rbl1","NM_011249.1","NP_035379.1"
"RBL1","2172","R.norvegicus","Rbl1","XM_001055763.1","XP_001055763.1"
"RBL1","2172","G.gallus","RBL1","XM_417312.2","XP_417312.2"
"RBL1","2172","D.rerio","rbl1","XM_001333003.2","XP_001333039.2"
"RBL1","2172","D.melanogaster","Rbf","NM_080297.2","NP_525036.2"
"RBL1","2172","A.gambiae","AgaP_AGAP0","XM_316517.4","XP_316517.4"
"RBL1","2172","A.thaliana","RBR1","NM_112064.4","NP_566417.3"
"RBL1","2172","O.sativa","Os08g05387","NM_001068907.1","NP_001062372.1"
"RBL2","4098","H.sapiens","RBL2","NM_005611.3","NP_005602.3"
"RBL2","4098","P.troglodytes","RBL2","XM_523371.2","XP_523371.2"
"RBL2","4098","C.lupus","RBL2","XM_535303.2","XP_535303.2"
"RBL2","4098","B.taurus","RBL2","NM_001098073.1","NP_001091542.1"
"RBL2","4098","M.musculus","Rbl2","NM_011250.2","NP_035380.2"
"RBL2","4098","R.norvegicus","Rbl2","NM_031094.1","NP_112356.1"
"RBL2","4098","G.gallus","RBL2","XM_414087.2","XP_414087.2"
"RBL2","4098","D.rerio","LOC557385","XM_001922133.1","XP_001922168.1"
"RBL2","4098","C.elegans","lin-35","NM_059285.2","NP_491686.1"
"RBP1","2175","H.sapiens","RBP1","NM_002899.3","NP_002890.2"
"RBP1","2175","P.troglodytes","RBP1","XM_001158395.1","XP_001158395.1"
"RBP1","2175","C.lupus","RBP1","XM_534285.2","XP_534285.2"
"RBP1","2175","B.taurus","RBP1","NM_001025343.1","NP_001020514.1"
"RBP1","2175","M.musculus","Rbp1","NM_011254.5","NP_035384.1"
"RBP1","2175","R.norvegicus","Rbp1","NM_012733.4","NP_036865.1"
"RBP1","2175","G.gallus","RBP1","XM_422635.2","XP_422635.1"
"RBP1","2175","D.rerio","si:ch211-1","NM_001114899.1","NP_001108371.1"
"RCL1","4217","H.sapiens","RCL1","NM_005772.3","NP_005763.3"
"RCL1","4217","P.troglodytes","RCL1","XM_520471.2","XP_520471.2"
"RCL1","4217","C.lupus","RCL1","XM_541299.2","XP_541299.2"
"RCL1","4217","B.taurus","RCL1","NM_001077131.1","NP_001070599.1"
"RCL1","4217","M.musculus","Rcl1","NM_021525.2","NP_067500.1"
"RCL1","4217","R.norvegicus","Rcl1","NM_001013152.1","NP_001013170.1"
"RCL1","4217","G.gallus","RCL1","XM_424808.2","XP_424808.1"
"RCL1","4217","D.rerio","rcl1","NM_001003865.1","NP_001003865.1"
"RCL1","4217","D.melanogaster","Rtc1","NM_132691.2","NP_572919.1"
"RCL1","4217","A.gambiae","AgaP_AGAP0","XM_314471.4","XP_314471.2"
"RCL1","4217","C.elegans","ZK1127.5","NM_063044.4","NP_495445.2"
"RCL1","4217","S.pombe","SPAC12G12.","NM_001018292.1","NP_592892.1"
"RCL1","4217","S.cerevisiae","RCL1","RCL1_6324564","NP_014633.1"
"RCL1","4217","K.lactis","KLLA0C0598","XM_452464.1","XP_452464.1"
"RCL1","4217","E.gossypii","AGOS_ACL01","NM_208742.1","NP_983389.1"
"RCL1","4217","A.thaliana","AT5G22100","NM_147891.3","NP_680196.1"
"RCL1","4217","O.sativa","Os03g08337","NM_001058346.1","NP_001051811.1"
"RCL1","4217","P.falciparum","PF14_0677","XM_001348815.1","XP_001348851.1"
"RGS1","2191","H.sapiens","RGS1","NM_002922.3","NP_002913.3"
"RGS1","2191","P.troglodytes","RGS1","XM_514068.2","XP_514068.2"
"RGS1","2191","C.lupus","RGS1","XM_545702.2","XP_545702.2"
"RGS1","2191","B.taurus","RGS1","XM_001252887.2","XP_001252888.1"
"RGS1","2191","M.musculus","Rgs1","NM_015811.1","NP_056626.1"
"RGS1","2191","R.norvegicus","Rgs1","NM_019336.1","NP_062209.1"
"RGS1","2191","G.gallus","RGS1","XM_422203.2","XP_422203.2"
"RHCG","32310","H.sapiens","RHCG","NM_016321.1","NP_057405.1"
"RHCG","32310","P.troglodytes","RHCG","NM_001035523.1","NP_001030600.1"
"RHCG","32310","C.lupus","RHCG","XM_549635.2","XP_549635.2"
"RHCG","32310","B.taurus","RHCG","NM_174172.2","NP_776597.1"
"RHCG","32310","M.musculus","Rhcg","NM_019799.2","NP_062773.1"
"RHCG","32310","R.norvegicus","Rhcg","NM_183053.1","NP_898876.1"
"RHCG","32310","G.gallus","RHCG","NM_001004370.1","NP_001004370.1"
"RHCG","32310","D.rerio","zgc:162132","NM_001089577.1","NP_001083046.1"
"RHCG","32310","D.rerio","rhcg2a","NM_001102618.1","NP_001096088.1"
"RNASEN","8293","H.sapiens","RNASEN","NM_013235.4","NP_037367.3"
"RNASEN","8293","P.troglodytes","RNASEN","XM_001157589.1","XP_001157589.1"
"RNASEN","8293","C.lupus","RNASEN","XM_849042.1","XP_854135.1"
"RNASEN","8293","B.taurus","RNASEN","XM_591998.4","XP_591998.4"
"RNASEN","8293","M.musculus","Rnasen","NM_026799.2","NP_081075.2"
"RNASEN","8293","R.norvegicus","Rnasen","XM_226843.4","XP_226843.4"
"RNASEN","8293","G.gallus","RNASEN","NM_001006379.1","NP_001006379.1"
"RNASEN","8293","D.rerio","zgc:158612","NM_001110472.1","NP_001103942.1"
"RNASEN","8293","D.melanogaster","drosha","NM_058088.3","NP_477436.1"
"RNASEN","8293","A.gambiae","AgaP_AGAP0","XM_555381.3","XP_555381.3"
"RNASEN","8293","C.elegans","drsh-1","NM_001128988.1","NP_001122460.1"
"RNF114","10265","H.sapiens","RNF114","NM_018683.3","NP_061153.1"
"RNF114","10265","P.troglodytes","RNF114","XM_525413.2","XP_525413.2"
"RNF114","10265","C.lupus","RNF114","XM_534453.2","XP_534453.2"
"RNF114","10265","B.taurus","RNF114","NM_001024531.2","NP_001019702.1"
"RNF114","10265","M.musculus","Rnf114","NM_030743.5","NP_109668.2"
"RNF114","10265","R.norvegicus","Rnf114","NM_001001517.1","NP_001001517.1"
"RNF114","10265","G.gallus","ZNF313","NM_001001767.2","NP_001001767.2"
"RNF114","10265","D.rerio","rnf114","NM_001001828.4","NP_001001828.2"
"RPL37","68110","H.sapiens","RPL37","NM_000997.4","NP_000988.1"
"RPL37","68110","P.troglodytes","RPL37","XM_517789.2","XP_517789.1"
"RPL37","68110","C.lupus","LOC608929","XM_845939.1","XP_851032.1"
"RPL37","68110","B.taurus","RPL37","XM_001249477.2","XP_001249478.1"
"RPL37","68110","B.taurus","RPL37","NM_001078132.1","NP_001071600.1"
"RPL37","68110","M.musculus","Rpl37","NM_026069.2","NP_080345.1"
"RPL37","68110","R.norvegicus","Rpl37","NM_031106.1","NP_112368.1"
"RPL37","68110","G.gallus","RPL37","XM_424773.2","XP_424773.1"
"RPL37","68110","D.rerio","LOC1000009","XM_001335947.2","XP_001335983.1"
"RPL37","68110","D.melanogaster","RpL37a","NM_132777.1","NP_573005.1"
"RPL37","68110","A.gambiae","AgaP_AGAP0","XM_309142.2","XP_309142.2"
"RPL37","68110","C.elegans","W01D2.1","NM_064671.4","NP_497072.1"
"RPL37","68110","C.elegans","rpl-37","NM_065326.3","NP_497727.1"
"RPL37","68110","S.pombe","rpl37","NM_001023341.1","NP_588350.1"
"RPL37","68110","S.pombe","rpl37","NM_001018701.1","NP_001018221.1"
"RPL37","68110","S.cerevisiae","RPL37A","RPL37A_6323214","NP_013286.1"
"RPL37","68110","S.cerevisiae","RPL37B","RPL37B_6320708","NP_010788.1"
"RPL37","68110","K.lactis","KLLA0C0187","XM_452279.1","XP_452279.1"
"RPL37","68110","E.gossypii","AGOS_AFR68","NM_212372.1","NP_986236.1"
"RPL37","68110","M.grisea","MGG_02620","XM_366544.2","XP_366544.2"
"RPL37","68110","N.crassa","NCU01966.1","XM_329155.1","XP_329156.1"
"RPL37","68110","A.thaliana","AT3G16080","NM_112478.3","NP_566535.1"
"RPL37","68110","A.thaliana","AT1G15250","NM_101393.3","NP_172977.1"
"RPL37","68110","A.thaliana","AT1G52300","NM_104109.2","NP_175640.1"
"RPL37","68110","O.sativa","Os02g08150","NM_001055033.1","NP_001048498.1"
"RPL37","68110","O.sativa","Os02g01117","NM_001052190.1","NP_001045655.1"
"RPL37","68110","O.sativa","Os08g01285","NM_001067447.1","NP_001060912.1"
"RPL39L","122215","H.sapiens ","RPL39L ","NM_052969.1 ","NP_443201.1"
"RPL39L","122215","M.musculus ","Rpl39l ","NM_026594.2 ","NP_080870.1"
"RPRM ","10524","H.sapiens ","RPRM ","NM_019845.2 ","NP_062819.1"
"RPRM ","10524","P.troglodytes ","RPRM ","XM_001141560.1 ","XP_001141560.1"
"RPRM ","10524","B.taurus ","RPRM ","NM_001080739.1 ","NP_001074208.1"
"RPRM ","10524","M.musculus ","Rprm ","NM_023396.4 ","NP_075885.1"
"RPRM ","10524","R.norvegicus ","Rprm ","XM_001055762.1 ","XP_001055762.1"
"RPRM ","10524","D.rerio ","zgc:112209","NM_001020664.1 ","NP_001018500.1"
"RPRM ","10524","D.rerio ","rprm ","NM_200806.1 ","NP_957100.1"
"RPS19","37416","H.sapiens","RPS19","NM_001022.3","NP_001013.1"
"RPS19","37416","P.troglodytes","RPS19","XM_512692.2","XP_512692.2"
"RPS19","37416","C.lupus","RPS19","XM_533657.2","XP_533657.2"
"RPS19","37416","B.taurus","RPS19","NM_001037467.1","NP_001032544.1"
"RPS19","37416","M.musculus","Rps19","NM_023133.1","NP_075622.1"
"RPS19","37416","R.norvegicus","Rps19","NM_001037346.1","NP_001032423.1"
"RPS19","37416","D.rerio","rps19","NM_200750.1","NP_957044.1"
"RPS19","37416","D.melanogaster","RpS19b","NM_142938.1","NP_651195.1"
"RPS19","37416","A.gambiae","AgaP_AGAP0","XM_563989.3","XP_563989.1"
"RPS19","37416","C.elegans","rps-19","NM_060154.5","NP_492555.1"
"RPS19","37416","S.pombe","rps19-1","NM_001022513.1","NP_596593.1"
"RPS19","37416","S.pombe","rps19","NM_001021127.1","NP_595221.1"
"RPS19","37416","S.cerevisiae","RPS19A","RPS19A_6324451","NP_014520.1"
"RPS19","37416","S.cerevisiae","RPS19B","RPS19B_6324027","NP_014097.1"
"RPS19","37416","K.lactis","KLLA0A0719","XM_451319.1","XP_451319.1"
"RPS19","37416","E.gossypii","AGOS_ADL15","NM_209291.1","NP_983938.1"
"RPS19","37416","M.grisea","MGG_05026","XM_359751.1","XP_359751.1"
"RPS19","37416","N.crassa","NCU07826.1","XM_328531.1","XP_328532.1"
"RPS19","37416","A.thaliana","AT5G61170","NM_125510.4","NP_200925.1"
"RPS19","37416","A.thaliana","AT3G02080","NM_111074.3","NP_186857.1"
"RPS19","37416","A.thaliana","AT5G15520","NM_121556.3","NP_197056.1"
"RPS19","37416","O.sativa","Os03g04245","NM_001056932.1","NP_001050397.1"
"RPS19","37416","P.falciparum","PFD1055w","XM_001351491.1","XP_001351527.1"
"RPSA","103854","H.sapiens ","RPSA ","NM_001012321.1 ","NP_001012321.1"
"RPSA","103854","P.troglodytes ","LOC740423 ","XM_001158586.1 ","XP_001158586.1"
"RPSA","103854","P.troglodytes ","LOC747747 ","XM_001172054.1 ","XP_001172054.1"
"RPSA","103854","C.lupus ","RPSA ","XM_533909.2 ","XP_533909.1"
"RPSA","103854","C.lupus ","RPSA ","XM_855691.1 ","XP_860784.1"
"RPSA","103854","B.taurus ","RPSA ","NM_174379.2 ","NP_776804.1"
"RPSA","103854","M.musculus ","Rpsa ","NM_011029.3 ","NP_035159.2"
"RRAD","3071","H.sapiens","RRAD","NM_001128850.1","NP_001122322.1"
"RRAD","3071","P.troglodytes","RRAD","XM_001143391.1","XP_001143391.1"
"RRAD","3071","C.lupus","RRAD","XM_848955.1","XP_854048.1"
"RRAD","3071","B.taurus","RRAD","NM_001045913.1","NP_001039378.1"
"RRAD","3071","M.musculus","Rrad","NM_019662.2","NP_062636.2"
"RRAD","3071","R.norvegicus","Rrad","NM_053338.1","NP_445790.1"
"RRAD","3071","G.gallus","RRAD","XM_414151.2","XP_414151.1"
"RRAD","3071","D.rerio","rrad","NM_199798.1","NP_956092.1"
"RRAD","3071","D.melanogaster","Rgk1","NM_137567.1","NP_611411.1"
"RRAD","3071","A.gambiae","AgaP_AGAP0","XM_308189.4","XP_308189.4"
"RRAS","4565","H.sapiens","RRAS","NM_006270.3","NP_006261.1"
"RRAS","4565","P.troglodytes","RRAS","XM_524339.2","XP_524339.1"
"RRAS","4565","C.lupus","RRAS","XM_533617.2","XP_533617.1"
"RRAS","4565","B.taurus","RRAS","NM_001038688.1","NP_001033777.1"
"RRAS","4565","M.musculus","Rras","NM_009101.2","NP_033127.1"
"RRAS","4565","R.norvegicus","Rras","XM_341851.3","XP_341852.1"
"RRAS","4565","D.rerio","rras","NM_001005931.2","NP_001005931.2"
"RRM2","20277","H.sapiens","RRM2","NM_001034.2","NP_001025.1"
"RRM2","20277","C.lupus","RRM2","XM_540076.2","XP_540076.2"
"RRM2","20277","B.taurus","RRM2","XM_584910.4","XP_584910.2"
"RRM2","20277","M.musculus","Rrm2","NM_009104.1","NP_033130.1"
"RRM2","20277","R.norvegicus","Rrm2","NM_001025740.1","NP_001020911.1"
"RRM2","20277","G.gallus","RRM2","XM_419948.2","XP_419948.2"
"RRM2","20277","D.rerio","rrm2","NM_131450.2","NP_571525.1"
"RRM2","20277","D.melanogaster","RnrS","NM_080372.2","NP_525111.1"
"RRM2","20277","A.gambiae","AgaP_AGAP0","XM_308927.4","XP_308927.4"
"RRM2","20277","C.elegans","rnr-2","NM_065420.4","NP_497821.1"
"RRM2","20277","S.pombe","suc22","NM_001022467.1","NP_596546.1"
"RRM2","20277","S.cerevisiae","RNR2","RNR2_6322434","NP_012508.1"
"RRM2","20277","K.lactis","KLLA0F1510","XM_455757.1","XP_455757.1"
"RRM2","20277","E.gossypii","AGOS_AAL13","NM_207759.1","NP_982406.1"
"RRM2","20277","M.grisea","MGG_06408","XM_369893.1","XP_369893.1"
"RRM2","20277","N.crassa","NCU07887.1","XM_328592.1","XP_328593.1"
"RRM2","20277","A.thaliana","TSO2","NM_113620.3","NP_189342.1"
"RRM2","20277","O.sativa","Os06g01279","NM_001063203.1","NP_001056668.1"
"RRM2","20277","P.falciparum","PF14_0053","XM_001348190.1","XP_001348226.1"
"RTN3","24934","H.sapiens","RTN3","NM_201428.1","NP_958831.1"
"RTN3","24934","P.troglodytes","RTN3","XM_001162095.1","XP_001162095.1"
"RTN3","24934","C.lupus","RTN3","XM_862208.1","XP_867301.1"
"RTN3","24934","B.taurus","RTN3","NM_182657.1","NP_872598.1"
"RTN3","24934","M.musculus","Rtn3","NM_001003934.1","NP_001003934.1"
"RTN3","24934","R.norvegicus","Rtn3","NM_080909.2","NP_543185.2"
"RTN3","24934","D.rerio","rtn3","NM_201072.1","NP_957366.1"
"RUNX1","1331","H.sapiens","RUNX1","NM_001754.4","NP_001745.2"
"RUNX1","1331","P.troglodytes","RUNX1","XM_001168297.1","XP_001168297.1"
"RUNX1","1331","C.lupus","RUNX1","XM_544871.2","XP_544871.2"
"RUNX1","1331","B.taurus","RUNX1","XM_865771.2","XP_870864.1"
"RUNX1","1331","R.norvegicus","Runx1","NM_017325.1","NP_059021.1"
"RUNX1","1331","D.rerio","runx1","NM_131603.2","NP_571678.1"
"RUNX3","37914","H.sapiens","RUNX3","NM_001031680.2","NP_001026850.1"
"RUNX3","37914","P.troglodytes","RUNX3","XM_530106.2","XP_530106.2"
"RUNX3","37914","C.lupus","RUNX3","XM_544492.2","XP_544492.2"
"RUNX3","37914","B.taurus","RUNX3","XM_869638.2","XP_874731.2"
"RUNX3","37914","M.musculus","Runx3","NM_019732.2","NP_062706.2"
"RUNX3","37914","R.norvegicus","Runx3","NM_130425.1","NP_569109.1"
"RUNX3","37914","G.gallus","RUNX3","XM_001232977.1","XP_001232978.1"
"RUNX3","37914","D.rerio","runx3","NM_131604.2","NP_571679.2"
"RUNX3","37914","D.melanogaster","CG34145","NM_001042820.1","NP_001036285.1"
"RUNX3","37914","D.melanogaster","CG42267","NM_134554.1","NP_608398.1"
"S100A10","2228","H.sapiens","S100A10","NM_002966.2","NP_002957.1"
"S100A10","2228","P.troglodytes","LOC457306","XM_513807.2","XP_513807.2"
"S100A10","2228","C.lupus","S100A10","XM_533060.2","XP_533060.2"
"S100A10","2228","B.taurus","S100A10","NM_174650.1","NP_777075.1"
"S100A10","2228","M.musculus","S100a10","NM_009112.2","NP_033138.1"
"S100A10","2228","R.norvegicus","S100a10","NM_031114.1","NP_112376.1"
"S100A10","2228","D.rerio","s100a10b","NM_213003.1","NP_998168.1"
"S100A10","2228","D.rerio","s100a10a","XM_001341056.1","XP_001341092.1"
"S100A7","48150","H.sapiens ","S100A7 ","NM_002963.3 ","NP_002954.2"
"S100A7","48150","P.troglodytes ","S100A7 ","XM_001138487.1 ","XP_001138487.1"
"S100A7","48150","B.taurus ","S100A7 ","NM_174596.2 ","NP_777021.1"
"S100A7","48150","B.taurus ","LOC786350 ","XM_001254054.2 ","XP_001254055.1"
"S100A7","48150","B.taurus ","LOC618269 ","XM_870600.3 ","XP_875693.1"
"S100A8","2225","H.sapiens","S100A8","NM_002964.3","NP_002955.2"
"S100A8","2225","P.troglodytes","S100A8","XM_513814.2","XP_513814.2"
"S100A8","2225","C.lupus","S100A8","XM_547583.2","XP_547583.2"
"S100A8","2225","B.taurus","S100A8","XM_001790316.1","XP_001790368.1"
"S100A8","2225","M.musculus","S100a8","NM_013650.2","NP_038678.1"
"S100A8","2225","R.norvegicus","S100a8","NM_053822.1","NP_446274.1"
"S100A9","2227","H.sapiens ","S100A9 ","NM_002965.3 ","NP_002956.1"
"S100A9","2227","P.troglodytes ","S100A9 ","XM_001137562.1 ","XP_001137562.1"
"S100A9","2227","C.lupus ","S100A9 ","XM_547585.2 ","XP_547585.2"
"S100A9","2227","B.taurus ","S100A9 ","NM_001046328.1 ","NP_001039793.1"
"S100A9","2227","M.musculus ","S100a9 ","NM_009114.2 ","NP_033140.1"
"S100A9","2227","R.norvegicus ","S100a9 ","NM_053587.1 ","NP_446039.1"
"S100P","81743","H.sapiens","S100P","NM_005980.2","NP_005971.1"
"S100P","81743","P.troglodytes","S100P","XM_001156309.1","XP_001156309.1"
"S100P","81743","C.lupus","S100P","XM_847763.1","XP_852856.1"
"SAA1","81819","H.sapiens","SAA1","NM_000331.3","NP_000322.2"
"SAA1","81819","C.lupus","SAA1","XM_537868.2","XP_537868.2"
"SAA1","81819","C.lupus","SAA1","XM_534081.2","XP_534081.1"
"SAA1","81819","B.taurus","LOC618238","XM_870567.3","XP_875660.1"
"SAA1","81819","B.taurus","LOC506412","NM_001075260.1","NP_001068728.1"
"SAA1","81819","B.taurus","LOC616035","XM_867996.3","XP_873089.3"
"SAA1","81819","B.taurus","SAA3","NM_181016.3","NP_851359.2"
"SAA1","81819","M.musculus","Saa3","NM_011315.3","NP_035445.1"
"SAA1","81819","D.rerio","zgc:103580","NM_001005599.1","NP_001005599.1"
"SCAMP1","37975","H.sapiens","SCAMP1","NM_004866.4","NP_004857.4"
"SCAMP1","37975","P.troglodytes","SCAMP1","XM_001141573.1","XP_001141573.1"
"SCAMP1","37975","C.lupus","SCAMP1","XM_854633.1","XP_859726.1"
"SCAMP1","37975","B.taurus","SCAMP1","NM_001076054.1","NP_001069522.1"
"SCAMP1","37975","M.musculus","Scamp1","NM_029153.1","NP_083429.1"
"SCAMP1","37975","R.norvegicus","Scamp1","XM_342174.3","XP_342175.1"
"SCAMP1","37975","G.gallus","SCAMP1","XM_414682.2","XP_414682.2"
"SCAMP1","37975","D.rerio","zgc:77214","NM_205692.1","NP_991255.1"
"SCAMP1","37975","D.melanogaster","Scamp","NM_132795.2","NP_573023.2"
"SCAMP1","37975","A.gambiae","AgaP_AGAP0","XM_311983.4","XP_311983.4"
"SCAMP1","37975","C.elegans","scm-1","NM_058510.3","NP_490911.1"
"SCAMP1","37975","A.thaliana","SC3","NM_104806.3","NP_176320.1"
"SCAMP1","37975","A.thaliana","AT1G11180","NM_100990.3","NP_172584.1"
"SCAMP1","37975","A.thaliana","AT2G20840","NM_127653.4","NP_179680.1"
"SCAMP1","37975","A.thaliana","AT1G03550","NM_100237.1","NP_563686.1"
"SCD","74538","H.sapiens","SCD","NM_005063.4","NP_005054.3"
"SCD","74538","P.troglodytes","SCD","XM_001168563.1","XP_001168563.1"
"SCD","74538","C.lupus","SCD","XM_543968.2","XP_543968.2"
"SCD","74538","M.musculus","Scd1","NM_009127.3","NP_033153.2"
"SCD","74538","R.norvegicus","Scd1","NM_139192.1","NP_631931.1"
"SCD","74538","G.gallus","SCD","NM_204890.1","NP_990221.1"
"SCD","74538","D.rerio","scdb","NM_001020705.1","NP_001018541.1"
"SCD","74538","D.melanogaster","CG8630","NM_169500.1","NP_731781.1"
"SCD","74538","A.gambiae","AgaP_AGAP0","XM_311704.4","XP_311704.4"
"SCEL","2850","H.sapiens","SCEL","NM_144777.1","NP_659001.1"
"SCEL","2850","P.troglodytes","SCEL","XM_001140965.1","XP_001140965.1"
"SCEL","2850","B.taurus","SCEL","NM_001102332.1","NP_001095802.1"
"SCEL","2850","M.musculus","Scel","NM_022886.2","NP_075024.2"
"SCEL","2850","R.norvegicus","Scel","XM_341370.3","XP_341371.3"
"SDC1 ","2252","H.sapiens","SDC1","NM_002997.4","NP_002988.3"
"SDC1 ","2252","P.troglodytes","SDC1","XM_001140545.1","XP_001140545.1"
"SDC1 ","2252","C.lupus","SDC1","XM_540099.2","XP_540099.2"
"SDC1 ","2252","B.taurus","SDC1","NM_001075924.1","NP_001069392.1"
"SDC1 ","2252","M.musculus","Sdc1","NM_011519.2","NP_035649.1"
"SDC1 ","2252","R.norvegicus","Sdc1","NM_013026.2","NP_037158.1"
"SDC1 ","2252","G.gallus","SDC1","XM_419972.2","XP_419972.2"
"SDHA","3073","H.sapiens","SDHA","NM_004168.2","NP_004159.2"
"SDHA","3073","P.troglodytes","SDHA","XM_001173228.1","XP_001173228.1"
"SDHA","3073","C.lupus","SDHA","XM_851808.1","XP_856901.1"
"SDHA","3073","M.musculus","Sdha","NM_023281.1","NP_075770.1"
"SDHA","3073","R.norvegicus","Sdha","NM_130428.1","NP_569112.1"
"SDHA","3073","G.gallus","SDHA","XM_419054.2","XP_419054.2"
"SDHA","3073","D.rerio","sdha","NM_200910.1","NP_957204.1"
"SDHA","3073","D.melanogaster","Scs-fp","NM_057862.3","NP_477210.1"
"SDHA","3073","A.gambiae","AgaP_AGAP0","XM_311518.4","XP_311518.4"
"SDHA","3073","C.elegans","sdha-1","NM_077045.4","NP_509446.1"
"SDHA","3073","C.elegans","sdha-2","NM_060397.3","NP_492798.1"
"SDHA","3073","S.pombe","sdh1","NM_001019741.1","NP_594319.1"
"SDHA","3073","S.cerevisiae","SDH1","SDH1_6322701","NP_012774.1"
"SDHA","3073","K.lactis","KLLA0D0444","XM_453260.1","XP_453260.1"
"SDHA","3073","E.gossypii","AGOS_ACR05","NM_208808.1","NP_983455.1"
"SDHA","3073","M.grisea","MGG_00168","XM_369076.2","XP_369076.2"
"SDHA","3073","N.crassa","NCU08336.1","XM_329381.1","XP_329382.1"
"SDHA","3073","A.thaliana","SDH1-2","NM_127401.2","NP_179435.1"
"SDHA","3073","P.falciparum","PF10_0334","XM_001347582.1","XP_001347618.1"
"SEMG2","88473","H.sapiens","SEMG2","NM_003008.2","NP_002999.1"
"SEMG2","88473","P.troglodytes","SEMG2","NM_001009138.1","NP_001009138.1"
"SEPP1","3945","H.sapiens","SEPP1","NM_001093726.1","NP_001087195.1"
"SEPP1","3945","P.troglodytes","SEPP1","XM_530812.2","XP_530812.2"
"SEPP1","3945","C.lupus","SEPP1","XM_862927.1","XP_868020.1"
"SEPP1","3945","B.taurus","SEPP1","NM_174459.3","NP_776884.2"
"SEPP1","3945","M.musculus","Sepp1","NM_009155.3","NP_033181.3"
"SEPP1","3945","R.norvegicus","Sepp1","NM_019192.1","NP_062065.2"
"SEPP1","3945","D.rerio","sepp1a","NM_178297.3","NP_840082.2"
"SERPINA3","111129","H.sapiens","SERPINA3","NM_001085.4","NP_001076.2"
"SERPINA3","111129","P.troglodytes","SERPINA3","XM_510145.2","XP_510145.2"
"SERPINA3","111129","C.lupus","SERPINA3","XM_537546.2","XP_537546.2"
"SERPINA3","111129","B.taurus","SERPINA3-7","NM_001012283.2","NP_001012283.2"
"SERPINA3","111129","B.taurus","LOC784932","XM_001252646.2","XP_001252647.2"
"SERPINA3","111129","B.taurus","SERPINA3-8","NM_001081712.1","NP_001075181.1"
"SERPINA3","111129","B.taurus","SERPINA3","NM_174768.2","NP_777193.2"
"SERPINA3","111129","B.taurus","LOC784964","XM_001252711.1","XP_001252712.1"
"SERPINA3","111129","B.taurus","LOC615103","NM_001038204.1","NP_001033293.1"
"SERPINA3","111129","B.taurus","SERPINA3-5","NM_001081744.1","NP_001075213.1"
"SERPINA3","111129","B.taurus","LOC1001388","XM_001787264.1","XP_001787316.1"
"SERPINA3","111129","B.taurus","LOC786621","XM_001254253.1","XP_001254254.1"
"SERPINA3","111129","M.musculus","Serpina3n","NM_009252.2","NP_033278.2"
"SERPINA3","111129","R.norvegicus","Serpina3n","NM_031531.1","NP_113719.1"
"SERPINB5","20580","H.sapiens","SERPINB5","NM_002639.4","NP_002630.2"
"SERPINB5","20580","P.troglodytes","SERPINB5","XM_523955.2","XP_523955.2"
"SERPINB5","20580","C.lupus","SERPINB5","XM_533382.2","XP_533382.2"
"SERPINB5","20580","B.taurus","SERPINB12","XM_001253248.2","XP_001253249.2"
"SERPINB5","20580","B.taurus","LOC787106","XM_001790158.1","XP_001790210.1"
"SERPINB5","20580","M.musculus","Serpinb5","NM_009257.3","NP_033283.1"
"SERPINB5","20580","R.norvegicus","Serpinb5","NM_057108.1","NP_476449.1"
"SERPINB5","20580","G.gallus","SERPINB5","XM_418986.2","XP_418986.2"
"SFN","4475","H.sapiens","TRIM29","NM_012101.3","NP_036233.2"
"SFN","4475","P.troglodytes","TRIM29","XM_508817.2","XP_508817.2"
"SFN","4475","B.taurus","LOC525062","NM_001099379.1","NP_001092849.1"
"SFN","4475","R.norvegicus","Trim29","XM_236207.4","XP_236207.4"
"SFN","4475","G.gallus","TRIM29","XM_417892.2","XP_417892.2"
"SFN","4475","H.sapiens","SFN","NM_006142.3","NP_006133.1"
"SFN","4475","P.troglodytes","SFN","XM_001145451.1","XP_001145451.1"
"SFN","4475","C.lupus","SFN","XM_544477.2","XP_544477.2"
"SFN","4475","B.taurus","SFN","NM_001075912.1","NP_001069380.1"
"SFN","4475","M.musculus","Sfn","NM_018754.2","NP_061224.2"
"SFN","4475","R.norvegicus","Sfn","XM_232745.4","XP_232745.4"
"SFRP1","2266","H.sapiens","SFRP1","NM_003012.3","NP_003003.3"
"SFRP1","2266","P.troglodytes","SFRP1","XM_001138037.1","XP_001138037.1"
"SFRP1","2266","B.taurus","SFRP1","NM_174460.2","NP_776885.1"
"SFRP1","2266","M.musculus","Sfrp1","NM_013834.2","NP_038862.2"
"SFRP1","2266","R.norvegicus","Sfrp1","XM_224987.4","XP_224987.4"
"SFRP1","2266","G.gallus","SFRP1","NM_204553.1","NP_989884.1"
"SFRP1","2266","D.rerio","sfrp1b","NM_001083571.1","NP_001077040.1"
"SFRP1","2266","D.rerio","sfrp1a","NM_205585.1","NP_991148.1"
"SFRP2","56438","H.sapiens","SFRP2","NM_003013.2","NP_003004.1"
"SFRP2","56438","P.troglodytes","SFRP2","XM_001155803.1","XP_001155803.1"
"SFRP2","56438","C.lupus","SFRP2","XM_532695.2","XP_532695.2"
"SFRP2","56438","B.taurus","SFRP2","NM_001034393.1","NP_001029565.1"
"SFRP2","56438","M.musculus","Sfrp2","NM_009144.1","NP_033170.1"
"SFRP2","56438","R.norvegicus","Sfrp2","XM_227314.4","XP_227314.1"
"SFRP2","56438","G.gallus","SFRP2","NM_204773.1","NP_990104.1"
"SFRP2","56438","D.rerio","sfrp2","NM_001077384.1","NP_001070852.1"
"SFRP2","56438","C.elegans","Y73B6BL.21","NM_068576.3","NP_500977.2"
"SFRP4","2267","H.sapiens","SFRP4","NM_003014.3","NP_003005.2"
"SFRP4","2267","P.troglodytes","SFRP4","XM_519048.2","XP_519048.2"
"SFRP4","2267","C.lupus","SFRP4","XM_540377.2","XP_540377.2"
"SFRP4","2267","B.taurus","SFRP4","NM_001075764.1","NP_001069232.1"
"SFRP4","2267","M.musculus","Sfrp4","NM_016687.2","NP_057896.1"
"SFRP4","2267","R.norvegicus","Sfrp4","NM_053544.1","NP_445996.1"
"SFRP4","2267","G.gallus","SFRP4","XM_418831.2","XP_418831.2"
"SFRP5","2268","H.sapiens","SFRP5","NM_003015.3","NP_003006.2"
"SFRP5","2268","C.lupus","SFRP5","XM_543955.2","XP_543955.2"
"SFRP5","2268","B.taurus","SFRP5","NM_174461.2","NP_776886.1"
"SFRP5","2268","M.musculus","Sfrp5","NM_018780.2","NP_061250.2"
"SFRP5","2268","R.norvegicus","Sfrp5","XM_219887.4","XP_219887.3"
"SFRP5","2268","G.gallus","SFRP5","XM_421707.2","XP_421707.1"
"SFRP5","2268","D.rerio","sfrp5","NM_131858.1","NP_571933.1"
"SIPA1","7940","H.sapiens","SIPA1","NM_006747.3","NP_006738.3"
"SIPA1","7940","C.lupus","SIPA1","XM_861345.1","XP_866438.1"
"SIPA1","7940","B.taurus","SIPA1","NM_001101895.1","NP_001095365.1"
"SIPA1","7940","M.musculus","Sipa1","NM_011379.3","NP_035509.3"
"SIPA1","7940","R.norvegicus","Sipa1","NM_001004089.1","NP_001004089.1"
"SIX1","4360","H.sapiens","SIX1","NM_005982.3","NP_005973.1"
"SIX1","4360","P.troglodytes","SIX1","XM_509988.2","XP_509988.2"
"SIX1","4360","C.lupus","SIX1","XM_547841.2","XP_547841.2"
"SIX1","4360","B.taurus","SIX1","XM_588692.3","XP_588692.2"
"SIX1","4360","M.musculus","Six1","NM_009189.2","NP_033215.1"
"SIX1","4360","R.norvegicus","Six1","XM_343079.3","XP_343080.3"
"SIX1","4360","G.gallus","SIX1","NM_001044685.1","NP_001038150.1"
"SIX1","4360","D.rerio","six1b","NM_207095.1","NP_996978.1"
"SKP2","55942","H.sapiens","SKP2","NM_005983.2","NP_005974.2"
"SKP2","55942","P.troglodytes","SKP2","XM_526948.2","XP_526948.2"
"SKP2","55942","C.lupus","SKP2","XM_546346.2","XP_546346.2"
"SKP2","55942","B.taurus","SKP2","NM_001102052.1","NP_001095522.1"
"SKP2","55942","M.musculus","Skp2","NM_013787.2","NP_038815.1"
"SKP2","55942","R.norvegicus","Skp2","XM_226817.4","XP_226817.4"
"SKP2","55942","G.gallus","SKP2","NM_001007982.1","NP_001007983.1"
"SKP2","55942","D.rerio","skp2","NM_001082837.1","NP_001076306.1"
"SKP2","55942","D.melanogaster","CG9772","NM_001043194.1","NP_001036659.1"
"SKP2","55942","A.gambiae","AgaP_AGAP0","XM_309088.3","XP_309088.3"
"SKP2","55942","C.elegans","skpt-1","NM_171865.4","NP_741137.1"
"SLC3A2","1795","H.sapiens","SLC3A2","NM_001012661.1","NP_001012679.1"
"SLC3A2","1795","P.troglodytes","SLC3A2","XM_001159413.1","XP_001159413.1"
"SLC3A2","1795","C.lupus","SLC3A2","XM_540898.2","XP_540898.2"
"SLC3A2","1795","B.taurus","SLC3A2","NM_001024488.1","NP_001019659.1"
"SLC3A2","1795","M.musculus","Slc3a2","NM_008577.3","NP_032603.2"
"SLC3A2","1795","R.norvegicus","Slc3a2","NM_019283.1","NP_062156.1"
"SLC3A2","1795","D.rerio","zgc:158423","NM_001080083.1","NP_001073552.1"
"SLC3A2","1795","D.rerio","slc3a2","NM_131601.1","NP_571676.1"
"SLC3A2","1795","D.rerio","zgc:55813","NM_201514.1","NP_958922.1"
"SLC7A6OS","41853","H.sapiens","SLC7A6OS","NM_032178.1","NP_115554.1"
"SLC7A6OS","41853","P.troglodytes","SLC7A6OS","XM_511054.2","XP_511054.2"
"SLC7A6OS","41853","C.lupus","SLC7A6OS","XM_848670.1","XP_853763.1"
"SLC7A6OS","41853","B.taurus","SLC7A6OS","NM_001075567.1","NP_001069035.1"
"SLC7A6OS","41853","M.musculus","Slc7a6os","NM_001007567.1","NP_001007568.1"
"SLC7A6OS","41853","R.norvegicus","Slc7a6os","XM_574233.2","XP_574233.1"
"SLC7A6OS","41853","G.gallus","SLC7A6OS","XM_413987.2","XP_413987.1"
"SLC7A6OS","41853","D.rerio","slc7a6os","NM_001007344.1","NP_001007345.1"
"SLURP1","10710","H.sapiens","SLURP1","NM_020427.2","NP_065160.1"
"SLURP1","10710","P.troglodytes","SLURP1","XM_001149955.1","XP_001149955.1"
"SLURP1","10710","C.lupus","SLURP1","XM_539190.2","XP_539190.2"
"SLURP1","10710","B.taurus","SLURP1","XM_871031.2","XP_876124.2"
"SLURP1","10710","M.musculus","Slurp1","NM_020519.1","NP_065265.1"
"SLURP1","10710","R.norvegicus","Slurp1","XM_216966.3","XP_216966.1"
"SMAD2","21197","H.sapiens","SMAD2","NM_005901.4","NP_005892.1"
"SMAD2","21197","P.troglodytes","SMAD2","XM_001149364.1","XP_001149364.1"
"SMAD2","21197","C.lupus","SMAD2","XM_847706.1","XP_852799.1"
"SMAD2","21197","B.taurus","SMAD2","NM_001046218.1","NP_001039683.1"
"SMAD2","21197","M.musculus","Smad2","NM_010754.3","NP_034884.2"
"SMAD2","21197","R.norvegicus","Smad2","NM_019191.1","NP_062064.1"
"SMAD2","21197","G.gallus","SMAD2","NM_204561.1","NP_989892.1"
"SMAD2","21197","D.rerio","smad2","NM_131366.2","NP_571441.2"
"SMAD4","31310","H.sapiens","SMAD4","NM_005359.5","NP_005350.1"
"SMAD4","31310","P.troglodytes","SMAD4","XM_001155350.1","XP_001155350.1"
"SMAD4","31310","C.lupus","SMAD4","XM_533400.2","XP_533400.2"
"SMAD4","31310","B.taurus","SMAD4","NM_001076209.1","NP_001069677.1"
"SMAD4","31310","M.musculus","Smad4","NM_008540.2","NP_032566.2"
"SMAD4","31310","R.norvegicus","Smad4","NM_019275.1","NP_062148.1"
"SMAD4","31310","D.rerio","LOC559111","XM_001922968.1","XP_001923003.1"
"SMAD4","31310","D.melanogaster","Med","NM_170559.1","NP_733438.1"
"SMAD4","31310","A.gambiae","AgaP_AGAP0","XM_311999.3","XP_311999.3"
"SOCS1","2776","C.lupus ","SOCS1 ","XM_547126.2 ","XP_547126.2"
"SOCS1","2776","B.taurus ","SOCS1 ","XM_864316.2 ","XP_869409.1"
"SOCS1","2776","M.musculus ","Socs1 ","NM_009896.2 ","NP_034026.1"
"SOCS1","2776","R.norvegicus ","Socs1 ","NM_145879.1 ","NP_665886.1"
"SOCS1","2776","G.gallus ","SOCS1 ","XM_414929.2 ","XP_414929.1"
"SOCS1","2776","D.rerio ","socs1 ","NM_001003467.1 ","NP_001003467.1"
"SOCS1 ","2776","H.sapiens ","SOCS1 ","NM_003745.1 ","NP_003736.1"
"SOCS1 ","2776","P.troglodytes ","SOCS1 ","XM_001141793.1 ","XP_001141793.1"
"SOX1","48390","H.sapiens","SOX1","NM_005986.2","NP_005977.2"
"SOX1","48390","C.lupus","SOX1","XM_844146.1","XP_849239.1"
"SOX1","48390","B.taurus","SOX1","XM_870462.1","XP_875555.1"
"SOX1","48390","M.musculus","Sox1","NM_009233.2","NP_033259.2"
"SOX1","48390","G.gallus","SOX1","NM_204333.1","NP_989664.1"
"SOX1","48390","D.rerio","sox1a","NM_001002483.1","NP_001002483.1"
"SOX1","48390","D.rerio","sox1b","NM_001037662.1","NP_001032751.1"
"SOX1","48390","D.melanogaster","SoxN","NM_079996.2","NP_524735.1"
"SOX1","48390","A.gambiae","AgaP_AGAP0","XM_319093.4","XP_319093.4"
"SP100","90788","H.sapiens ","SP100 ","NM_001080391.1 ","NP_001073860.1"
"SP100","90788","P.troglodytes ","SP100 ","XM_526052.2 ","XP_526052.2"
"SP100","90788","C.lupus ","SP100 ","XM_534598.2 ","XP_534598.2"
"SPA17","7951","H.sapiens","SPA17","NM_017425.3","NP_059121.1"
"SPA17","7951","C.lupus","SPA17","XM_536538.2","XP_536538.1"
"SPA17","7951","B.taurus","SPA17","NM_001076440.1","NP_001069908.1"
"SPA17","7951","M.musculus","Spa17","NM_011449.1","NP_035579.1"
"SPA17","7951","R.norvegicus","Spa17","NM_053482.1","NP_445934.1"
"SPARC","31132","H.sapiens","SPARC","NM_003118.2","NP_003109.1"
"SPARC","31132","P.troglodytes","SPARC","XM_001168619.1","XP_001168619.1"
"SPARC","31132","C.lupus","SPARC","XM_849889.1","XP_854982.1"
"SPARC","31132","B.taurus","SPARC","NM_174464.2","NP_776889.1"
"SPARC","31132","M.musculus","Sparc","NM_009242.2","NP_033268.1"
"SPARC","31132","R.norvegicus","Sparc","NM_012656.1","NP_036788.1"
"SPARC","31132","G.gallus","SPARC","NM_204410.1","NP_989741.1"
"SPARC","31132","D.rerio","sparc","NM_001001942.1","NP_001001942.1"
"SPINK5","4987","H.sapiens","SPINK5","NM_006846.3","NP_006837.2"
"SPINK5","4987","P.troglodytes","SPINK5","XM_001160674.1","XP_001160674.1"
"SPINK5","4987","C.lupus","SPINK5","NM_001025397.1","NP_001020568.1"
"SPINK5","4987","B.taurus","SPINK5","NM_001102102.1","NP_001095572.1"
"SPINK5","4987","M.musculus","Spink5","NM_001081180.1","NP_001074649.1"
"SPINK5","4987","R.norvegicus","Spink5","XM_341607.3","XP_341608.3"
"SPINK5","4987","G.gallus","LOC416235","NM_001030612.1","NP_001025783.1"
"SPINK5","4987","G.gallus","OVM","XM_414558.2","XP_414558.2"
"SPINK5","4987","G.gallus","LOC769800","XM_001233106.1","XP_001233107.1"
"SPP1","20156","H.sapiens","SPP1","NM_001040060.1","NP_001035149.1"
"SPP1","20156","P.troglodytes","SPP1","XM_001159723.1","XP_001159723.1"
"SPP1","20156","C.lupus","SPP1","XM_535649.2","XP_535649.2"
"SPP1","20156","B.taurus","SPP1","NM_174187.2","NP_776612.1"
"SPP1","20156","M.musculus","Spp1","NM_009263.1","NP_033289.1"
"SPP1","20156","R.norvegicus","Spp1","NM_012881.1","NP_037013.1"
"SPRR1A","105675","H.sapiens ","SPRR1A ","NM_005987.2 ","NP_005978.2"
"SPRR1A","105675","P.troglodytes ","SPRR1A ","XM_001136449.1 ","XP_001136449.1"
"SPRR1B","105655","H.sapiens","SPRR1B","NM_003125.2","NP_003116.2"
"SPRR1B","105655","P.troglodytes","SPRR1B","XM_001136844.1","XP_001136844.1"
"SPRR2A","31413","H.sapiens","SPRR2G","NM_001014291.3","NP_001014313.1"
"SPRR2A","31413","H.sapiens","SPRR2A","NM_005988.2","NP_005979.1"
"SPRR2A","31413","H.sapiens","SPRR2B","NM_001017418.1","NP_001017418.1"
"SPRR2A","31413","H.sapiens","SPRR2D","NM_006945.4","NP_008876.3"
"SPRR2A","31413","H.sapiens","SPRR2E","NM_001024209.2","NP_001019380.2"
"SPRR2A","31413","H.sapiens","SPRR2F","NM_001014450.1","NP_001014450.1"
"SPRR2A","31413","M.musculus","Sprr2k","NM_011477.3","NP_035607.2"
"SPRR2B","31413","H.sapiens ","SPRR2G ","NM_001014291.3 ","NP_001014313.1"
"SPRR2B","31413","H.sapiens ","SPRR2A ","NM_005988.2 ","NP_005979.1"
"SPRR2B","31413","H.sapiens ","SPRR2B ","NM_001017418.1 ","NP_001017418.1"
"SPRR2B","31413","H.sapiens ","SPRR2D ","NM_006945.4 ","NP_008876.3"
"SPRR2B","31413","H.sapiens ","SPRR2E ","NM_001024209.2 ","NP_001019380.2"
"SPRR2B","31413","H.sapiens ","SPRR2F ","NM_001014450.1 ","NP_001014450.1"
"SPRR2B","31413","M.musculus ","Sprr2k ","NM_011477.3 ","NP_035607.2"
"SPRR3","105423","H.sapiens","SPRR3","NM_005416.2","NP_005407.1"
"SPRR3","105423","P.troglodytes","SPRR3","XM_001136610.1","XP_001136610.1"
"SPRR3","105423","B.taurus","SPRR3","NM_001034301.1","NP_001029473.1"
"SPRR3","105423","M.musculus","Sprr1b","NM_009265.3","NP_033291.1"
"SPRR3","105423","R.norvegicus","Sprr1b","XM_001065728.1","XP_001065728.1"
"ST14","7906","H.sapiens","ST14","NM_021978.3","NP_068813.1"
"ST14","7906","C.lupus","ST14","XM_546396.2","XP_546396.2"
"ST14","7906","B.taurus","ST14","NM_001076538.1","NP_001070006.1"
"ST14","7906","M.musculus","St14","NM_011176.4","NP_035306.2"
"ST14","7906","R.norvegicus","St14","NM_053635.2","NP_446087.1"
"ST14","7906","G.gallus","ST14","XM_417872.2","XP_417872.2"
"ST14","7906","D.rerio","st14a","NM_001040351.1","NP_001035441.1"
"STARD10","4841","H.sapiens","STARD10","NM_006645.2","NP_006636.2"
"STARD10","4841","B.taurus","STARD10","XM_592504.4","XP_592504.4"
"STARD10","4841","M.musculus","Stard10","NM_019990.2","NP_064374.1"
"STARD10","4841","R.norvegicus","Stard10","NM_001013069.1","NP_001013087.1"
"STARD10","4841","G.gallus","STARD10","XM_425187.2","XP_425187.2"
"STARD10","4841","D.rerio","zgc:77147","NM_205646.1","NP_991209.1"
"STAT1","21428","H.sapiens","STAT1","NM_007315.3","NP_009330.1"
"STAT1","21428","C.lupus","STAT1","XM_843260.1","XP_848353.1"
"STAT1","21428","B.taurus","STAT1","NM_001077900.1","NP_001071368.1"
"STAT1","21428","M.musculus","Stat1","NM_009283.3","NP_033309.3"
"STAT1","21428","R.norvegicus","Stat1","NM_032612.2","NP_116001.2"
"STAT1","21428","G.gallus","RCJMB04_17","NM_001012914.1","NP_001012932.1"
"STAT1","21428","D.rerio","stat1a","NM_131480.1","NP_571555.1"
"STAT3","7960","H.sapiens","STAT3","NM_003150.3","NP_003141.2"
"STAT3","7960","P.troglodytes","STAT3","XM_001165417.1","XP_001165417.1"
"STAT3","7960","C.lupus","STAT3","XM_854455.1","XP_859548.1"
"STAT3","7960","B.taurus","STAT3","NM_001012671.1","NP_001012689.1"
"STAT3","7960","M.musculus","Stat3","NM_213660.2","NP_998825.1"
"STAT3","7960","R.norvegicus","Stat3","NM_012747.2","NP_036879.1"
"STAT3","7960","G.gallus","STAT3","XM_001231210.1","XP_001231211.1"
"STAT3","7960","D.rerio","stat3","NM_131479.1","NP_571554.1"
"STAU1","3384","H.sapiens","STAU1","NM_017453.2","NP_059347.2"
"STAU1","3384","P.troglodytes","STAU1","XM_514710.2","XP_514710.2"
"STAU1","3384","C.lupus","STAU1","XM_862018.1","XP_867111.1"
"STAU1","3384","B.taurus","STAU1","XM_591710.4","XP_591710.3"
"STAU1","3384","M.musculus","Stau1","NM_011490.2","NP_035620.1"
"STAU1","3384","R.norvegicus","Stau1","NM_053436.1","NP_445888.1"
"STAU1","3384","G.gallus","STAU1","NM_001012831.1","NP_001012849.1"
"STAU1","3384","D.rerio","stau1","NM_205561.1","NP_991124.1"
"STAU1","3384","C.elegans","stau-1","NM_075795.2","NP_508196.1"
"STAU1","3384","C.elegans","F39E9.7","NM_062100.1","NP_494501.1"
"STAU1","3384","C.elegans","F55A4.4","NM_075794.2","NP_508195.2"
"STK11","393","H.sapiens","STK11","NM_000455.4","NP_000446.1"
"STK11","393","P.troglodytes","STK11","XM_524028.2","XP_524028.2"
"STK11","393","C.lupus","STK11","XM_542206.2","XP_542206.2"
"STK11","393","B.taurus","STK11","XM_593229.4","XP_593229.4"
"STK11","393","M.musculus","Stk11","NM_011492.2","NP_035622.1"
"STK11","393","R.norvegicus","Stk11","XM_234900.3","XP_234900.3"
"STK11","393","G.gallus","STK11","NM_001045833.1","NP_001039298.1"
"STK11","393","D.rerio","zgc:110180","NM_001017839.1","NP_001017839.1"
"STK11","393","D.melanogaster","lkb1","NM_169545.1","NP_731844.1"
"STK11","393","C.elegans","par-4","NM_075132.2","NP_507533.1"
"STK31","12677","H.sapiens","STK31","NM_031414.3","NP_113602.2"
"STK31","12677","P.troglodytes","STK31","XM_527691.2","XP_527691.2"
"STK31","12677","C.lupus","STK31","XM_532491.2","XP_532491.2"
"STK31","12677","B.taurus","STK31","XM_001250239.2","XP_001250240.2"
"STK31","12677","M.musculus","Stk31","NM_029916.1","NP_084192.1"
"STK31","12677","R.norvegicus","Stk31","XM_575472.2","XP_575472.1"
"STK31","12677","G.gallus","STK31","XM_418720.2","XP_418720.2"
"STX16","2791","H.sapiens","STX16","NM_001134772.1","NP_001128244.1"
"STX16","2791","P.troglodytes","STX16","XM_514749.2","XP_514749.2"
"STX16","2791","C.lupus","STX16","XM_862456.1","XP_867549.1"
"STX16","2791","B.taurus","STX16","XM_866367.2","XP_871460.1"
"STX16","2791","M.musculus","Stx16","NM_172675.2","NP_766263.1"
"STX16","2791","R.norvegicus","Stx16","XM_342595.3","XP_342596.3"
"STX16","2791","G.gallus","STX16","NM_001006295.1","NP_001006295.1"
"STX16","2791","D.rerio","stx16","XM_686224.2","XP_691316.2"
"STX16","2791","D.melanogaster","Syx16","NM_078696.2","NP_523420.1"
"STX16","2791","C.elegans","syn-16","NM_065704.2","NP_498105.1"
"STX16","2791","S.pombe","tlg2","NM_001019261.1","NP_593832.1"
"STX16","2791","S.cerevisiae","TLG2","TLG2_6324555","NP_014624.1"
"STX16","2791","K.lactis","KLLA0A1068","XM_451467.1","XP_451467.1"
"STX16","2791","E.gossypii","AGOS_AEL02","NM_210189.1","NP_984835.1"
"STX16","2791","M.grisea","MGG_06883","XM_370386.1","XP_370386.1"
"STX16","2791","N.crassa","NCU04119.1","XM_323458.1","XP_323459.1"
"STX16","2791","A.thaliana","SYP42","NM_116452.3","NP_567223.1"
"STX16","2791","P.falciparum","PFL2070w","XM_001350782.1","XP_001350818.1"
"SULF1","49408","H.sapiens","SULF1","NM_001128204.1","NP_001121676.1"
"SULF1","49408","C.lupus","SULF1","XM_544115.2","XP_544115.2"
"SULF1","49408","M.musculus","Sulf1","NM_172294.1","NP_758498.1"
"SULF1","49408","R.norvegicus","Sulf1","NM_134378.1","NP_599205.1"
"SULF1","49408","D.rerio","sulf1","NM_001003846.1","NP_001003846.1"
"SULF1","49408","D.melanogaster","Sulf1","NM_080248.1","NP_524987.1"
"SULF1","49408","A.gambiae","AgaP_AGAP0","XM_314283.4","XP_314283.4"
"SULF1","49408","C.elegans","sul-1","NM_076159.2","NP_508560.1"
"SULT2B1","49487","H.sapiens","SULT2B1","NM_004605.2","NP_004596.2"
"SULT2B1","49487","P.troglodytes","SULT2B1","XM_001171127.1","XP_001171127.1"
"SULT2B1","49487","C.lupus","SULT2B1","XM_541518.2","XP_541518.2"
"SULT2B1","49487","M.musculus","Sult2b1","NM_017465.1","NP_059493.1"
"SULT2B1","49487","R.norvegicus","Sult2b1","NM_001039665.1","NP_001034754.1"
"SULT2B1","49487","G.gallus","LOC426825","XM_424434.2","XP_424434.2"
"SULT2B1","49487","G.gallus","LOC769841","XM_001233157.1","XP_001233158.1"
"SULT2B1","49487","G.gallus","LOC777471","XM_001236917.1","XP_001236918.1"
"SULT2B1","49487","D.rerio","sult2st3","NM_001078168.2","NP_001071636.2"
"SULT2B1","49487","D.rerio","sult2st1","NM_198914.2","NP_944596.2"
"SULT2B1","49487","D.rerio","sult2st2","NM_001078169.1","NP_001071637.1"
"SYCP2","8604","H.sapiens","SYCP2","NM_014258.2","NP_055073.2"
"SYCP2","8604","P.troglodytes","SYCP2","XM_514753.2","XP_514753.2"
"SYCP2","8604","C.lupus","SYCP2","XM_534470.2","XP_534470.2"
"SYCP2","8604","M.musculus","Sycp2","NM_177191.3","NP_796165.2"
"SYCP2","8604","R.norvegicus","Sycp2","NM_130735.1","NP_570091.1"
"SYCP2","8604","G.gallus","SYCP2","XM_417396.2","XP_417396.2"
"SYCP2","8604","D.rerio","LOC557000","XM_679956.3","XP_685048.3"
"SYK","2390","H.sapiens","SYK","NM_003177.4","NP_003168.2"
"SYK","2390","P.troglodytes","SYK","XM_520123.2","XP_520123.2"
"SYK","2390","C.lupus","SYK","XM_845318.1","XP_850411.1"
"SYK","2390","B.taurus","SYK","NM_001037465.1","NP_001032542.1"
"SYK","2390","M.musculus","Syk","NM_011518.2","NP_035648.2"
"SYK","2390","R.norvegicus","Syk","NM_012758.1","NP_036890.1"
"SYK","2390","G.gallus","RCJMB04_19","NM_001031430.1","NP_001026601.1"
"SYK","2390","D.rerio","syk","NM_212843.1","NP_998008.1"
"TARS","11852","H.sapiens","TARS","NM_152295.3","NP_689508.3"
"TARS","11852","P.troglodytes","TARS","XM_001153971.1","XP_001153971.1"
"TARS","11852","C.lupus","TARS","XM_536509.2","XP_536509.2"
"TARS","11852","B.taurus","TARS","NM_001034370.1","NP_001029542.1"
"TARS","11852","M.musculus","Tars","NM_033074.3","NP_149065.2"
"TARS","11852","R.norvegicus","Tars","NM_001006976.1","NP_001006977.1"
"TARS","11852","G.gallus","RCJMB04_4k","NM_001031447.1","NP_001026618.1"
"TARS","11852","D.rerio","zgc:92586","NM_001005932.1","NP_001005932.1"
"TARS","11852","D.melanogaster","Aats-thr","NM_164994.1","NP_723725.1"
"TARS","11852","A.gambiae","AgaP_AGAP0","XM_319682.4","XP_319682.4"
"TARS","11852","C.elegans","trs-1","NM_001026862.2","NP_001022033.1"
"TARS","11852","S.pombe","ths1","NM_001022285.1","NP_596364.1"
"TARS","11852","S.cerevisiae","THS1","THS1_14318437","NP_116578.1"
"TARS","11852","K.lactis","KLLA0F0591","XM_455348.1","XP_455348.1"
"TARS","11852","E.gossypii","AGOS_ACL03","NM_208718.1","NP_983365.1"
"TARS","11852","M.grisea","MGG_03551","XM_361008.1","XP_361008.1"
"TARS","11852","N.crassa","NCU02380.1","XM_331155.1","XP_331156.1"
"TARS","11852","A.thaliana","AT5G26830","NM_122565.2","NP_198035.2"
"TARS","11852","O.sativa","Os08g02953","NM_001068010.1","NP_001061475.1"
"TARS","11852","P.falciparum","PF11_0270","XM_001347905.1","XP_001347941.1"
"TBC1D1","56856","H.sapiens","TBC1D1","NM_015173.2","NP_055988.2"
"TBC1D1","56856","P.troglodytes","TBC1D1","XM_001137272.1","XP_001137272.1"
"TBC1D1","56856","C.lupus","TBC1D1","XM_536262.2","XP_536262.2"
"TBC1D1","56856","B.taurus","TBC1D1","XM_611974.4","XP_611974.3"
"TBC1D1","56856","M.musculus","Tbc1d1","NM_019636.2","NP_062610.2"
"TBC1D1","56856","R.norvegicus","Tbc1d1","XM_341215.3","XP_341216.3"
"TBC1D1","56856","G.gallus","TBC1D1","XM_423827.2","XP_423827.2"
"TBC1D1","56856","D.rerio","tbc1d1","XM_684525.3","XP_689617.3"
"TBX3","4371","H.sapiens","TBX3","NM_016569.3","NP_057653.3"
"TBX3","4371","P.troglodytes","TBX3","XM_001154426.1","XP_001154426.1"
"TBX3","4371","C.lupus","TBX3","XM_534692.2","XP_534692.2"
"TBX3","4371","B.taurus","LOC781063","XM_001787821.1","XP_001787873.1"
"TBX3","4371","M.musculus","Tbx3","NM_011535.2","NP_035665.2"
"TBX3","4371","R.norvegicus","Tbx3","NM_181638.1","NP_853669.1"
"TBX3","4371","G.gallus","TBX3","XM_001234534.1","XP_001234535.1"
"TBX3","4371","D.rerio","tbx3b","NM_001101670.1","NP_001095140.1"
"TCEA2","68304","H.sapiens","TCEA2","NM_003195.4","NP_003186.1"
"TCEA2","68304","P.troglodytes","TCEA2","XM_001153063.1","XP_001153063.1"
"TCEA2","68304","C.lupus","TCEA2","XM_537866.2","XP_537866.2"
"TCEA2","68304","B.taurus","TCEA2","NM_001075329.1","NP_001068797.1"
"TCEA2","68304","M.musculus","Tcea2","NM_009326.2","NP_033352.1"
"TCEA2","68304","R.norvegicus","Tcea2","NM_057098.1","NP_476439.1"
"TCEA2","68304","G.gallus","TCEA2","XM_417425.2","XP_417425.2"
"TCEA2","68304","D.rerio","tcea2","NM_200986.1","NP_957280.1"
"TERT","31141","H.sapiens","TERT","NM_198253.2","NP_937983.2"
"TERT","31141","P.troglodytes","TERT","XM_001141663.1","XP_001141663.1"
"TERT","31141","C.lupus","TERT","XM_846571.1","XP_851664.1"
"TERT","31141","B.taurus","TERT","NM_001046242.1","NP_001039707.1"
"TERT","31141","M.musculus","Tert","NM_009354.1","NP_033380.1"
"TERT","31141","R.norvegicus","Tert","NM_053423.1","NP_445875.1"
"TERT","31141","G.gallus","TERT","NM_001031007.1","NP_001026178.1"
"TERT","31141","D.rerio","tert","NM_001083866.1","NP_001077335.1"
"TERT","31141","A.thaliana","ATTERT","NM_121691.3","NP_197187.1"
"TERT","31141","O.sativa","Os12g02931","NM_001073142.1","NP_001066610.1"
"TFF3","2427","H.sapiens","TFF3","NM_003226.2","NP_003217.2"
"TFF3","2427","P.troglodytes","TFF3","XM_531572.2","XP_531572.2"
"TFF3","2427","C.lupus","TFF3","NM_001002990.1","NP_001002990.1"
"TFF3","2427","B.taurus","TFF3","XM_596070.4","XP_596070.4"
"TFF3","2427","M.musculus","Tff3","NM_011575.1","NP_035705.1"
"TFF3","2427","R.norvegicus","Tff3","NM_013042.1","NP_037174.1"
"TFPI2","38194","H.sapiens","TFPI2","NM_006528.2","NP_006519.1"
"TFPI2","38194","P.troglodytes","TFPI2","XM_519205.2","XP_519205.2"
"TFPI2","38194","C.lupus","TFPI2","XM_532462.2","XP_532462.2"
"TFPI2","38194","B.taurus","TFPI2","NM_182788.1","NP_877589.1"
"TFPI2","38194","M.musculus","Tfpi2","NM_009364.3","NP_033390.1"
"TFPI2","38194","R.norvegicus","Tfpi2","NM_173141.1","NP_775164.1"
"TFPI2","38194","G.gallus","TFPI2","XM_418662.2","XP_418662.2"
"TFPI2","38194","D.rerio","tfpi2","NM_001040096.2","NP_001035185.1"
"TFRC","2429","H.sapiens","TFRC","NM_003234.2","NP_003225.2"
"TFRC","2429","C.lupus","TFRC","NM_001003111.1","NP_001003111.1"
"TFRC","2429","B.taurus","TFRC","XM_580860.4","XP_580860.3"
"TFRC","2429","M.musculus","Tfrc","NM_011638.3","NP_035768.1"
"TFRC","2429","R.norvegicus","Tfrc","XM_340999.3","XP_341000.3"
"TFRC","2429","G.gallus","TFRC","NM_205256.1","NP_990587.1"
"TFRC","2429","D.rerio","tfr1a","NM_001009917.1","NP_001009917.1"
"TFRC","2429","D.rerio","tfr1b","NM_001009918.2","NP_001009918.2"
"TGFA","2431","H.sapiens","TGFA","NM_001099691.1","NP_001093161.1"
"TGFA","2431","P.troglodytes","TGFA","XM_001142892.1","XP_001142892.1"
"TGFA","2431","C.lupus","TGFA","XM_850397.1","XP_855490.1"
"TGFA","2431","B.taurus","TGFA","XM_593710.4","XP_593710.4"
"TGFA","2431","M.musculus","Tgfa","NM_031199.2","NP_112476.1"
"TGFA","2431","R.norvegicus","Tgfa","NM_012671.1","NP_036803.1"
"TGFA","2431","G.gallus","TGFA","XM_001234467.1","XP_001234468.1"
"TGFB1","540","H.sapiens","TGFB1","NM_000660.3","NP_000651.3"
"TGFB1","540","P.troglodytes","TGFB1","XM_512687.2","XP_512687.2"
"TGFB1","540","C.lupus","TGFB1","NM_001003309.1","NP_001003309.1"
"TGFB1","540","M.musculus","Tgfb1","NM_011577.1","NP_035707.1"
"TGFB1","540","R.norvegicus","Tgfb1","NM_021578.1","NP_067589.1"
"TGFB1","540","D.rerio","LOC1001511","XM_001923622.1","XP_001923657.1"
"TGFB1","540","D.rerio","tgfb1","NM_182873.1","NP_878293.1"
"TGFB1","540","D.rerio","LOC563884","XM_687246.2","XP_692338.1"
"TGFB2","2432","H.sapiens","TGFB2","NM_003238.2","NP_003229.1"
"TGFB2","2432","P.troglodytes","TGFB2","XM_514203.2","XP_514203.2"
"TGFB2","2432","C.lupus","TGFB2","XM_853584.1","XP_858677.1"
"TGFB2","2432","B.taurus","TGFB2","XM_001788732.1","XP_001788784.1"
"TGFB2","2432","M.musculus","Tgfb2","NM_009367.2","NP_033393.1"
"TGFB2","2432","R.norvegicus","Tgfb2","NM_031131.1","NP_112393.1"
"TGFB2","2432","G.gallus","TGFB2","NM_001031045.1","NP_001026216.1"
"TGFB2","2432","D.rerio","tgfb2","NM_194385.1","NP_919366.1"
"TGFBR1","3177","H.sapiens","TGFBR1","NM_004612.2","NP_004603.1"
"TGFBR1","3177","P.troglodytes","TGFBR1","XM_001159299.1","XP_001159299.1"
"TGFBR1","3177","C.lupus","TGFBR1","XM_538750.2","XP_538750.2"
"TGFBR1","3177","B.taurus","TGFBR1","NM_174621.2","NP_777046.1"
"TGFBR1","3177","M.musculus","Tgfbr1","NM_009370.2","NP_033396.1"
"TGFBR1","3177","R.norvegicus","Tgfbr1","NM_012775.2","NP_036907.2"
"TGFBR1","3177","G.gallus","TGFBR1","NM_204246.1","NP_989577.1"
"TGFBR1","3177","D.rerio","tgfbr1b","NM_001115059.1","NP_001108531.1"
"TGFBR1","3177","D.melanogaster","babo","NM_057651.2","NP_476999.1"
"TGFBR1","3177","A.gambiae","AgaP_AGAP0","XM_307671.3","XP_307671.3"
"TGFBR1","3177","A.gambiae","AgaP_AGAP0","XM_317220.3","XP_317220.3"
"TGM3","20690","H.sapiens ","TGM3 ","NM_003245.3 ","NP_003236.3"
"TGM3","20690","P.troglodytes ","TGM3 ","XM_514468.2 ","XP_514468.2"
"TGM3","20690","C.lupus ","TGM3 ","XM_534370.2 ","XP_534370.2"
"TGM3","20690","B.taurus ","TGM3 ","NM_001101848.1 ","NP_001095318.1"
"TGM3","20690","M.musculus ","Tgm3 ","NM_009374.2 ","NP_033400.2"
"TGM3","20690","R.norvegicus ","Tgm3 ","XM_345432.3 ","XP_345433.3"
"TGM3","20690","G.gallus ","TGM3 ","XM_417392.2 ","XP_417392.2"
"THBD","308","H.sapiens","THBD","NM_000361.2","NP_000352.1"
"THBD","308","P.troglodytes","THBD","XM_525283.2","XP_525283.2"
"THBD","308","C.lupus","THBD","NM_001006953.1","NP_001006954.1"
"THBD","308","B.taurus","THBD","XM_610749.4","XP_610749.3"
"THBD","308","M.musculus","Thbd","NM_009378.2","NP_033404.1"
"THBD","308","R.norvegicus","Thbd","NM_031771.2","NP_113959.1"
"THBD","308","G.gallus","THBD","XM_426101.2","XP_426101.2"
"THBS1","31142","H.sapiens","THBS1","NM_003246.2","NP_003237.2"
"THBS1","31142","P.troglodytes","THBS1","XM_510294.2","XP_510294.2"
"THBS1","31142","C.lupus","THBS1","XM_544610.2","XP_544610.2"
"THBS1","31142","B.taurus","THBS1","NM_174196.1","NP_776621.1"
"THBS1","31142","M.musculus","Thbs1","NM_011580.3","NP_035710.2"
"THBS1","31142","G.gallus","THBS1","XM_421205.2","XP_421205.2"
"THBS1","31142","D.rerio","thbs1","XM_685303.3","XP_690395.3"
"THBS2","2438","H.sapiens","THBS2","NM_003247.2","NP_003238.2"
"THBS2","2438","C.lupus","THBS2","XM_541204.2","XP_541204.2"
"THBS2","2438","B.taurus","THBS2","NM_176872.1","NP_789861.1"
"THBS2","2438","M.musculus","Thbs2","NM_011581.1","NP_035711.1"
"THBS2","2438","R.norvegicus","Thbs2","XM_214778.4","XP_214778.2"
"THBS2","2438","G.gallus","THBS2","NM_001001755.1","NP_001001755.1"
"THBS2","2438","D.rerio","LOC566325","XM_689598.3","XP_694690.3"
"THBS2","2438","D.rerio","thbs2","XM_001919813.1","XP_001919848.1"
"TIMP1","36321","H.sapiens","TIMP1","NM_003254.2","NP_003245.1"
"TIMP1","36321","C.lupus","TIMP1","NM_001003182.1","NP_001003182.1"
"TIMP1","36321","B.taurus","TIMP1","NM_174471.3","NP_776896.1"
"TIMP1","36321","M.musculus","Timp1","NM_001044384.1","NP_001037849.1"
"TIMP1","36321","R.norvegicus","Timp1","NM_053819.1","NP_446271.1"
"TIMP2","2444","B.taurus ","TIMP2 ","NM_174472.3 ","NP_776897.2"
"TIMP2","2444","M.musculus ","Timp2 ","NM_011594.3 ","NP_035724.2"
"TIMP2","2444","R.norvegicus ","Timp2 ","NM_021989.2 ","NP_068824.1"
"TIMP2","2444","D.rerio ","timp2 ","NM_182874.1 ","NP_878294.1"
"TIMP2","2444","D.rerio ","LOC1001483","XM_001919275.1 ","XP_001919310.1"
"TIMP2 ","2444","H.sapiens ","TIMP2 ","NM_003255.4 ","NP_003246.1"
"TIMP2 ","2444","C.lupus ","TIMP2 ","NM_001003082.1 ","NP_001003082.1"
"TIMP3","36322","H.sapiens","TIMP3","NM_000362.4","NP_000353.1"
"TIMP3","36322","P.troglodytes","TIMP3","XM_515097.2","XP_515097.2"
"TIMP3","36322","C.lupus","TIMP3","XM_538410.2","XP_538410.2"
"TIMP3","36322","B.taurus","TIMP3","NM_174473.3","NP_776898.2"
"TIMP3","36322","M.musculus","Timp3","NM_011595.2","NP_035725.1"
"TIMP3","36322","R.norvegicus","Timp3","NM_012886.2","NP_037018.2"
"TIMP3","36322","G.gallus","TIMP3","NM_205487.1","NP_990818.1"
"TKTL1","8169","H.sapiens","TKTL1","NM_012253.2","NP_036385.2"
"TKTL1","8169","P.troglodytes","TKTL1","XM_001140116.1","XP_001140116.1"
"TKTL1","8169","C.lupus","TKTL1","XM_538204.2","XP_538204.2"
"TKTL1","8169","B.taurus","TKTL1","NM_001045972.1","NP_001039437.1"
"TKTL1","8169","M.musculus","Tktl1","NM_031379.2","NP_113556.2"
"TKTL1","8169","R.norvegicus","Tktl1","XM_001065706.1","XP_001065706.1"
"TLR2","20695","H.sapiens","TLR2","NM_003264.3","NP_003255.2"
"TLR2","20695","P.troglodytes","TLR2","XM_001155239.1","XP_001155239.1"
"TLR2","20695","C.lupus","TLR2","NM_001005264.1","NP_001005264.1"
"TLR2","20695","B.taurus","TLR2","NM_174197.2","NP_776622.1"
"TLR2","20695","M.musculus","Tlr2","NM_011905.2","NP_036035.2"
"TLR2","20695","R.norvegicus","Tlr2","NM_198769.2","NP_942064.1"
"TLR2","20695","G.gallus","TLR2","NM_204278.1","NP_989609.1"
"TLR2","20695","G.gallus","TLR2","XM_001232192.1","XP_001232193.1"
"TLR2","20695","D.rerio","tlr2","NM_212812.1","NP_997977.1"
"TLR2","20695","D.melanogaster","Tollo","NM_080018.1","NP_524757.1"
"TLR2","20695","A.gambiae","TOLL8","XM_551799.2","XP_551799.2"
"TLR4","41317","H.sapiens","TLR4","NM_138554.3","NP_612564.1"
"TLR4","41317","P.troglodytes","TLR4","XM_001146983.1","XP_001146983.1"
"TLR4","41317","B.taurus","TLR4","NM_174198.6","NP_776623.5"
"TLR4","41317","M.musculus","Tlr4","NM_021297.2","NP_067272.1"
"TLR4","41317","R.norvegicus","Tlr4","NM_019178.1","NP_062051.1"
"TLR4","41317","G.gallus","TLR4","NM_001030693.1","NP_001025864.1"
"TLR4","41317","D.rerio","CH211-198A","XM_001919664.1","XP_001919699.1"
"TLR4","41317","D.rerio","tlr4b","NM_212813.1","NP_997978.1"
"TLR4","41317","D.rerio","tlr4a","XM_001335971.2","XP_001336007.1"
"TLR8","44054","H.sapiens","TLR8","NM_138636.3","NP_619542.1"
"TLR8","44054","P.troglodytes","TLR8","XM_528893.2","XP_528893.2"
"TLR8","44054","B.taurus","TLR8","NM_001033937.1","NP_001029109.1"
"TLR8","44054","M.musculus","Tlr8","NM_133212.2","NP_573475.2"
"TLR8","44054","D.rerio","tlr8a","XM_001920559.1","XP_001920594.1"
"TMC6","5258","H.sapiens","TMC6","NM_001127198.1","NP_001120670.1"
"TMC6","5258","C.lupus","TMC6","XM_540460.2","XP_540460.2"
"TMC6","5258","B.taurus","TMC6","NM_001075208.1","NP_001068676.1"
"TMC6","5258","M.musculus","Tmc6","NM_145439.1","NP_663414.2"
"TMC6","5258","G.gallus","TMC6","XM_420092.2","XP_420092.2"
"TMC6","5258","D.rerio","zgc:92610","NM_001002705.1","NP_001002705.1"
"TMC6","5258","A.gambiae","AgaP_AGAP0","XM_310494.3","XP_310494.3"
"TMCO6","12431","H.sapiens","TMCO6","NM_018502.3","NP_060972.3"
"TMCO6","12431","P.troglodytes","TMCO6","XM_001140277.1","XP_001140277.1"
"TMCO6","12431","C.lupus","TMCO6","XM_544291.2","XP_544291.2"
"TMCO6","12431","B.taurus","LOC1001380","XM_001790577.1","XP_001790629.1"
"TMCO6","12431","M.musculus","Tmco6","NM_028036.3","NP_082312.3"
"TMCO6","12431","R.norvegicus","Tmco6","XM_214574.4","XP_214574.4"
"TMCO6","12431","G.gallus","TMCO6","XM_414468.2","XP_414468.2"
"TMCO6","12431","D.rerio","zgc:162240","NM_001089537.1","NP_001083006.1"
"TMEM132A","75076","H.sapiens","TMEM132A","NM_017870.3","NP_060340.2"
"TMEM132A","75076","P.troglodytes","TMEM132A","XM_522023.2","XP_522023.2"
"TMEM132A","75076","C.lupus","TMEM132A","XM_850086.1","XP_855179.1"
"TMEM132A","75076","B.taurus","TMEM132A","NM_001102237.1","NP_001095707.1"
"TMEM132A","75076","M.musculus","Tmem132a","NM_133804.2","NP_598565.2"
"TMEM132A","75076","R.norvegicus","Tmem132a","NM_178021.1","NP_821140.1"
"TMPRSS11D","74519","H.sapiens","TMPRSS11D","NM_004262.2","NP_004253.1"
"TMPRSS11D","74519","P.troglodytes","TMPRSS11D","XM_526607.2","XP_526607.2"
"TMPRSS11D","74519","C.lupus","TMPRSS11D","XM_849377.1","XP_854470.1"
"TMPRSS11D","74519","B.taurus","LOC521615","XM_599881.4","XP_599881.4"
"TMPRSS11D","74519","M.musculus","Tmprss11d","NM_145561.2","NP_663536.1"
"TMPRSS11D","74519","R.norvegicus","Tmprss11d","NM_001033652.1","NP_001028824.1"
"TMPRSS11D","74519","A.gambiae","AgaP_AGAP0","XM_317175.2","XP_317175.2"
"TMPRSS11D","74519","A.gambiae","AgaP_AGAP0","XM_001230352.1","XP_001230353.1"
"TMPRSS11D","74519","A.gambiae","AgaP_AGAP0","XM_317174.3","XP_317174.2"
"TMPRSS11D","74519","A.gambiae","AgaP_AGAP0","XM_317170.2","XP_317170.2"
"TMPRSS11D","74519","A.gambiae","AgaP_AGAP0","XM_317173.3","XP_317173.2"
"TMPRSS11D","74519","A.gambiae","AgaP_AGAP0","XM_317171.3","XP_317171.2"
"TMPRSS11D","74519","A.gambiae","AgaP_AGAP0","XM_317172.4","XP_317172.2"
"TMPRSS11D","74519","A.gambiae","AgaP_AGAP0","XM_555167.2","XP_555167.1"
"TMPRSS11E","8543","H.sapiens","TMPRSS11E2","NM_001099662.1","NP_001093132.1"
"TMPRSS11E","8543","H.sapiens","TMPRSS11E","NM_014058.3","NP_054777.2"
"TMPRSS11E","8543","C.lupus","TMPRSS11E","XM_539295.2","XP_539295.2"
"TMPRSS11E","8543","M.musculus","Tmprss11e","NM_172880.2","NP_766468.1"
"TMPRSS11E","8543","R.norvegicus","Tmprss11e","XM_223301.4","XP_223301.4"
"TMPRSS11E","8543","G.gallus","TMPRSS11E","XM_001234737.1","XP_001234738.1"
"TMPRSS11E","8543","D.rerio","LOC794054","XM_001333911.1","XP_001333947.1"
"TNF","496","H.sapiens ","TNF ","NM_000594.2 ","NP_000585.2"
"TNF","496","P.troglodytes ","TNF ","XM_001152827.1 ","XP_001152827.1"
"TNF","496","C.lupus ","TNF ","XM_853330.1 ","XP_858423.1"
"TNF","496","B.taurus ","TNF ","NM_173966.2 ","NP_776391.2"
"TNF","496","M.musculus ","Tnf ","NM_013693.2 ","NP_038721.1"
"TNF","496","R.norvegicus ","Tnf ","NM_012675.2 ","NP_036807.1"
"TNFRSF10C","48244","H.sapiens ","TNFRSF10C ","NM_003841.2 ","NP_003832.2"
"TNFRSF10C","48244","P.troglodytes ","TNFRSF10C ","XM_528085.2 ","XP_528085.1"
"TOB1","31334","H.sapiens","TOB1","NM_005749.2","NP_005740.1"
"TOB1","31334","P.troglodytes","TOB1","XM_523795.2","XP_523795.2"
"TOB1","31334","M.musculus","Tob1","NM_009427.2","NP_033453.2"
"TOB1","31334","R.norvegicus","Tob1","NM_133317.2","NP_579851.2"
"TOB1","31334","G.gallus","TOB1","NM_001001467.1","NP_001001467.1"
"TOB1","31334","D.rerio","tob1b","NM_212974.1","NP_998139.1"
"TP53","460","H.sapiens","TP53","NM_001126112.1","NP_001119584.1"
"TP53","460","P.troglodytes","TP53","XM_511957.2","XP_511957.2"
"TP53","460","C.lupus","TP53","NM_001003210.1","NP_001003210.1"
"TP53","460","B.taurus","TP53","NM_174201.2","NP_776626.1"
"TP53","460","M.musculus","Trp53","NM_011640.1","NP_035770.1"
"TP53","460","R.norvegicus","Tp53","NM_030989.1","NP_112251.1"
"TP53","460","D.rerio","tp53","NM_131327.1","NP_571402.1"
"TP73","3960","H.sapiens","TP73","NM_005427.2","NP_005418.1"
"TP73","3960","C.lupus","TP73","XM_546740.2","XP_546740.2"
"TP73","3960","B.taurus","TP73","XM_593064.4","XP_593064.3"
"TP73","3960","M.musculus","Trp73","NM_011642.2","NP_035772.1"
"TP73","3960","R.norvegicus","Tp73","XM_342992.3","XP_342993.3"
"TP73","3960","G.gallus","TP73","XM_417545.2","XP_417545.2"
"TP73","3960","D.rerio","tp73","NM_183340.1","NP_899183.1"
"TPX2","8107","H.sapiens","TPX2","NM_012112.4","NP_036244.2"
"TPX2","8107","P.troglodytes","TPX2","XM_001153777.1","XP_001153777.1"
"TPX2","8107","C.lupus","TPX2","XM_845841.1","XP_850934.1"
"TPX2","8107","B.taurus","TPX2","NM_001098898.1","NP_001092368.1"
"TPX2","8107","M.musculus","Tpx2","NM_028109.3","NP_082385.3"
"TPX2","8107","R.norvegicus","Tpx2","XM_230735.4","XP_230735.2"
"TPX2","8107","G.gallus","TPX2","NM_204437.1","NP_989768.1"
"TPX2","8107","A.thaliana","TPX2","NM_202025.2","NP_973754.2"
"TPX2","8107","O.sativa","Os07g05072","NM_001066272.1","NP_001059737.1"
"TRA2A","40866","H.sapiens","TRA2A","NM_013293.3","NP_037425.1"
"TRA2A","40866","P.troglodytes","TRA2A","XM_001158245.1","XP_001158245.1"
"TRA2A","40866","C.lupus","TRA2A","XM_846156.1","XP_851249.1"
"TRA2A","40866","B.taurus","TRA2A","NM_001046380.1","NP_001039845.1"
"TRA2A","40866","M.musculus","Tra2a","NM_198102.2","NP_932770.2"
"TRA2A","40866","R.norvegicus","Tra2a","XM_575468.2","XP_575468.2"
"TRA2A","40866","G.gallus","TRA2A","NM_001006360.1","NP_001006360.1"
"TRA2A","40866","D.rerio","tra2a","NM_200416.1","NP_956710.1"
"TRA2A","40866","A.gambiae","AgaP_AGAP0","XM_308949.4","XP_308949.4"
"TRA2A","40866","M.grisea","MGG_07511","XM_367600.2","XP_367600.2"
"TRA2A","40866","N.crassa","NCU04164.1","XM_323503.1","XP_323504.1"
"TRA2A","40866","A.thaliana","AT1G07350","NM_100609.3","NP_563787.2"
"TRA2A","40866","O.sativa","Os08g03859","NM_001068241.1","NP_001061706.1"
"TREM2","10352","H.sapiens","TREM2","NM_018965.2","NP_061838.1"
"TREM2","10352","P.troglodytes","TREM2","XM_001174113.1","XP_001174113.1"
"TREM2","10352","C.lupus","TREM2","XM_846138.1","XP_851231.1"
"TREM2","10352","B.taurus","TREM2","NM_001079580.1","NP_001073048.1"
"TREM2","10352","M.musculus","Trem2","NM_031254.2","NP_112544.1"
"TREM2","10352","R.norvegicus","Trem2","XM_217335.4","XP_217335.3"
"TREM2","10352","G.gallus","TREM2","NM_001037832.1","NP_001032921.1"
"TRIM29","8100","H.sapiens","TRIM29","NM_012101.3","NP_036233.2"
"TRIM29","8100","P.troglodytes","TRIM29","XM_508817.2","XP_508817.2"
"TRIM29","8100","B.taurus","LOC525062","NM_001099379.1","NP_001092849.1"
"TRIM29","8100","R.norvegicus","Trim29","XM_236207.4","XP_236207.4"
"TRIM29","8100","G.gallus","TRIM29","XM_417892.2","XP_417892.2"
"TRIP13","3125","H.sapiens","TRIP13","NM_004237.2","NP_004228.1"
"TRIP13","3125","P.troglodytes","TRIP13","XM_001141322.1","XP_001141322.1"
"TRIP13","3125","C.lupus","TRIP13","XM_846682.1","XP_851775.1"
"TRIP13","3125","M.musculus","Trip13","NM_027182.2","NP_081458.1"
"TRIP13","3125","R.norvegicus","Trip13","NM_001011930.1","NP_001011930.1"
"TRIP13","3125","G.gallus","TRIP13","XM_418892.2","XP_418892.2"
"TRIP13","3125","D.rerio","trip13","NM_200582.1","NP_956876.1"
"TRIP13","3125","D.melanogaster","CG31453","NM_079558.4","NP_524282.4"
"TRIP13","3125","A.gambiae","AgaP_AGAP0","XM_321602.4","XP_321602.4"
"TRIP13","3125","C.elegans","pch-2","NM_063310.4","NP_495711.1"
"TRIP13","3125","S.cerevisiae","PCH2","PCH2_9755327","NP_009745.2"
"TRIP13","3125","E.gossypii","AGOS_AEL25","NM_209956.1","NP_984603.1"
"TRIP13","3125","A.thaliana","AT4G24710","NM_118604.4","NP_194202.3"
"TRIP13","3125","O.sativa","Os04g04790","NM_001059626.1","NP_001053091.1"
"TSPAN3","21168","H.sapiens","TSPAN3","NM_005724.4","NP_005715.1"
"TSPAN3","21168","P.troglodytes","TSPAN3","XM_523227.2","XP_523227.2"
"TSPAN3","21168","C.lupus","TSPAN3","XM_544788.2","XP_544788.2"
"TSPAN3","21168","B.taurus","TSPAN3","NM_001035487.1","NP_001030564.1"
"TSPAN3","21168","M.musculus","Tspan3","NM_019793.2","NP_062767.2"
"TSPAN3","21168","R.norvegicus","Tspan3","NM_001005547.1","NP_001005547.1"
"TSPAN3","21168","G.gallus","TSPAN3","XM_001232464.1","XP_001232465.1"
"TSPAN3","21168","D.rerio","si:dkey-24","NM_001025538.1","NP_001020709.1"
"TUBB2","68156","H.sapiens","TUBB2A","NM_001069.2","NP_001060.1"
"TUBB2","68156","P.troglodytes","TUBB2A","XM_518209.2","XP_518209.2"
"TUBB2","68156","C.lupus","TUBB2A","XM_535868.2","XP_535868.2"
"TUBB2","68156","B.taurus","TUBB2A","NM_001003900.1","NP_001003900.1"
"TUBB2","68156","M.musculus","Tubb2a","NM_009450.1","NP_033476.1"
"TUBB2","68156","R.norvegicus","Tubb2a","XM_574013.2","XP_574013.2"
"TUBB2","68156","D.rerio","zgc:112335","NM_001024422.1","NP_001019593.1"
"TUBB2","68156","A.thaliana","TUB7","NM_128508.2","NP_180515.1"
"TUBB2","68156","O.sativa","Os06g06719","NM_001064869.1","NP_001058334.1"
"TWIST1","402","H.sapiens","TWIST1","NM_000474.3","NP_000465.1"
"TWIST1","402","P.troglodytes","TWIST1","NM_001009050.1","NP_001009050.1"
"TWIST1","402","C.lupus","TWIST1","XM_857736.1","XP_862829.1"
"TWIST1","402","B.taurus","TWIST1","XM_001250357.2","XP_001250358.1"
"TWIST1","402","M.musculus","Twist1","NM_011658.2","NP_035788.1"
"TWIST1","402","R.norvegicus","Twist1","NM_053530.2","NP_445982.1"
"TYK2","20712","H.sapiens","TYK2","NM_003331.4","NP_003322.3"
"TYK2","20712","P.troglodytes","TYK2","XM_001165313.1","XP_001165313.1"
"TYK2","20712","C.lupus","TYK2","XM_533918.2","XP_533918.2"
"TYK2","20712","B.taurus","TYK2","XM_001790402.1","XP_001790454.1"
"TYK2","20712","M.musculus","Tyk2","NM_018793.2","NP_061263.2"
"TYMS","834","H.sapiens","TYMS","NM_001071.2","NP_001062.1"
"TYMS","834","P.troglodytes","TYMS","XM_001150558.1","XP_001150558.1"
"TYMS","834","C.lupus","LOC476100","XM_533309.2","XP_533309.1"
"TYMS","834","C.lupus","LOC607417","XM_844070.1","XP_849163.1"
"TYMS","834","B.taurus","TYMS","NM_001037816.1","NP_001032905.1"
"TYMS","834","M.musculus","Tyms","NM_021288.3","NP_067263.1"
"TYMS","834","R.norvegicus","Tyms","NM_019179.1","NP_062052.1"
"TYMS","834","G.gallus","TYMS","XM_419147.2","XP_419147.2"
"TYMS","834","D.rerio","tyms","NM_131760.1","NP_571835.1"
"TYMS","834","D.melanogaster","Ts","NM_058019.3","NP_477367.1"
"TYMS","834","A.gambiae","AgaP_AGAP0","XM_311491.3","XP_311491.3"
"TYMS","834","C.elegans","Y110A7A.4","NM_059131.4","NP_491532.3"
"TYMS","834","S.pombe","SPAC15E1.0","NM_001019728.1","NP_594305.1"
"TYMS","834","S.cerevisiae","CDC21","CDC21_83578104","NP_014717.2"
"TYMS","834","K.lactis","KLLA0A0784","XM_451349.1","XP_451349.1"
"TYMS","834","E.gossypii","AGOS_ADR21","NM_209668.1","NP_984315.1"
"TYMS","834","M.grisea","MGG_04458","XM_362013.1","XP_362013.1"
"TYMS","834","N.crassa","NCU10053.1","XM_323419.1","XP_323420.1"
"TYMS","834","A.thaliana","THY-2","NM_119623.4","NP_195183.2"
"TYMS","834","A.thaliana","THY-1","NM_127191.3","NP_179230.1"
"TYMS","834","O.sativa","Os11g04844","NM_001074443.1","NP_001067911.1"
"TYMS","834","O.sativa","Os12g04469","NM_001073248.1","NP_001066716.1"
"TYMS","834","P.falciparum","PFD0805w","XM_001351443.1","XP_001351479.1"
"UFD1L","39090","H.sapiens","UFD1L","NM_005659.5","NP_005650.2"
"UFD1L","39090","M.musculus","Ufd1l","NM_011672.3","NP_035802.2"
"UFD1L","39090","R.norvegicus","Ufd1l","NM_053418.2","NP_445870.1"
"UFD1L","39090","G.gallus","UFD1L","NM_204301.1","NP_989632.1"
"UFD1L","39090","D.rerio","ufd1l","NM_001002451.1","NP_001002451.1"
"UFD1L","39090","D.melanogaster","Ufd1-like","NM_079299.2","NP_524023.1"
"UFD1L","39090","A.gambiae","AgaP_AGAP0","XM_321840.4","XP_321840.2"
"UFD1L","39090","C.elegans","ufd-1","NM_069947.2","NP_502348.1"
"UFD1L","39090","S.pombe","ufd1","NM_001023801.1","NP_596780.1"
"UFD1L","39090","S.cerevisiae","UFD1","UFD1_6321485","NP_011562.1"
"UFD1L","39090","K.lactis","KLLA0C0247","XM_452307.1","XP_452307.1"
"UFD1L","39090","E.gossypii","AGOS_AFR66","NM_212346.1","NP_986210.1"
"UFD1L","39090","M.grisea","MGG_03175","XM_360632.1","XP_360632.1"
"UFD1L","39090","N.crassa","NCU06856.1","XM_327141.1","XP_327142.1"
"UFD1L","39090","A.thaliana","AT4G38930","NM_120053.2","NP_568048.1"
"UFD1L","39090","A.thaliana","AT2G21270","NM_127699.4","NP_565504.1"
"UFD1L","39090","O.sativa","Os02g01818","NM_001052630.1","NP_001046095.1"
"UPK1A","21383","H.sapiens","UPK1A","NM_007000.2","NP_008931.1"
"UPK1A","21383","C.lupus","UPK1A","XM_541693.1","XP_541693.1"
"UPK1A","21383","B.taurus","UPK1A","NM_176611.2","NP_788784.1"
"UPK1A","21383","M.musculus","Upk1a","NM_026815.2","NP_081091.1"
"UPK1A","21383","R.norvegicus","Upk1a","XM_344879.3","XP_344880.2"
"UPK1A","21383","D.rerio","upk1a","NM_001040242.1","NP_001035332.1"
"VEGFA","2534","H.sapiens ","VEGFA ","NM_003376.4 ","NP_003367.4"
"VEGFA","2534","C.lupus ","VEGFA ","NM_001003175.1 ","NP_001003175.1"
"VEGFA","2534","B.taurus ","VEGFA ","NM_174216.1 ","NP_776641.1"
"VEGFA","2534","M.musculus ","Vegfa ","NM_001025250.2 ","NP_001020421.1"
"VEGFA","2534","R.norvegicus ","Vegfa ","NM_031836.1 ","NP_114024.1"
"VEGFA","2534","G.gallus ","VEGFA ","NM_205042.1 ","NP_990373.1"
"VEGFA","2534","D.rerio ","vegfab ","NM_001044855.2 ","NP_001038320.2"
"VEGFB ","2535","H.sapiens","VEGFB","NM_003377.3","NP_003368.1"
"VEGFB ","2535","M.musculus","Vegfb","NM_011697.2","NP_035827.1"
"VEGFC","3962","H.sapiens","VEGFC","NM_005429.2","NP_005420.1"
"VEGFC","3962","P.troglodytes","VEGFC","XM_526740.2","XP_526740.1"
"VEGFC","3962","C.lupus","VEGFC","XM_540047.2","XP_540047.2"
"VEGFC","3962","B.taurus","VEGFC","NM_174488.2","NP_776913.1"
"VEGFC","3962","M.musculus","Vegfc","NM_009506.2","NP_033532.1"
"VEGFC","3962","R.norvegicus","Vegfc","NM_053653.1","NP_446105.1"
"VEGFC","3962","G.gallus","VEGFC","XM_420532.2","XP_420532.1"
"VEGFC","3962","D.rerio","vegfc","NM_205734.1","NP_991297.1"
"VHL","465","H.sapiens","VHL","NM_000551.2","NP_000542.1"
"VHL","465","C.lupus","VHL","NM_001008552.1","NP_001008552.1"
"VHL","465","B.taurus","VHL","NM_001110019.1","NP_001103489.1"
"VHL","465","M.musculus","Vhl","NM_009507.3","NP_033533.1"
"VHL","465","R.norvegicus","Vhl","NM_052801.1","NP_434688.1"
"VHL","465","G.gallus","VHL","XM_414447.2","XP_414447.2"
"VHL","465","D.rerio","vhl","NM_001080684.1","NP_001074153.1"
"VSIG4","48515","H.sapiens","VSIG4","NM_007268.2","NP_009199.1"
"VSIG4","48515","P.troglodytes","VSIG4","XM_001151444.1","XP_001151444.1"
"VSIG4","48515","C.lupus","VSIG4","XM_549045.2","XP_549045.1"
"VSIG4","48515","B.taurus","VSIG4","NM_001046529.1","NP_001039994.1"
"VSIG4","48515","M.musculus","Vsig4","NM_177789.3","NP_808457.1"
"VSIG4","48515","R.norvegicus","Vsig4","NM_001025004.1","NP_001020175.1"
"VWF","466","H.sapiens","VWF","NM_000552.3","NP_000543.2"
"VWF","466","P.troglodytes","VWF","XM_508945.2","XP_508945.2"
"VWF","466","C.lupus","VWF","NM_001002932.1","NP_001002932.1"
"VWF","466","B.taurus","VWF","XM_584169.4","XP_584169.4"
"VWF","466","M.musculus","Vwf","NM_011708.3","NP_035838.3"
"VWF","466","R.norvegicus","Vwf","XM_342759.3","XP_342760.3"
"VWF","466","G.gallus","VWF","XM_417223.2","XP_417223.2"
"WT1","11536","H.sapiens","WT1","NM_024426.3","NP_077744.3"
"WT1","11536","P.troglodytes","WT1","XM_001138640.1","XP_001138640.1"
"WT1","11536","M.musculus","Wt1","NM_144783.2","NP_659032.2"
"WT1","11536","R.norvegicus","Wt1","NM_031534.1","NP_113722.1"
"WT1","11536","G.gallus","WT1","NM_205216.1","NP_990547.1"
"WT1","11536","D.rerio","wt1a","NM_131046.1","NP_571121.1"
"XRCC1","31368","H.sapiens ","XRCC1 ","NM_006297.2 ","NP_006288.2"
"XRCC1","31368","P.troglodytes ","XRCC1 ","XM_512717.2 ","XP_512717.2"
"XRCC1","31368","C.lupus ","XRCC1 ","XM_533653.2 ","XP_533653.2"
"XRCC1","31368","M.musculus ","Xrcc1 ","NM_009532.3 ","NP_033558.2"
"XRCC1","31368","R.norvegicus ","Xrcc1 ","NM_053435.1 ","NP_445887.1"
"XRCC1","31368","D.rerio ","zgc:91996 ","NM_001003988.1 ","NP_001003988.1"
"YIF1A","56295","H.sapiens","YIF1A","NM_020470.2","NP_065203.2"
"YIF1A","56295","P.troglodytes","YIF1A","XM_001171098.1","XP_001171098.1"
"YIF1A","56295","C.lupus","YIF1A","XM_847422.1","XP_852515.1"
"YIF1A","56295","B.taurus","YIF1A","NM_001034269.1","NP_001029441.1"
"YIF1A","56295","M.musculus","Yif1a","NM_026553.3","NP_080829.1"
"YIF1A","56295","D.rerio","zgc:73136","NM_199931.1","NP_956225.1"
"YIF1A","56295","C.elegans","F57A8.2","NM_001047661.2","NP_001041126.1"
"YIF1A","56295","S.pombe","hfr1","NM_001022281.1","NP_596360.1"
"YIF1A","56295","S.cerevisiae","YIF1","YIF1_6324066","NP_014136.1"
"YIF1A","56295","K.lactis","KLLA0C0256","XM_452311.1","XP_452311.1"
"YIF1A","56295","E.gossypii","AGOS_AFR65","NM_212342.1","NP_986206.1"
"YIF1A","56295","M.grisea","MGG_12628","XM_366588.2","XP_366588.2"
"YIF1A","56295","N.crassa","NCU00624.1","XM_324803.1","XP_324804.1"
"YIF1A","56295","O.sativa","Os06g06206","NM_001064625.1","NP_001058090.1"
"ZBED2","56992","H.sapiens","ZBED2","NM_024508.3","NP_078784.2"
"ZBED2","56992","P.troglodytes","ZBED2","XM_001152879.1","XP_001152879.1"
"ZBED2","56992","C.lupus","ZBED2","XM_545093.1","XP_545093.1"
"ZBED2","56992","B.taurus","ZBED2","XM_590046.2","XP_590046.1"
"ZNF217","4757","H.sapiens","ZNF217","NM_006526.2","NP_006517.1"
"ZNF217","4757","P.troglodytes","ZNF217","XM_001169228.1","XP_001169228.1"
"ZNF217","4757","C.lupus","ZNF217","XM_543058.2","XP_543058.2"
"ZNF217","4757","M.musculus","Zfp217","NM_001033299.2","NP_001028471.1"
"ZNF217","4757","R.norvegicus","Zfp217","XM_231017.4","XP_231017.4"
"ZNF217","4757","G.gallus","ZNF217","XM_417505.2","XP_417505.2"
"ZNF217","4757","D.rerio","wu:fc11a05","XM_001921149.1","XP_001921184.1"
"CDH4","48044","H.sapiens ","CDH4 ","NM_001794.2 ","NP_001785.2"
"CDH4","48044","P.troglodytes ","CDH4 ","XM_001147328.1 ","XP_001147328.1"
"CDH4","48044","B.taurus ","CDH4 ","XM_604152.4 ","XP_604152.4"
"CDH4","48044","M.musculus ","Cdh4 ","NM_009867.1 ","NP_033997.1"
"CDH4","48044","R.norvegicus ","LOC311710 ","XM_230955.4 ","XP_230955.4"
"CDH4","48044","G.gallus ","CDH4 ","NM_001004391.1 ","NP_001004391.1"
"CDH4","48044","D.rerio ","LOC797126 ","XM_001337538.2 ","XP_001337574.2"
"CPEB1","7278","H.sapiens ","CPEB1 ","NM_030594.3 ","NP_085097.3"
"CPEB1","7278","P.troglodytes ","CPEB1 ","XM_001158745.1 ","XP_001158745.1"
"CPEB1","7278","B.taurus ","CPEB1 ","XM_864691.3 ","XP_869784.3"
"CPEB1","7278","M.musculus ","Cpeb1 ","NM_007755.2 ","NP_031781.1"
"CPEB1","7278","R.norvegicus ","Cpeb1 ","XM_218858.4 ","XP_218858.3"
"CPEB1","7278","G.gallus ","CPEB1 ","XM_413713.2 ","XP_413713.2"
"CPEB1","7278","D.rerio ","zorba ","NM_131427.1 ","NP_571502.1"
"CRCT1","10402","H.sapiens ","CRCT1 ","NM_019060.2 ","NP_061933.1"
"CRCT1","10402","C.lupus ","CRCT1 ","XM_859198.1 ","XP_864291.1"
"CRCT1","10402","M.musculus ","Crct1 ","NM_028798.2 ","NP_083074.1"
"TOP2A","830","H.sapiens ","TOP2A ","NM_001067.2 ","NP_001058.2"
"TOP2A","830","C.lupus ","TOP2A ","XM_537646.2 ","XP_537646.2"
"TOP2A","830","B.taurus ","TOP2A ","XM_001254457.2 ","XP_001254458.2"
"TOP2A","830","M.musculus ","Top2a ","NM_011623.1 ","NP_035753.1"
"TOP2A","830","R.norvegicus ","Top2a ","NM_022183.2 ","NP_071519.2"
"TOP2A","830","G.gallus ","TOP2A ","NM_204791.1 ","NP_990122.1"
"TOP2A","830","D.rerio ","top2a ","NM_001003834.1 ","NP_001003834.1"
"TOP2A","830","C.elegans ","top-2 ","NM_064135.2 ","NP_496536.1"
"TOP2A","830","S.pombe ","ptr11 ","NM_001021708.1 ","NP_595805.1"
"TOP2A","830","S.cerevisiae ","TOP2 ","TOP2_6324241 ","NP_014311.1"
"TOP2A","830","K.lactis ","KLLA0C1383","XM_452818.1 ","XP_452818.1"
"TOP2A","830","E.gossypii ","AGOS_AER41","NM_210619.1 ","NP_985265.1"
"TOP2A","830","M.grisea ","MGG_06162 ","XM_369302.1 ","XP_369302.1"
"TOP2A","830","N.crassa ","NCU06338.1","XM_326192.1 ","XP_326193.1"
"TOP2A","830","A.thaliana ","TOPII ","NM_113294.2 ","NP_189031.1"
"TOP2A","830","O.sativa ","Os02g06997","NM_001054368.1 ","NP_001047833.1"
"TOP2A","830","P.falciparum ","PF14_0316 ","XM_001348454.1 ","XP_001348490.1"
"BLU","9293","H.sapiens ","ZMYND10 ","NM_015896.2 ","NP_056980.2"
"BLU","9293","P.troglodytes ","ZMYND10 ","XM_516479.2 ","XP_516479.2"
"BLU","9293","C.lupus ","ZMYND10 ","XM_533818.2 ","XP_533818.1"
"BLU","9293","B.taurus ","ZMYND10 ","NM_001040548.1 ","NP_001035638.1"
"BLU","9293","M.musculus ","Zmynd10 ","NM_053253.3 ","NP_444483.2"
"BLU","9293","R.norvegicus ","Zmynd10 ","NM_001004284.1 ","NP_001004284.1"
"BLU","9293","D.rerio ","zgc:63660 ","NM_200397.1 ","NP_956691.1"
"BLU","9293","D.melanogaster ","CG11253 ","NM_140368.1 ","NP_648625.1"
"BLU","9293","A.gambiae ","AgaP_AGAP0","XM_309572.4 ","XP_309572.4"
"BLU","9293","P.falciparum ","PFF0350w ","XM_960968.1 ","XP_966061.1"
"VPS35","6221","H.sapiens ","VPS35 ","NM_018206.4 ","NP_060676.2"
"VPS35","6221","P.troglodytes ","VPS35 ","XM_001161439.1 ","XP_001161439.1"
"VPS35","6221","C.lupus ","VPS35 ","XM_532570.2 ","XP_532570.2"
"VPS35","6221","B.taurus ","VPS35 ","NM_001046258.1 ","NP_001039723.1"
"VPS35","6221","M.musculus ","Vps35 ","NM_022997.3 ","NP_075373.1"
"VPS35","6221","R.norvegicus ","Vps35 ","XM_214646.4 ","XP_214646.3"
"VPS35","6221","G.gallus ","VPS35 ","NM_001005842.1 ","NP_001005842.1"
"VPS35","6221","D.rerio ","vps35 ","NM_001025517.1 ","NP_001020688.1"
"VPS35","6221","D.melanogaster ","CG5625 ","NM_137807.2 ","NP_611651.3"
"VPS35","6221","A.gambiae ","AgaP_AGAP0","XM_308188.4 ","XP_308188.4"
"VPS35","6221","C.elegans ","vps-35 ","NM_062779.3 ","NP_495180.2"
"VPS35","6221","S.pombe ","vps35 ","NM_001023250.1 ","NP_588260.1"
"VPS35","6221","S.cerevisiae ","VPS35 ","VPS35_6322307 ","NP_012381.1"
"VPS35","6221","K.lactis ","KLLA0B0753","XM_451864.1 ","XP_451864.1"
"VPS35","6221","E.gossypii ","AGOS_AEL10","NM_210108.1 ","NP_984754.1"
"VPS35","6221","M.grisea ","MGG_05089 ","XM_359688.2 ","XP_359688.2"
"VPS35","6221","N.crassa ","NCU06284.1","XM_326138.1 ","XP_326139.1"
"VPS35","6221","A.thaliana ","VPS35B ","NM_106235.4 ","NP_177713.3"
"VPS35","6221","O.sativa ","Os03g08016","NM_001058128.1 ","NP_001051593.1"
