"gene_name","pubmed_id","class","sample","remark"
"A2M","15047212","Upregulation","Department of Obsterics and Gynecology, University of Korea.","It is found to be expressed upregulated by 8.6 fold change in cervical cancer."
"ACADVL","20099975","-","-","ACADVL is involved in cervical carcinogenesis."
"ADAM9","19473694","-","Department of Obsterics and Gynecology, University of Heidelberg","ADMA9 id detected in 86% CIN3 lesions and  in 93% squamous cell carcinomas of the uterine cervix. ADAM9 expression is low in the squamous epithelium of the cervix, but is increased in CIN3 lesions as well asSCCs being theincrease in both cases statistically significant."
"ADRM1","18506748","Overexpression","Columbia University Medical Center (CUMC), NewYork.","This gene is overexpressed as a consequence of chromosome 20q gain and amplification in cervical cancer. And overexpressed as 2.6 fold on comparison between normal cervical squamous epithelium and tumors with chromosome 20 and 20q gain. "
"AEBP1","15047212","Upregulation","Department of Obsterics and Gynecology, University of Korea.","It is found to be expressed upregulated by 13.9 fold change in cervical cancer."
"AHCY","18506748","Overexpression","Columbia University Medical Center (CUMC), NewYork.","This gene is overexpressed as a consequence of chromosome 20q gain and amplification in cervical cancer. And overexpressed as 3.8 fold on comparison between normal cervical squamous epithelium and tumors with chromosome 20 and 20q gain. "
"AIM2","18217980","Upregulation","Department of Obstertics and Gynecology, Kora University Anam Hospital, Seoul, Soth Korea","This gene is found to be twofold or more upregulated in the invasive cervical cancer compared with the CIS. "
"AKT1","17242701","Upregulation","Gynecological Cancer Centre of St bartholomew's Hospital and the Department of Obsterics and Gynecology of the Clinical Centre of Serbia.","It is commonly upregulated in LN micrometastases in cervical cancer. AKT plays a central role in epithelial-mesenchymal transition a critical feature in cancer invasion and metastasis by reducing intercellular adhesion and increasing cancer cell motility"
"AKT1","10493495","-","-","Phosphorylation of AKT is involved in the human cervical carcinoma cells."
"AKT1","18686341","Overexpression","Department of Pathology, University od Wurzburg.","Expression of AKT increased significantly with the histopathological grade of cervical neoplasia, including LGSIL, HGSIL, and cervical cancer."
"ALDH7A1","15047212","Downregulation","Department of Obsterics and Gynecology, University of Korea.","It is found to be expressed downregulated by -4.1 fold change in cervical cancer."
"ALOX12","10446449","Downregulation","Gynaecology Unit of Benjamin Franklin University Medical Centre, berlin","The 12-lipoxygenase activity, expressed as 12-HETE formation,  is lower in patients with invasive cervical carcinoma."
"ALOX12","16353136","-","Department of Obstercis and Gynaecology, Prince of Wales Hospital, The Chinese University of Hong Kong, Hong Kong.","ALOX12 is reported to be modified in cervical cancer."
"ALOX12B","16353136","-","Department of Obstercis and Gynaecology, Prince of Wales Hospital, The Chinese University of Hong Kong, Hong Kong.","It is found to be differential expressed in HPV-16 infected case"
"ANG","16450401","Upregulation","Chang Gung Memorial Hospital","It is found to be expressed upregulated by 1.66 fold change in adenocarcinoma as compared to squamous cell carcinoma (p<0.0001)."
"ANLN","18191186","Upregulation","Academic Medical Center, Amsterdam","This actin binding protein is found to be overexpressed in cervical cancer as well as in other tumors like breast tumors, gastric etc."
"ANXA1","16450401","Upregulation","Chang Gung Memorial Hospital","It is found to be expressed upregulated by 6.21 fold change in squamous carcinoma as compared to adenocarinoma (p<0.0001)."
"ANXA2","17543121","Downregulation","Vancouver General Hospital Women's Clinic, Vancouver Hospital & Health Science Centre.","It exhibited decreased expression in CIN III(z<-1.96)"
"ANXA4","17054780","Downregulation","Health Enterprise Rikshopitalet-Radium Hospitalet","This gene is differently downregulated by 0.72 in node positive tumors than node negative cervical tumors."
"ANXA8","16450401","Upregulation","Chang Gung Memorial Hospital","It is found to be expressed upregulated by 2.90 fold change in squamous carcinoma as compared to adenocarinoma (p=0.005)."
"APC","17971771","Methylation","VU University Medical Center in Amerstdam","APC is significantly more methylated with frequency 50% in adenocarcinoma"
"APC","20208141","-","Pathology Archives of the University Medical Center Groningen (UMCG).","Methylation frequency of APC increases with severity of the cervical lesion. "
"APC","16331610","Methylation","Gynecologic Oncology Division of Seoul National University Hospital","Methylation of APC gene is more frequently in SCC than AC (14.5%,P=0.009)"
"APC","11448914","Methylation","Samsung Cheil Hospital, Seoul, Korea","Hypermethylation of APC promoter in adenocarcinoma is at a statistically higher significant frequency than in squamous cell carcinoma."
"APC","12702579","Methylation","Anatomical Pathology Department of the City of Hope National Medical Center.","Aberrant methylation of CpG island within the promoter regions has been observed in the 25-50% of the tumors. . "
"APC","16736496","Methylation","Clinic of the University Medical Center Groningen.","APC promoter methylation was significantly more methylated in cancers than control"
"APC","15589597","Methylation","Department of Obstertics and Gynecology, Seoul national University Hospital.","Frequency of methylation of this gene is found to be 15.9%."
"APC","15713962","Methylation","-","Methylation of this gene is reported"
"APLP2","15047212","Downregulation","Department of Obsterics and Gynecology, University of Korea.","It is found to be expressed downregulated by -3.2 fold change in cervical cancer."
"APOC1","18217980","Upregulation","Department of Obstertics and Gynecology, Kora University Anam Hospital, Seoul, Soth Korea","This gene is found to be twofold or more upregulated in the invasive cervical cancer compared with the CIS. "
"APOD","18217980","Downregulation","Department of Obstertics and Gynecology, Kora University Anam Hospital, Seoul, Soth Korea","This gene is found to be twofold or more downregulated in the invasive cervical cancer compared with the CIS. "
"APOL2","15047212","Upregulation","Department of Obsterics and Gynecology, University of Korea.","It is found to be expressed upregulated by 10.3 fold change in cervical cancer."
"AQP3","15047212","Upregulation","Department of Obsterics and Gynecology, University of Korea.","It is found to be expressed upregulated by 8.9 fold change in cervical cancer."
"AQP3","17543121","Upregulation","Vancouver General Hospital Women's Clinic, Vancouver Hospital & Health Science Centre.","It exhibited increased expression in CIN III(z>-1.96)"
"ARHGAP12","15047212","Downregulation","Department of Obsterics and Gynecology, University of Korea.","It is found to be expressed downregulated by -2.7 fold change in cervical cancer."
"ARHGAP8","18217980","Upregulation","Department of Obstertics and Gynecology, Kora University Anam Hospital, Seoul, Soth Korea","This gene is found to be twofold or more upregulated in the invasive cervical cancer compared with the CIS. "
"PYCARD","15713962","Methylation","-","Hypermethylation of this gene is associated with CIN-3/CIS and ICC."
"ASXL1","18506748","Overexpression","Columbia University Medical Center (CUMC), NewYork.","This gene is overexpressed as a consequence of chromosome 20q gain and amplification in cervical cancer. And overexpressed as 2.8 fold on comparison between normal cervical squamous epithelium and tumors with chromosome 20 and 20q gain. "
"ATIC","15047212","Downregulation","Department of Obsterics and Gynecology, University of Korea.","It is found to be expressed downregulated by -2.9 fold change in cervical cancer."
"ATP9A","18506748","Overexpression","Columbia University Medical Center (CUMC), NewYork.","This gene is overexpressed as a consequence of chromosome 20q gain and amplification in cervical cancer. And overexpressed as 2.4 fold on comparison between normal cervical squamous epithelium and tumors with chromosome 20 and 20q gain. "
"B4GALT5","18506748","Overexpression","Columbia University Medical Center (CUMC), NewYork.","This gene is overexpressed as a consequence of chromosome 20q gain and amplification in cervical cancer. And overexpressed as 2.3 fold on comparison between normal cervical squamous epithelium and tumors with chromosome 20 and 20q gain. "
"BAG1","10047462","Upregulation","-","BAG-1 is overexpressed in human cervical carcinoma cell lines and tissues. In addition, overexpression of BAG-1 enhanced the resistence of cervical cells to apoptosis. BAG-1 is upregulated in human cervical cancer. It also enhanced the anti-apoptotic activity of BCL-2"
"BAG1","12373595","-","-","BAG-1 is frequently altered in human cancer relative to normal cells. BAG-1 expression may have clinical utility."
"BANF1","16450401","Upregulation","Chang Gung Memorial Hospital","It is found to be expressed upregulated by 1.79 fold change in squamous carcinoma as compared to adenocarinoma (p<0.0001)."
"BANF1","18191186","-","Academic Medical Center, Amsterdam","This gene showed differential expression between tumor samples from patients with and without lymph node metastasis. Mean accuracy class prediction is 64.5% with a 95% confidence interval (CI) of 40-90%."
"BASP1","18559093","Upregulation","Columbia University Medical Center (CUMC), NewYork.","This gene is upregulated 6.0 fold and overexpressed as a consequence of chromosome 5p gain in cervical cancer."
"BAT2L2","15047212","Downregulation","Department of Obsterics and Gynecology, University of Korea.","It is found to be expressed downregulated by -2.3 fold change in cervical cancer."
"BCL2","17242701","Upregulation","Gynecological Cancer Centre of St bartholomew's Hospital and the Department of Obsterics and Gynecology of the Clinical Centre of Serbia.","It is commonly upregulated in LN micrometastases in cervical cancer. BCL2 is an antiapototic gene and increased expression is associated with poor responses to systematic treatment of cancer."
"BCL2","17306351","Overexpression","-","It's overexpressed in cervical squamous cell carcinoma. It appears to be associated with the development, aggressiveness and progression of cervical cancer."
"BCL2","12657131","-","-","BCL2 expressed in small cell carcinoma of the cervix"
"BCL2","17632454","Overexpression","-","BCL2 expression has been reported to be increased in intensity and proportion in CIN specimen."
"BCL2","10999751","-","-","BCL2 expression is detected in 14.3% in noninvasive squamous cell carcinoma and 65.2% of invasive squamous cell carcinoma (P<0.003)."
"BCL2","17464868","Upregulation","-","BCL2 expression is positively related to the degree of metastasis; cases with lymph node metastasis showed significantly higher BCL2 expression compared with those without metastasis."
"BCL2","11198267","-","Department of Obstertics and Gynecology of the Catholic University, Rome","A significant association of bcl2 levels with age (p<0.021) and menopausal status (p<0.041) in cervical cancer patients as well as in control patients."
"BCL2L1","17306351","Overexpression","Clinic of Obstetrics and Gynaecology at the Medical University of Vienna, Austria.","This protoncogene showed a 3.75 fold higher in malignant HR-HPV(-)cervical squamous cells "
"BCL2L1","11198267","-","Department of Obstertics and Gynecology of the Catholic University, Rome","Bax is likely to play role in the natural history of cervical tumors but their clinical significance in predicting response to treatment and clinical outcome "
"BCL2L2","17306351","Overexpression","Clinic of Obstetrics and Gynaecology at the Medical University of Vienna, Austria.","It's overexpressed in cervical squamous cell carcinoma. Its expression in HPV (-) is  increased by 8.89 fold as compared to HPV(+) samples."
"BCL2L2","15771902","Overexpression","-","BCL2 protoncogene showed a 8.89 fold higher increase  in malignant cervical squamous cells "
"BICD2","16450401","Upregulation","Chang Gung Memorial Hospital","It is found to be expressed upregulated by 1.79 fold change in squamous carcinoma as compared to adenocarinoma (p=0.001)."
"BIRC5","17464868","Upregulation","-","Survivin is upregulated in cervical carcinoma; it was observed in 53.1% of cases of CIN and 90% of cases of CC."
"BLU","17097722","Methylation","Tri-Service General Hospital, Taipei, Taiwan.","BLU (ZMYND10) gene is methylated in 76.9% of squamous cell carcinoma, 57.4% of high-grade squamous intraepithelial lesions, 20.0% of low-grade squamous intraepithelial lesions and 12.5% of normal tissues. Also in adenocarcinomas, 43.5% of patients showed BLU methylation which was significantly higher than the corresponding control frequencies of 12.5%"
"BNIP3","16353136","-","Department of Obstercis and Gynaecology, Prince of Wales Hospital, The Chinese University of Hong Kong, Hong Kong.","It is found to be differential expressed in non-HPV-16 infected case"
"BRAF","17360030","Mutation","National Cancer Center, Korea and Cheil Hospital, Korea","Genetic or epigenetic alteration in BRAF pathway including a mutation in RASSF1A methylation has been reported to play an important role in cervical cancer development."
"BRCA1","15983032","-","-","Both E6 and E7 completely rescue the BRCA-1 mediated repression of ER-A transcriptional activity and each oncoprotein interacts with BRCA-1 in vitro and associates with BRCA-1 in vivo."
"BRCA1","12773202","Methylation","-","high frequency of promoter methylation in CDH1, DAPK, RARB, and HIC1 genes"
"BRD9","18559093","Upregulation","Columbia University Medical Center (CUMC), NewYork.","This gene is upregulated 2.2 fold and overexpressed as a consequence of chromosome 5p gain in cervical cancer."
"BST2","15047212","Upregulation","Department of Obsterics and Gynecology, University of Korea.","It is found to be expressed upregulated by 3.9 fold change in cervical cancer."
"BXDC2","18559093","Upregulation","Columbia University Medical Center (CUMC), NewYork.","This gene is upregulated 2.6 fold and overexpressed as a consequence of chromosome 5p gain in cervical cancer."
"BZW2","15047212","Downregulation","Department of Obsterics and Gynecology, University of Korea.","It is found to be expressed downregulated by -2.6 fold change in cervical cancer."
"C13ORF18","19843677","Methylation","University Medical Center, Groningen.","Methylation of C13ORF18 in cervical scrappings is strongly associated with CIN II or higher grade lesions. This marker might be used for direct referral to gynecologists for patients with a methylation-positive scrapping."
"C15orf48","16434596","Methylation","Dakar, Senegal","This gene is highly methylated in invasive cervical cancer."
"C1QBP","15047212","Downregulation","Department of Obsterics and Gynecology, University of Korea.","It is found to be expressed downregulated by -2.2 fold change in cervical cancer."
"C20orf20","18506748","Overexpression","Columbia University Medical Center (CUMC), NewYork.","This gene is overexpressed as a consequence of chromosome 20q gain and amplification in cervical cancer. And overexpressed as 3.9 fold on comparison between normal cervical squamous epithelium and tumors with chromosome 20 and 20q gain. "
"C20orf30","15047212","Downregulation","Department of Obsterics and Gynecology, University of Korea.","It is found to be expressed downregulated by -2.7 fold change in cervical cancer."
"C3","15047212","Upregulation","Department of Obsterics and Gynecology, University of Korea.","It is found to be expressed upregulated by 5.9 fold change in cervical cancer."
"C4orf41","17054780","Upregulation","Health Enterprise Rikshopitalet-Radium Hospitalet","This gene is differently upregulated by 1.24  in node positive tumors than node negative cervical tumors."
"C5orf22","18559093","Upregulation","Columbia University Medical Center (CUMC), NewYork.","This gene is upregulated 3.0 fold and overexpressed as a consequence of chromosome 5p gain in cervical cancer."
"C5orf28","18559093","Upregulation","Columbia University Medical Center (CUMC), NewYork.","This gene is upregulated 2.9 fold and overexpressed as a consequence of chromosome 5p gain in cervical cancer."
"CACYBP","15047212","Downregulation","Department of Obsterics and Gynecology, University of Korea.","It is found to be expressed downregulated by -2.2 fold change in cervical cancer."
"CADM1","17971771","Methylation","VU University Medical Center in Amerstdam","CADM1 is significantly more methylated with frequency 56.3% in squamous cell carcinoma"
"CADM1","14970278","Methylation","-","TSLC1 (or CADM1) gene silencing via promoter hypermethylation is a frequent event in the progression from high-risk HPV-containing, high grade CIN lesions to invasive cervical cancer."
"CADM1","15989693","Upregulation","National Center for Dysplasias, Mexico City","This gene is found to be overexpressed in cervical cancer."
"CADM1","15589594","Methylation","-","IGSF4 expression in cancer cell lines correlates with the methylation status of an approximately 180bp region at the 5' end of the gene"
"CADM1","18181097","Methylation","Johns Hopkins Hospital.","Methylation of this gene was detected in 10 (25.6%) of 39 HSIL Pap tests compared with 3(5%) of 60 combined NILM/LSIL Pap tests."
"CALCA","16736496","Methylation","Clinic of the University Medical Center Groningen.","CALCA promoter has been observed to be more hypermethylated in cervical cancers than in controls"
"CALCA","14760078","Methylation","Department of Obsterics and Gynecology, Innsbruck University Hospital.","Aberrant methylation of CpG island within the promoter regions. "
"CAMKK2","16353136","-","Department of Obstercis and Gynaecology, Prince of Wales Hospital, The Chinese University of Hong Kong, Hong Kong.","It is found to be differentially expressed by -2.43 fold in atleast two-third of cervical cancer cases."
"CAMKV","16353136","Downregulation","Department of Obstercis and Gynaecology, Prince of Wales Hospital, The Chinese University of Hong Kong, Hong Kong.","It is found to be differentially expressed by -2.55 fold in atleast two-third of cervical cancer cases."
"CCNA1","19843677","Methylation","University Medical Center, Groningen.","Methylation of CCNA1 in cervical scrappings is strongly associated with CIN II or higher grade lesions. This marker might be used for direct referral to gynecologists for patients with a methylation-positive scrapping."
"CCNA1","20208141","Methylation","Pathology Archives of the University Medical Center Groningen (UMCG).","Methylation of CCNA1 increases during cervical carcinogenesis and thus is reported as one of the best markers to distinguish normal/LSIL from HSIL/cancer lesions."
"CCNA1","16524460","Methylation","-","The frquency of CCNA1 methylation is high and specific to invasive cancer so is a good candidate for early detection. CCNA1 promoter methylation in HPV-associated squamous cell CC is unusually common."
"CCNB1","17306351","Overexpression","Clinic of Obstetrics and Gynaecology at the Medical University of Vienna, Austria.","This protoncogene showed a 7.10 fold higher in malignant HR-HPV(-)cervical squamous cells "
"CCND1","17306351","Overexpression","Clinic of Obstetrics and Gynaecology at the Medical University of Vienna, Austria.","It's increased 8.08 fold level in HR-HPV(-) cervical squamous cell carcinoma than HR-HPV(+) squamous cell carcinoma. "
"CCND1","15771902","Overexpression","-","CCND1 protoncogene showed a 8.08 fold higher increase  in malignant cervical squamous cells "
"CCND1","7905784","Amplification","Lok Nayak Jayaprakashan Naryan Hospital, Delhi, India.","CCND1 has been shown to be amplified with with 18 number of copies in cervical cancer."
"CCND1","7812927","Overexpression","-","The role of PRAD1 as a cell cycle regulatory gene and its interaction with the Rb Tumor suppressor gene suggests that PRAD1 deregulation may be a significant molecular event in the evolution of these tumors."
"CCND1","7905784","Amplification","Lok Nayak Jayaprakashan Naryan Hospital, Delhi, India.","BCL1 has been shown to be amplified with 5 number of copies in cervical cancer."
"CCND1","18813814","Upregulation","Department of Obsterics and Gynaecology of the University Hospital of Heraklion, Crete","This gene is found to be upregulated 77% and 52% in cervical carcinoma and HSIL cases."
"CCND2","15713962","Methylation","-","Hypermethylation of this gene is associated with CIN-3/CIS and ICC."
"CCNE1","17306351","Overexpression","Clinic of Obstetrics and Gynaecology at the Medical University of Vienna, Austria.","CCNE1 protoncogene showed a 6.45 fold higher in malignant HR-HPV(-)cervical squamous cells "
"CCNE1","18813814","Upregulation","Department of Obsterics and Gynaecology of the University Hospital of Heraklion, Crete","This gene is found to be upregulated in cervical cancer in 74 % of cases."
"CCR2","20537184","Polymorphism","Groote Schuur Hospital and Tygerberg Hospital, South Africa","Polymorphsim CCR2-V64I is associated with risk of cervical cancer thus important in invasive cancer of the cervix, but not in HPV infection or in the development of pre-cancers."
"CD28","18337305","Polymorphism","Department of Gynecology of Sao Paulo Hospital, Sao Paulo, Brazil and Cancre Hospital of Uberlandia, Brazil.","An epistatic effect between polymorphism in CD28 (TT)and IFNG (AA)genes is susceptible to cervical cancer."
"CD28","19959217","Polymorphism","Swedish Cancer Registry and National Family Registry.","Combination of CD28+17(TT)/IFNG+874(AA) is shown to increase cervical cancer risk."
"CD44","17464868","Upregulation","-","CD44 is upregulated in cervical carcinoma; it was observed in 48.8% of cases of CIN and 88% of cases of CC."
"CD63","16450401","Upregulation","Chang Gung Memorial Hospital","It is found to be expressed upregulated by 1.47 fold change in adenocarcinoma as compared to squamous cell carcinoma (p=0.002)."
"CD83","19446866","Polymorphism","Washington University School of Medicine.","CD83 polymorphism (rs750749) are associated with cervical precancer/cancer risk. CD83 -disease associations might be heterogenous by tumor histology."
"CD83","18056445","Polymorphism","-","CD83 gene polymorphism increase susceptibility to human invasive cervical cancer."
"CDA","16353136","-","Department of Obstercis and Gynaecology, Prince of Wales Hospital, The Chinese University of Hong Kong, Hong Kong.","It is found to be differentially expressed by -4.56 fold in atleast two-third of cervical cancer cases."
"CDC40","16450401","Upregulation","Chang Gung Memorial Hospital","It is found to be expressed upregulated by 8.43 fold change in squamous carcinoma as compared to adenocarinoma (p<0.0001)."
"CDH1","12773202","Methylation","Instituto Nacional de Cancerologia, Colombia and Department of Obstetrics and Gynecology of Friedrich Schiller University, Jena, Germany","The frequency of methylation of CDH1 gene promoter is 51.1%."
"CDH1","17894941","Methylation","Washington University School of Medicine","Hypermethylation results have been noted for CDH1. Thus it can be used as a potential markers for cervical neoplasia.Methylation of CDH1 was found in 89% of cancers and 26% of CIN3 cytology specimens."
"CDH1","16331610","Methylation","Gynecologic Oncology Division of Seoul National University Hospital","Methylation of this gene is more frequently in AC than SCC (80.6%,P=0.001)"
"CDH1","14760078","Methylation","Department of Obsterics and Gynecology, Innsbruck University Hospital.","Aberrant methylation of CpG island within the promoter regions. "
"CDH1","12657131","-","-","Loss of E-cadherin expression correlated with the loss of tumor adhesion and increased tumor aggressivness in carcinoma. "
"CDH1","11448914","Methylation","Samsung Cheil Hospital, Seoul, Korea","Aberrant methylation of CpG island within the promoter regions in asscoiation with the loss of protein expression in cancer cells."
"CDH1","12702579","Methylation","Anatomical Pathology Department of the City of Hope National Medical Center.","Aberrant methylation of CpG island within the promoter regions has been observed in the 25-50% of the tumors.  "
"CDH1","12751384","Methylation","Department of Obsterics and Gynecology, University of HongKong","Methylation of E-cadherin is significantly correlated with increased DNMT1."
"CDH1","17009983","Methylation","Central Hospital of Gynecology and Obsterics, Tianjin, China","Methylation of E-cadherin gene was detected inn 39.74% of plasam samples of cervical patients. Thus methylation of E-daherin gene in plasma samples will become a sensitive marker for the detection of cervical cancers. And methylation of this gene influences the genesis and progression of cervical cancer."
"CDH1","12751384","Methylation","Department of Obsterics and Gynecology, University of HOngKong","E-cadherin methylation is significantly correlated with the increased DNMT1."
"CDH1","16803511","Methylation","Busan Paik Hospital, Inje University, Busan, South Korea. ","The frequencies of promoter methylation of p16, DAPK, CDH1, and TIMP-3 in cervical cancer were 57%, 44.9%, 52.6%, and 9%, respectively"
"CDH1","19755648","Methylation","Coloscopy Clinic, Jessop Wing or the Oncology Department of the Royal hallamshire Hospital, Sheffield.","Tumor suppressor gene CDH1 exhibited a significantly increased frequency of promoter methylation with progressively more severe cervical neoplasia (P < 0.05). HIC1 gene is reported to be a potential biomarker of cervical neoplasia"
"CDH11","15989693","Overexpression","National Center for Dysplasias, Mexico City","This gene is found to be overexpressed in cervical cancer and and have been associated with invasive features of cancers."
"CDH13","17548682","Methylation","University of Dakar, Senegal","Methylation of CDH13 has been reported in urine samples from cervical cancer patients."
"CDH13","15713962","Methylation","Community Health Clinic in Dakar, Senegal.","The frequency of hypermethylation of CDH3 increased statistically significantly with increasing severity of neoplasia present in the cervical biopsy (P<0.001)"
"CDH13","17971771","Methylation","VU University Medical Center in Amerstdam","CDH13 is significantly more methylated with frequency 87.5% in adenocarcinoma"
"CDH15","15989693","Downregulation","National Center for Dysplasias, Mexico City","This gene is found to be downregulated in cervical cancer and and have been associated with invasive features of cancers."
"CDH2","12657131","-","-","Loss of N-cadherin tumor suppression as a mechanism of oncogenesis in small cell carcinomas."
"CDH3","16353136","-","Department of Obstercis and Gynaecology, Prince of Wales Hospital, The Chinese University of Hong Kong, Hong Kong.","It is found to be modified in cervical cancer"
"CDH3","12657131","-","-","P-cadherin localized to basal epithelium has been a marker of aggressive tumor when aberrantly expressed in carcinomas."
"CDH3","10433943","Overexpression","-","Increase in P-caedhrin expression developed the immature squamous metaplasia, present both in cell-cell boundaries and the cytoplasm."
"CDH3","11066045","Overexpression","Tel-Aviv Sourasky Medical Center.","P-cadherin is aberrantly expressed in most adenocarcinomas and appears to be preferentially expressed in invasive rather than in situ lesions."
"CDH4","15989693","Downregulation","National Center for Dysplasias, Mexico City","This gene is found to be downregulated in cervical cancer and and have been associated with invasive features of cancers."
"CDK2","18813814","Upregulation","Department of Obsterics and Gynaecology of the University Hospital of Heraklion, Crete","This gene is found to be upregulated 88% and 62% in cervical carcinoma and HSIL cases."
"CDK6","18813814","Upregulation","Department of Obsterics and Gynaecology of the University Hospital of Heraklion, Crete","This gene is found to be upregulated in cervical cancer in 97 % of cases."
"CDKN1A","15771902","Upregulation","-","CDKN1A is the upregulated gene in cancer epithelia i.e. >3 fold higher expression compared to normal cervical cells, that have been associated with the development and tumor progression of cervical cancer"
"CDKN1A","11371120","Overexpression","Department of Obsterics and Gyencology, Samsung Medical Center.","p21 is more highly expressed in cervical cancers than in either normal cervices or CIN3 specimens."
"CDKN1A","17306351","Overexpression","Clinic of Obstetrics and Gynaecology at the Medical University of Vienna, Austria.","It is increased 2.50 fold level in HR-HPV(-) cervical squamous cell carcinoma than HR-HPV(+) squamous cell carcinoma. "
"CDKN1A","9258658","-","Karolinska Hospital, Stockholm, Sweden.","Increased p21/WAF-1 activity but low or undetectable expression of TP53 were representative for the immunophenotype."
"CDKN1B","18813814","Upregulation","Department of Obsterics and Gynaecology of the University Hospital of Heraklion, Crete","This gene is found to be upregulated 86% and 77% in cervical carcinoma and HSIL cases."
"CDKN2A","15771902","Upregulation","-","CDKN2A protoncogene showed a 10.4 fold higher increase expression in malignant cervical squamous cells "
"CDKN2A","16353136","Upregulation","Department of Obstercis and Gynaecology, Prince of Wales Hospital, The Chinese University of Hong Kong, Hong Kong.","CDKN2A showed a 6.65 fold increase expression and expressed higher in cervical CIN (75%) and in squamous cell carcinoma than normal or inflamed cervices. "
"CDKN2A","15073118","Overexpression","Umea University Hospital, Sweden","The overexpression of p14ARF or CDKN2A is found to be significantly higher in CIN (75%) and in SCC (75%) than in normal or inflammation of the cervix (12.5%; P<0.01, P<0.05 respectively)."
"CDKN2A","17596760","-","Perola Byington Hospital, Sao Paulo, Brazil","This gene suppress the activity of CDK4 and CDK6 , which is an essential function in oncology."
"CDKN2A","17306351","Overexpression","Clinic of Obstetrics and Gynaecology at the Medical University of Vienna, Austria.","Overexpression of CDKN2A proved to be a reliable marker for the identification of cervical dysplasia. It is found to be 10.40 fold level increase in HR-HPV(-) squamous cervical cells."
"CDKN2A","14760078","Methylation","Department of Obsterics and Gynecology, Innsbruck University Hospital.","Aberrant methylation of CpG island within the promoter regions. "
"CDKN2A","11448914","Methylation","Samsung Cheil Hospital, Seoul, Korea","Aberrant methylation of CpG island within the promoter regions in asscoiation with the loss of protein expression in cancer cells."
"CDKN2A","11297252","Methylation","Parkland Health and Hospital System, Dallas, Texas.","p16 gene is more methylated in high-grade lesions(CIN2 and CIN3; P=0.001 and P=0.004 respectively, as well as in cervical tumors than in the nondysplasia/low-grade CIN group."
"CDKN2A","12702579","Methylation","Anatomical Pathology Department of the City of Hope National Medical Center.","Aberrant methylation of CpG island within the promoter regions has been observed in 25-50% of the tumors has been observed in the 25-50% of the tumors. "
"CDKN2A","16331610","Methylation","Gynecologic Oncology Division of Seoul National University Hospital","This gene showed an intermediate methylation (15-40%)."
"CDKN2A","16028838","-","Department of Pathology, Farhet Hached University Hospital, Sousse, Tunisia.","A statistical significant association between p16INK4a overexpression, lesion grade and high risk HPV infection (p<0.0001)."
"CDKN2A","17192788","-","Department of pathology of the Umass Memorial Medical Center","p16INK4A is overexpressed inn all cases of adenocarcinoma in situ with the sensitivity of 100%."
"CDKN2A","20400236","-","Department of Pathology, Farhet Hached University Hospital, Sousse, Tunisia.","A statistical significant association between p16INK4a overexpression, lesion grade and high risk HPV infection (p<0.0001). p16INK4A is uniformly observed in both the nucleus and the cytoplasm of all CIN2 and 3, as well as those of invasive SCC and adenocarcinoma."
"CDKN2A","20186007","Methylation","Cervical Pathology Unit of the Institute of Gynecology.","Methylation of p16INK4A gene constituted an occurrence that is early but independent of the presence of HPV DNA."
"CDKN2A","15589597","Methylation","Department of Obstertics and Gynecology, Seoul national University Hospital.","Frequency of methylation of p16 is found to be 19.5%."
"CDKN2A","18813814","Upregulation","Department of Obsterics and Gynaecology of the University Hospital of Heraklion, Crete","This gene is found to be upregulated 86%,82% and 77% in cervical cancer,HSIL and LSIL cases."
"CDKN2A","20112504","Methylation","Oncology Center of Casablanca Morocco","Hypermethylation of 5' CpG island of the p16INK4a was found to be 59.1%; 13 of 22 cervical sample."
"CDKN2A","15785933","Methylation","Department of pathology, Anam Hospital of Korea University","None of 20 non-neoplastic cervices showed p16 INK4A and MGMT gene hypermethylation, whereas at least one of these genes was hypermethylated with 50.0% (5/10) of CIN I, 65.0% (13/20) of CIN II-III, 70.2% (33/47) of SCC and 85.0% (17/20) of adenocarcinoma"
"CDKN2A","16803511","Methylation","Busan Paik Hospital, Inje University, Busan, South Korea. ","The frequencies of promoter methylation of p16, DAPK, CDH1, and TIMP-3 in cervical cancer were 57%, 44.9%, 52.6%, and 9%, respectively"
"CDKN2A","16928264","Methylation","-","Incidence of hypermethylation for DAPK, MGMT, p16 and PTEN in cervical cancer was 56.7%, 25.2%, 16.5% and 15.7% respectively"
"CDKN2A","15099958","Methylation","Queen Mary Hospital, Hong Kong.","Promotor CpG island methylation of DAPK, p16, and MGMT was detectable, respectively, in 60%, 28.2%, and 18.8% of cases of cervical tumor DNA, and in 40%, 10%, and 7.5% of cases of patients' plasma DNA"
"CDKN2A","12773202","Methylation","-","high frequency of promoter methylation in CDH1, DAPK, RARB, and HIC1 genes"
"CDKN2A","16778587","Methylation","-","Analysis of MSP showed that 20 of the 38 CIN patients (52.6%) revealed hypermethylation in at least 1 primer set of the p16INK4a promoter"
"CDKN2A","15713962","Methylation","-","hypermethylated in 74% of 19 ICC samples"
"CDKN2A","17359536","Upregulation","-","Cytoplasmic accumulation of p16inka4 is a feature of cervical carcinomas. Upregulation of expression of P16 in HPV-positive cervical carcinomas has been reported."
"CDKN2B","17971771","Methylation","VU University Medical Center in Amerstdam","CDKN2B is significantly more methylated with frequency 25% in adenocarcinoma"
"CDKN2B","15713962","Methylation","-","A clear role of methylation in carcinogenesis has been demonstrated for this gene."
"CEACAM1","17543121","Downregulation","Vancouver General Hospital Women's Clinic, Vancouver Hospital & Health Science Centre.","It is shown to have no or low expression in cervical carcinoma."
"CEACAM5","16450401","Upregulation","Chang Gung Memorial Hospital","It is found to be expressed upregulated by 2.04 fold change in adenocarcinoma as compared to squamous cell carcinoma (p=0.003)."
"CEACAM6","16450401","Upregulation","Chang Gung Memorial Hospital","It is found to be expressed upregulated by 2.95 fold change in adenocarcinoma as compared to squamous cell carcinoma (p=0.002)."
"CEACAM7","16450401","Upregulation","Chang Gung Memorial Hospital","It is found to be expressed upregulated by 2.33 fold change in adenocarcinoma as compared to squamous cell carcinoma (p<0.0001)."
"CEBPB","20099975","-","-","This gene is involved in cervical carcinogenesis."
"CELA2A","15989693","Downregulation","National Center for Dysplasias, Mexico City","This gene is found to be downregulated in cervical cancer and and have been associated with invasive features of cancers."
"CELSR1","16353136","-","Department of Obstercis and Gynaecology, Prince of Wales Hospital, The Chinese University of Hong Kong, Hong Kong.","It is found to be differently expressed by -3.35 fold in two-third of cervical cancer cases"
"CES1","15047212","Upregulation","Department of Obsterics and Gynecology, University of Korea.","It is found to be expressed upregulated by 7.7 fold change in cervical cancer."
"CHFR","17786301","Methylation","-","study reports aberrant hypermethylation of CHFR in cervical cancer."
"CHFR","17971771","Methylation","VU University Medical Center in Amerstdam","CHFR is significantly more methylated with frequency 50% in adenocarcinoma"
"CHFR","17786301","Methylation","Japan Society of Obsterics and Gynecology","Aberrant methylation of CHFR in 12.3% of adenocarcinoma specimens."
"CITED2","16353136","-","Department of Obstercis and Gynaecology, Prince of Wales Hospital, The Chinese University of Hong Kong, Hong Kong.","It is found to be differentially expressed by -3.33 fold in atleast two-third of cervical cancer cases."
"CKS2","16353136","Upregulation","Department of Obstercis and Gynaecology, Prince of Wales Hospital, The Chinese University of Hong Kong, Hong Kong.","Its expression is found to be increased 2.23 fold in cervical cancers as compared to normal tissue. The CKS2 gene is found to be expressed in different patterns through the cell cycle in the cervical cancer cell line HeLa, which reflects the specialized role for this encoded protein."
"CKS2","17054779","Upregulation","Health Enterprise Rikshopitalet-Radium Hospitalet","This gene is involved in rapid proliferation, oxidative phosphorylation, invasiveness, and tumor size"
"CLDN1","18618715","Upregulation","Department of Obstertics and Gynaecology, University Medical Center, Amsterdam.","It showed increased expression in SCCs compared with ADCAs as well as compared to normal epithelium."
"CLEC2B","16450401","Upregulation","Chang Gung Memorial Hospital","It is found to be expressed upregulated by 2.07 fold change in squamous carcinoma as compared to adenocarinoma (p=0.003)."
"CLIC3","16353136","-","Department of Obstercis and Gynaecology, Prince of Wales Hospital, The Chinese University of Hong Kong, Hong Kong.","It is found to be differently expressed by -7.69 fold in two-third of cervical cancer cases"
"CNOT1","15047212","Downregulation","Department of Obsterics and Gynecology, University of Korea.","It is found to be expressed downregulated by -2.5 fold change in cervical cancer."
"COL1A1","15047212","Upregulation","Department of Obsterics and Gynecology, University of Korea.","It is found to be expressed upregulated by 28.2 fold change in cervical cancer."
"CPE","15047212","Upregulation","Department of Obsterics and Gynecology, University of Korea.","It is found to be expressed upregulated by 2.7 fold change in cervical cancer."
"CPEB1","19161537","Downregulation","Department of Obsterics and Gynecology, University Hospital Herlev, Denmark","CPEB1 is downregulated in HPV-positive cervical cancer and in ovarian cancer also"
"CPEB3","19161537","Downregulation","Department of Obsterics and Gynecology, University Hospital Herlev, Denmark","CPEB3 is downregulated in  HPV-negative cervical cancer and in ovarian cancre also"
"CR1","10493495","-","-","CR-1 activates the ras/raf/MAPK pathway that contribute to the survival promoting effects of CR-1 in cervical carcinoma cells. Also, CR-1 induces phophorylation of AKT and GSK-3B in cervical carcinoma cells."
"CRABP2","16450401","Upregulation","Chang Gung Memorial Hospital","It is found to be expressed upregulated by 2.88 fold change in squamous carcinoma as compared to adenocarinoma (p=0.002)."
"CRCT1","16353136","-","Department of Obstercis and Gynaecology, Prince of Wales Hospital, The Chinese University of Hong Kong, Hong Kong.","Differentially expressed genes by -9.08 fold In atleast two-third of cervical cancer"
"CRISP3","16353136","-","Department of Obstercis and Gynaecology, Prince of Wales Hospital, The Chinese University of Hong Kong, Hong Kong.","It is found to be differently expressed by -38.61 fold in two-third of cervical cancer cases"
"CRNN","16353136","-","Department of Obstercis and Gynaecology, Prince of Wales Hospital, The Chinese University of Hong Kong, Hong Kong.","Differentially expressed genes by -14.92  fold In atleast two-third of cervical cancer"
"CRYAB","16353136","Downregulation","Department of Obstercis and Gynaecology, Prince of Wales Hospital, The Chinese University of Hong Kong, Hong Kong.","It is found to be differentially expressed by -2.7 fold in atleast two-third of cervical cancer cases."
"CSE1L","15047212","Downregulation","Department of Obsterics and Gynecology, University of Korea.","It is found to be expressed downregulated by -2.8 fold change in cervical cancer."
"CSE1L","18506748","Overexpression","Columbia University Medical Center (CUMC), NewYork.","This gene is overexpressed as a consequence of chromosome 20q gan and amplification in cervical cancer. And overexpressed as 2.8 fold on comparison between normal cervical squamous epithelium and tumors with chromosome 20 and 20q gain. "
"CSF-1","18565574","Upregulation","-","Expression of c-fms is significantly increased in CIN1,CIN2 and CIN3"
"CSF1R","18565574","-","-","This cytokine is produced by cells within cervical tissue. "
"CSF1R","17332318","Overexpression","Hospital de Clinicas De Porto Alegre, Rio Grande do Sul, Brazil","c-fms is significantly higher in cervical carcinoma compared to normal samples and therefore has been suggested as a potent therapeutic target. Autocrine CSF-1 signalling may play a critical role in the survival and motility of cervical cancer cells."
"CSF1R","17242701","Upregulation","Gynecological Cancer Centre of St bartholomew's Hospital and the Department of Obsterics and Gynecology of the Clinical Centre of Serbia.","CSFR1 is upregulated in LN micrometastasis in cervical cancer."
"CTGF","16353136","Upregulation","Department of Obstercis and Gynaecology, Prince of Wales Hospital, The Chinese University of Hong Kong, Hong Kong.","CTGF is upregulated in late stage cancer, and contribute to a better understanding of progression of cervical tumors and facilitate prediction of their metastatic potential. "
"CTNNB1","16049915","Upregulation","Department of Obstertics and Gynecology, Samsung Medical Hospital, Seoul, Korea","This gene exhibited the increased expression in cervical cancer tissue."
"CTSC","15989693","Downregulation","National Center for Dysplasias, Mexico City","This gene is found to be downregulated in cervical cancer and and have been associated with invasive features of cancers."
"CTSF","15989693","Overexpression","National Center for Dysplasias, Mexico City","This gene is found to be overexpressed in cervical cancer and and have been associated with invasive features of cancers."
"CTSH","15989693","Downregulation","National Center for Dysplasias, Mexico City","This gene is found to be downregulated in cervical cancer and and have been associated with invasive features of cancers."
"CTSL1","15989693","Downregulation","National Center for Dysplasias, Mexico City","This gene is found to be downregulated in cervical cancer and and have been associated with invasive features of cancers."
"CTSS","15989693","Downregulation","National Center for Dysplasias, Mexico City","This gene is found to be downregulated in cervical cancer and and have been associated with invasive features of cancers."
"CUEDC1","18191186","-","Academic Medical Center, Amsterdam","This gene showed differential expression between tumor samples from patients with and without lymph node metastasis. Mean accuracy class prediction is 64.5% with a 95% confidence interval (CI) of 40-90%."
"CWH43","16353136","-","Department of Obstercis and Gynaecology, Prince of Wales Hospital, The Chinese University of Hong Kong, Hong Kong.","It is found to be differentially expressed by -5.28 fold in atleast two-third of cervical cancer cases."
"CXCR2","16353136","Downregulation","Department of Obstercis and Gynaecology, Prince of Wales Hospital, The Chinese University of Hong Kong, Hong Kong.","It is found to be differentially expressed by -3.05 fold in atleast two-third of cervical cancer cases."
"CYBA","19012493","Polymorphism","Guanacaste cohort, Costa Rica","A SNP in the CYBA 3'UTR (rs7195830) gene has been asscoiated with increased risk of CIN3."
"CYR61","18217980","Downregulation","Department of Obstertics and Gynecology, Kora University Anam Hospital, Seoul, Soth Korea","This gene is found to be twofold or more downregulated in the invasive cervical cancer compared with the CIS. "
"DAP3","15047212","Downregulation","Department of Obsterics and Gynecology, University of Korea.","It is found to be expressed downregulated by -2.0 fold change in cervical cancer."
"DAPK1","17971771","Methylation","VU University Medical Center in Amerstdam","DAPK1 is significantly methylated with frequency 56.3% in squamous cell carcinomas."
"DAPK1","17548682","Methylation","University of Dakar, Senegal","DAPK1 is hypermethylated and thus it can be a potential and a sensitive molecular marker in urine sample from cervical cancer patients. DAPK1 is more methylated in 49% of ICC and 28% of CIN2-3/CIS."
"DAPK1","15713962","Methylation","Community Health Clinic in Dakar, Senegal.","The frequency of hypermethylation of DAPK1 increased statistically significantly with increasing severity of neoplasia present in the cervical biopsy (P<0.001)"
"DAPK1","12773202","Methylation","Instituto Nacional de Cancerologia, Colombia and Department of Obstetrics and Gynecology of Friedrich Schiller University, Jena, Germany","The frequency of methylation of DAPK1 gene promoter is 43.3%."
"DAPK1","20208141","Methylation","Pathology Archives of the University Medical Center Groningen (UMCG).","Methylation of DAPK1 increases during cervical carcinogenesis and thus is reported as one of the best markers to distinguish normal/LSIL from HSIL/cancer lesions."
"DAPK1","16331610","Methylation","Gynecologic Oncology Division of Seoul National University Hospital","Methylation of DAPK gene is more frequently in AC than SCC (77.4%,P=0.005)"
"DAPK1","19513524","Methylation","Colposcopy Unit of University Hospital of Larissa; Greece.","DAPK promoter methylation has been found in 66.7% of premalignant and 57.4% of cancer cases."
"DAPK1","14760078","Methylation","Department of Obsterics and Gynecology, Innsbruck University Hospital.","Aberrant methylation of CpG island within the promoter regions. "
"DAPK1","11448914","Methylation","Samsung Cheil Hospital, Seoul, Korea","DAPK is significantly more methylated with frequency 61% in squamous cell carcinoma"
"DAPK1","12702579","Methylation","Anatomical Pathology Department of the City of Hope National Medical Center.","Aberrant methylation of CpG island within the promoter regions has been observed in the 25-50% of the tumors. "
"DAPK1","16736496","Methylation","Clinic of the University Medical Center Groningen.","DAPK promoter methylation was significantly more methylated in cancers than control"
"DAPK1","19836067","Methylation","Chonnam National University Hwasun Hospital","The trend of methylation of this gene is increasing with increasing severity of cervical squamous lesions (p<0.001)."
"DAPK1","15589597","Methylation","Department of Obstertics and Gynecology, Seoul national University Hospital.","Frequency of methylation of this gene is found to be 73.2%."
"DAPK1","18181097","Methylation","Johns Hopkins Hospital.","Methylation of this gene was detected in 10 (25.6%) of 39 HSIL Pap tests compared with 2(3.3%) of 60 combined NILM/LSIL Pap tests."
"DAPK1","16803511","Methylation","Busan Paik Hospital, Inje University, Busan, South Korea. ","The frequencies of promoter methylation of p16, DAPK, CDH1, and TIMP-3 in cervical cancer were 57%, 44.9%, 52.6%, and 9%, respectively"
"DAPK1","16928264","Methylation","-","Incidence of hypermethylation for DAPK, MGMT, p16 and PTEN in cervical cancer was 56.7%, 25.2%, 16.5% and 15.7% respectivel"
"DAPK1","15099958","Methylation","Queen Mary Hospital, Hong Kong.","Promotor CpG island methylation of DAPK, p16, and MGMT was detectable, respectively, in 60%, 28.2%, and 18.8% of cases of cervical tumor DNA, and in 40%, 10%, and 7.5% of cases of patients' plasma DNA"
"DAPK1","14767518","Methylation","-","reduced DAPK expression and methylation of the DAPK promoter may be involved in carcinogenesis of human uterine and ovarian tissues."
"DAPK1","19755648","Methylation","Coloscopy Clinic, Jessop Wing or the Oncology Department of the Royal hallamshire Hospital, Sheffield.","Tumor suppressor gene DAPK  exhibited a significantly increased frequency of promoter methylation with progressively more severe cervical neoplasia (P < 0.05). HIC1 gene is reported to be a potential biomarker of cervical neoplasia"
"DDIT3","16597647","-","-","DDIT3 or GADD153 mediates celecoxib induced apoptosis in cervical cancer cells."
"DDOST","17054780","Downregulation","Health Enterprise Rikshopitalet-Radium Hospitalet","This gene is differently downregulated by 0.72 in node positive tumors than node negative cervical tumors."
"DDX27","18506748","Overexpression","Columbia University Medical Center (CUMC), NewYork.","This gene is overexpressed as a consequence of chromosome 20q gain and amplification in cervical cancer. And overexpressed as 2.6 fold on comparison between normal cervical squamous epithelium and tumors with chromosome 20 and 20q gain. "
"DEK","18618715","Upregulation","Department of Obstertics and Gynaecology, University Medical Center, Amsterdam.","It is upregulated in cancer and shown to be associated with HPV infection."
"DHFR","18813814","Upregulation","Department of Obsterics and Gynaecology of the University Hospital of Heraklion, Crete","This gene is found to be upregulated 75%,70% and 62% in tumors,HSIL and LSIL cases."
"DLC1","16862168","Methylation","-","This promoter was frequently methylated in all downregulated cell lines and in a large collection of primary tumors including 89% (64/72) NPC (endemic and sporadic types), 51% (48/94) esophageal, 87% (7/8) cervical and 36% (5/14) breast carcinomas, but seldom in paired surgical marginal tissues and not in any normal epithelial tissue"
"DMC1","20084279","Polymorphism","Guanacaste cohort, Costa Rica","The most significant SNP of this gene (rs5757133) is associated with CIN3/cancer (p<0.001).And this gene is associated with HPV persistence."
"DMC1","11281419","Downregulation","-","Loss of expression of DMC1 in 7 of 10 cervical cancer lines has been reported."
"DNAJC9","20099975","-","-","This gene is involved in cervical carcinogenesis."
"DNAJC9","17054779","Upregulation","Health Enterprise Rikshopitalet-Radium Hospitalet","This gene is differently upregulated by 1.35 in node positive tumors than node negative cervical tumors."
"DNMT1","17971771","Methylation","-","DNMT1 is involved in de novo methylation"
"DNMT1","17196739","Overexpression","National Cancer Center Hospital, Tokyo.","Progressively increasing overexpression of DNMT1 is associated with an early step of multistage cervical carcinogenesis."
"DNMT1","12751384","Methylation","Department of Obsterics and Gynecology, University of HongKong","High level of DNA methyltransferase is the main cause of hypermethylation in the CpG island and contributes to the loss of E-cadherin gene expression and tumor progression."
"DNMT3L","17965599","Methylation","MNJ Cancer Research Hospital","There is a strong correlation of DNA methylation changes at the promoter of DNMT3L with cancer cervix."
"DSG1","16353136","-","Department of Obstercis and Gynaecology, Prince of Wales Hospital, The Chinese University of Hong Kong, Hong Kong.","It is found to be differently expressed by -6.24 fold in two-third of cervical cancer cases"
"DSG1","17306351","Downregulation","Clinic of Obstetrics and Gynaecology at the Medical University of Vienna, Austria.","This protoncogene showed a downexpression of 0.63 in malignant HR-HPV(-)cervical squamous cells "
"DSG2","18217980","Upregulation","Department of Obstertics and Gynecology, Kora University Anam Hospital, Seoul, Soth Korea","This gene is found to be twofold or more upregulated in the invasive cervical cancer compared with the CIS. "
"DTL","16353136","-","Department of Obstercis and Gynaecology, Prince of Wales Hospital, The Chinese University of Hong Kong, Hong Kong.","It is found to be differentially expressed by 3.1 fold in atleast two-third of cervical cancer cases."
"DUSP1","18217980","Downregulation","Department of Obstertics and Gynecology, Kora University Anam Hospital, Seoul, Soth Korea","This gene is found to be twofold or more downregulated in the invasive cervical cancer compared with the CIS. "
"DUSP26","18217980","Upregulation","Department of Obstertics and Gynecology, Kora University Anam Hospital, Seoul, Soth Korea","This gene is found to be twofold or more upregulated in the invasive cervical cancer compared with the CIS. "
"DUT","20084279","Polymorphism","Guanacaste cohort, Costa Rica","The most significant SNP of this gene (rs3784621) is associated with CIN3/cancer (p<0.001).And this gene is associated with HPV persistence."
"E2F1","17306351","Overexpression","Clinic of Obstetrics and Gynaecology at the Medical University of Vienna, Austria.","It's overexpressed in cervical squamous cell carcinoma. Its expression in HPV (-) is  increased by 6.48 fold as compared to HPV(+) samples."
"E2F1","18813814","Upregulation","Department of Obsterics and Gynaecology of the University Hospital of Heraklion, Crete","This gene is found to be upregulated 84% and 71% in cervical carcinoma and HSIL cases."
"E2F1","18191186","Upregulation","Academic Medical Center, Amsterdam","This gene is reported to be upregulated in cervical cancer. E2F1 mediates both cell proliferation and p53-dependent/independent apoptosis."
"E2F1","18506748","Overexpression","Columbia University Medical Center (CUMC), NewYork.","This gene is overexpressed as a consequence of chromosome 20q gan and amplification in cervical cancer. And overexpressed as 4.7 fold on comparison between normal cervical squamous epithelium and tumors with chromosome 20 and 20q gain. "
"E2F2","18813814","Upregulation","Department of Obsterics and Gynaecology of the University Hospital of Heraklion, Crete","This gene is found to be upregulated in cervical cancer in 80% of cases."
"E2F3","18813814","Upregulation","Department of Obsterics and Gynaecology of the University Hospital of Heraklion, Crete","This gene is found to be upregulated 81% and 74% in cervical carcinoma and HSIL cases."
"E2F4","18813814","Upregulation","Department of Obsterics and Gynaecology of the University Hospital of Heraklion, Crete","This gene is found to be upregulated 89%,81% and 76% in tumors,HSIL and LSIL cases."
"E2F5","18813814","Upregulation","Department of Obsterics and Gynaecology of the University Hospital of Heraklion, Crete","This gene is found to be upregulated 86% and 81% in cervical carcinoma and HSIL cases."
"ECT2","16353136","Upregulation","Department of Obstercis and Gynaecology, Prince of Wales Hospital, The Chinese University of Hong Kong, Hong Kong.","It is found to be differentially expressed by 3.71 fold in atleast two-third of cervical cancer cases."
"EDN1","17445867","Overexpression","Samsung Medical School, Seoul, Korea","Level of ET1 protein is found to be high in cervical cancer cells i.e. 62.5%"
"EDN2","15771902","Overexpression","-","EDN2 protoncogene showed a 5.62 fold higher increase  in malignant cervical squamous cells "
"EDN2","17306351","Overexpression","Clinic of Obstetrics and Gynaecology at the Medical University of Vienna, Austria.","It's overexpressed in cervical squamous cell carcinoma. Its expression in HPV (-) is  increased by 5.62 fold as compared to HPV(+) samples."
"EDN2","17445867","Overexpression","Samsung Medical School, Seoul, Korea","Level of ET2 protein is found to be high in cervical cancer cells i.e. 93.3%"
"EDN3","16353136","-","Department of Obstercis and Gynaecology, Prince of Wales Hospital, The Chinese University of Hong Kong, Hong Kong.","It is found to be differentially expressed by -2.19 fold in atleast two-third of cervical cancer cases."
"EDN3","17445867","Downregulation","Samsung Medical School, Seoul, Korea","ET-3 is expressed at low levels in low-grade dysplastic cells and very weak or no expression in high-grade dysplastic cells. And reduction of ET3 growth factor level is important in the transition from normal to cancerous cervical epithelium"
"EDNRA","17445867","Overexpression","Samsung Medical School, Seoul, Korea","Increased expression of ETR-A plays an important role in cervical cancer progression. ETR-A levels are found to be high in HPV 16 immortalized keratinocytes."
"EFNA1","16353136","-","Department of Obstercis and Gynaecology, Prince of Wales Hospital, The Chinese University of Hong Kong, Hong Kong.","It is reported to be involved in  either cervical tumorigenesis or its progression."
"EFNA1","15297167","Overexpression","Department of Gynecologic Oncology, Norwegian Radium Hospital.","EphA2 and EphrinA-1 proteins are highly expressed in overlapping patterns in cervical carcinomas. Positive protein expression for EphA2 and EphrinA-1 is found in 88% and 92% of squamous cell cervical carcinomas respectively."
"EGFR","17242701","Upregulation","Gynecological Cancer Centre of St bartholomew's Hospital and the Department of Obsterics and Gynecology of the Clinical Centre of Serbia.","EGFR1 is upregulated in LN micrometastasis in cervical cancer. And there is a close relationship between HPV E6/E7 ocnoproteins and EGFR function."
"EGFR","15771902","Overexpression","-","EGFR protoncogene showed a 13.27 fold higher increase  in malignant cervical squamous cells "
"EGFR","17306351","Overexpression","Clinic of Obstetrics and Gynaecology at the Medical University of Vienna, Austria.","It's overexpressed in cervical squamous cell carcinoma. Its expression in HPV (-) is  increased by 13.27 fold as compared to HPV(+) samples."
"EGFR","12829126","Overexpression","-","Increased expression of EGFR has identified patients with a worse prognosis in cancer of the cervix."
"EGFR","11076094","Overexpression","-","The levels of EGFR in women with CIN and cervical cancer is significantly highr (P<0.05 for CIN1; P<0.001 for patients with CINII and III or cervical cancer ) than in controls."
"EMP1","16353136","-","Department of Obstercis and Gynaecology, Prince of Wales Hospital, The Chinese University of Hong Kong, Hong Kong.","It is found to be differentially expressed by -3.19 fold in atleast two-third of cervical cancer cases."
"ENDOU","16353136","-","Department of Obstercis and Gynaecology, Prince of Wales Hospital, The Chinese University of Hong Kong, Hong Kong.","Differentially expressed genes by -6.45 fold In atleast two-third of cervical cancer"
"ENG","19352388","-","-","The presence of CD105-positive vessels is associated with the expression TGFB(P=0.013). Clinically, CD105 -vessels associated with the numbe of lymph node metastasis (p<0.001)."
"EPB41L3","16353136","-","Department of Obstercis and Gynaecology, Prince of Wales Hospital, The Chinese University of Hong Kong, Hong Kong.","It is found to be differentially expressed by -3.73 fold in atleast two-third of cervical cancer cases."
"EPB41L4B","17054780","Downregulation","Health Enterprise Rikshopitalet-Radium Hospitalet","This gene is differently downregulated by 0.71 in node positive tumors than node negative cervical tumors."
"EPCAM","16450401","Upregulation","Chang Gung Memorial Hospital","It is found to be expressed upregulated by 2.33 fold change in adenocarcinoma as compared to squamous cell carcinoma (p<0.0001)."
"EPS8","16450401","Upregulation","Chang Gung Memorial Hospital","It is found to be expressed upregulated by 2.06 fold change in adenocarcinoma as compared to squamous cell carcinoma (p=0.001)."
"ERBB2","17306351","Overexpression","Clinic of Obstetrics and Gynaecology at the Medical University of Vienna, Austria.","It's overexpressed in cervical squamous cell carcinoma. It's expression in HPV(-) is increased by 11.10 as compared to HPV(+)."
"ERBB2","19424877","Overexpression","-","ErbB2 is overexpressed in cervical cancer, also its overexpression led to an increased expression of COX2 which promote enhance cell growth and resistance to apoptosis."
"ERBB2","7905784","Amplification","Lok Nayak Jayaprakashan Naryan Hospital, Delhi, India.","ErbB2 has been shown to be amplified with high frequency for (5-68 copies) in advanced stage of cervical cancer."
"ERBB2","10534770","Overexpression","Department of Pathology, Leiden University Medical Centre","HPV-E5 enhanced activation of ErbB2, and tumors with high expression almost all showed amplifictaion of ErbB2 and are associated with poor prognosis. "
"ERBB2","7736397","Overexpression","-","erbb2 expression is detected in 49% in adenocarcinoma and 38% in squamous cell carcionam."
"ERBB4","17306351","Overexpression","Clinic of Obstetrics and Gynaecology at the Medical University of Vienna, Austria.","ErbB4 is expressed to a greater extent in squamous cell carcinoma as well as benign HR-HPV(+) cells (8.75 fold higher)."
"ERBB4","15771902","Overexpression","-","ErbB4 protoncogene showed a 8.7  fold higher increase  in malignant cervical squamous cells "
"EREG","16353136","-","Department of Obstercis and Gynaecology, Prince of Wales Hospital, The Chinese University of Hong Kong, Hong Kong.","It is found to be differentially expressed by -4.49 fold in atleast two-third of cervical cancer cases."
"ESR1","17971771","Methylation","VU University Medical Center in Amerstdam","ESR1 is significantly more methylated with frequency 37.5% in SCC."
"ESR1","20581058","Downregulation","Institutional Review Board of the University of Michigan Medical School","Loss of ESR1 enhances squamous epithelial cell invasion through the basement membrane and into underlying cervical stroma."
"ESR1","16736496","Methylation","Clinic of the University Medical Center Groningen.","ESR1 promoter methylation was significantly more methylated in cancers than control"
"ESR2","16353136","-","Department of Obstercis and Gynaecology, Prince of Wales Hospital, The Chinese University of Hong Kong, Hong Kong.","It is found to be differentially expressed by -2.71 fold in atleast two-third of cervical cancer cases."
"EXO1","19012493","Polymorphism","Guanacaste cohort, Costa Rica","A SNP (T439M) in the EXO1 gene has been asscoiated with increased risk of CIN3."
"EZH2","19047178","Overexpression","-","HPV-positive dysplastic and tumorigenic cervical lesions are characterized by high levels of EZH2 protein in vivo."
"FANCA","19012493","Polymorphism","Guanacaste cohort, Costa Rica","A SNP (G501S) in the FANCA gene has been asscoiated with increased risk of CIN3 (P<0.05) but not with HPV persistence."
"FANCF","15126331","Methylation","Instituto Nacional de Cancerologia, Colombia and Department of Obstetrics and Gynecology of Friedrich Schiller University, Jena, Germany","FANCF gene is disrupted by either promoter hypermethylation and/or deregulated gene expression in a mojority of cervical cancer."
"FASTKD3","18559093","Upregulation","Columbia University Medical Center (CUMC), NewYork.","This gene is upregulated 2.4 fold and overexpressed as a consequence of chromosome 5p gain in cervical cancer."
"FGF1","17242701","Upregulation","Gynecological Cancer Centre of St bartholomew's Hospital and the Department of Obsterics and Gynecology of the Clinical Centre of Serbia.","It is commonly upregulated in LN micrometastases in cervical cancer. FGF1 is a growth factor for both tumour and stromal (endothelial) cells and induces the expression of matrix metalloproteinases (MMPs) and angiogenesis in cancer."
"FGF2","15797633","-","Department of Obstertics and Gynecology of University Hospital of Heraklion, Crete","FGF2 transcript level is significantly different in the normal, CIN and cancer specimen (p=0.029). "
"FGF7","17306351","Overexpression","Clinic of Obstetrics and Gynaecology at the Medical University of Vienna, Austria.","It's overexpressed in cervical squamous cell carcinoma. Its expression in HPV (-) is  increased by 8.92 fold as compared to HPV(+) samples."
"FGF7","15771902","Overexpression","-","FGF7 protoncogene showed a 8.92 fold higher increase  in malignant cervical squamous cells "
"FGFR2","17306351","Overexpression","Clinic of Obstetrics and Gynaecology at the Medical University of Vienna, Austria.","It's overexpressed in cervical squamous cell carcinoma. Its expression in HPV (-) is  increased by 12.83 fold as compared to HPV(+) samples."
"FGFR2","15771902","Overexpression","-","FGFR2 protoncogene showed a 12.83 fold higher increase  in malignant cervical squamous cells "
"FGFR2","15771902","Overexpression","-","Nonmetastatic cells B (NME2) showed a 12.3 fold higher expression in malignant exfoliated cells."
"FHIT","19730990","-","-","Point mutation of FHIT gene play a pivotal role in cervical carcinoma "
"FHIT","19471558","Methylation","Kyung Hee University Hospital, Seoul.","FHIT inactivation in cervical cancer is found to be strongly correlated with 5'-CpG island hypermethylation. FHIT gene is down-regulated in 15 of 58 (25.9%) cervical carcinomas."
"FHIT","18608185","Methylation","Department of Gynecology, JawaharLal Nehru Medical College and Hospital, Aligarh","Aberrant methylation of FHIT gene is found in 28.3% cases of cervix cancer."
"FHIT","17596760","-","Perola Byington Hospital, Sao Paulo, Brazil","The FHIT gene loss of heterozygosity is found to be significantly associated with onocgenic HPV infection, and FHIT deletion is most commonly present in 47% of the invasive carcinoma of the cervix."
"FHIT","17137614","Methylation","Department of Pathology, Seoul National University Hospitla.","FHIT expression is significantly associated with nodal status (P=0.002), histologic grade (P=0.000). Abnormal FHIT expression in invasive cervical adenocarcinoma, associate with tumor aggressiveness"
"FHIT","17009983","Methylation","Central Hospital of Gynecology and Obsterics, Tianjin, China","Higher rate of CpG island methylation within FHIT gene is associated with higher clinical stage and histologic grade of cervix cancer. Methylation of FHIT gene is detected inn 30.46% of plasam samples of cervical patients. Thus methylation of FHITgene in plasma samples will become a sensitive marker for the detection of cervical cancers. And methylation of this gene influences the genesis and progression of cervical cancer."
"FHIT","11297252","Methylation","Parkland Health and Hospital System, Dallas, Texas.","The methylation of FHIT is absent in preinvasive lesion but is frequent in invasive tumors (32%, P=0.002)."
"FHIT","17467893","Methylation","Samsung Medical School, Seoul, Korea","The high frequency of promoter hypermethylation in cervical carcinoma suggests that they play a role in the development of cervical squamous cell carcinoma. The frequency of hypermethylation for FHIT in cervical carcinoma have been reported to be 11-88%."
"FHIT","12702579","Methylation","Anatomical Pathology Department of the City of Hope National Medical Center.","Aberrant methylation of CpG island within the promoter regions has been observed in the 25-50% of the tumors.  "
"FHIT","17306351","Overexpression","Clinic of Obstetrics and Gynaecology at the Medical University of Vienna, Austria.","FHIT protoncogene showed a 1.80 fold higher in malignant HR-HPV(-)cervical squamous cells "
"FHIT","19730990","Mutation","Jawahar Lal Nehru Medical College and Hospital, Aligarh.","A novel mutation identified at nucleotide position 655, at codon 98 from CAT to CGT with ultimate replacement of amino acid His by Arg in cervical cancer cases."
"FHIT","15589597","Methylation","Department of Obstertics and Gynecology, Seoul national University Hospital.","Frequency of methylation of FHIT is found to be 79.3%."
"FHIT","11301476","-","-","Inactivation of FHIT on chromosome 3p is involved in cervical carcinogenesis."
"FHIT","12773202","Methylation","-","A high frequency of promoter methylation in CDH1, DAPK, RARB, and HIC1 genes"
"FHIT","14660280","Methylation","-","5'-CpG island methylation of the FHIT gene was detected in 40% (16/40) of the cervical cancer samples and in none of normal cervical epithelial specimens"
"FLNA","16450401","Upregulation","Chang Gung Memorial Hospital","It is found to be expressed upregulated by 1.51 fold change in adenocarcinoma as compared to squamous cell carcinoma (p=0.002)."
"FLT1","17306351","Overexpression","Clinic of Obstetrics and Gynaecology at the Medical University of Vienna, Austria.","It's overexpressed in cervical squamous cell carcinoma. Its expression in HPV (-) is  increased by 9.23 fold as compared to HPV(+) samples."
"FOXL2","16353136","-","Department of Obstercis and Gynaecology, Prince of Wales Hospital, The Chinese University of Hong Kong, Hong Kong.","It is found to be differentially expressed by -3.06 fold in atleast two-third of cervical cancer cases."
"FUS","15047212","Downregulation","Department of Obsterics and Gynecology, University of Korea.","It is found to be expressed downregulated by -2.5 fold change in cervical cancer."
"GAPDH","19161537","Upregulation","Department of Obsterics and Gynecology, University Hospital Herlev, Denmark","GAPDH messengers are upregulated 2.6-fold in cervical cancer tissue (p=0.013)"
"GARS","15047212","Downregulation","Department of Obsterics and Gynecology, University of Korea.","It is found to be expressed downregulated by -2.2 fold change in cervical cancer."
"GARS","16049915","Downregulation","Department of Obstertics and Gynecology, Samsung Medical Hospital, Seoul, Korea","This gene (GARS or SMAD1) exhibited the decreased expression in cervical cancer tissue."
"GATA3","17971771","Downregulation","-","Down regulation of GATA-3 during  human papillomavirus-mediated immortalization and cervical carcinogenesis"
"GATA3","18217980","Downregulation","Department of Obstertics and Gynecology, Kora University Anam Hospital, Seoul, Soth Korea","This gene is found to be twofold or more downregulated in the invasive cervical cancer compared with the CIS. "
"GDF15","18398830","Overexpression","-","Molecular alteration of this gene leads to cancer progression"
"GFOD2","16353136","-","Department of Obstercis and Gynaecology, Prince of Wales Hospital, The Chinese University of Hong Kong, Hong Kong.","It is found to be differentially expressed by -2.5 fold in atleast two-third of cervical cancer cases."
"GJA1","17543121","Downregulation","Vancouver General Hospital Women's Clinic, Vancouver Hospital & Health Science Centre.","It exhibited decreased expression in CIN III(z<-1.96)"
"GLI1","7905784","Amplification","Lok Nayak Jayaprakashan Naryan Hospital, Delhi, India.","GLI has been shown to be amplified with 5 number of copies in cervical cancer."
"GLTP","16353136","-","Department of Obstercis and Gynaecology, Prince of Wales Hospital, The Chinese University of Hong Kong, Hong Kong.","It is found to be differentially expressed by -2.59 fold in atleast two-third of cervical cancer cases."
"GPX3","16353136","-","Department of Obstercis and Gynaecology, Prince of Wales Hospital, The Chinese University of Hong Kong, Hong Kong.","It is found to be differentially expressed by -4.16 fold in atleast two-third of cervical cancer cases."
"GRB2","15771902","Overexpression","-","GRB2 protoncogene showed a 7.31fold higher increase  in malignant cervical squamous cells "
"GRB2","17306351","Overexpression","Clinic of Obstetrics and Gynaecology at the Medical University of Vienna, Austria.","It's overexpressed in cervical squamous cell carcinoma. Its expression in HPV (-) is  increased by 7.31 fold as compared to HPV(+) samples."
"GRM4","16353136","-","Department of Obstercis and Gynaecology, Prince of Wales Hospital, The Chinese University of Hong Kong, Hong Kong.","It is found to be differentially expressed by -2.67 fold in atleast two-third of cervical cancer cases."
"GSS","18506748","Overexpression","Columbia University Medical Center (CUMC), NewYork.","This gene is overexpressed as a consequence of chromosome 20q gain and amplification in cervical cancer. And overexpressed as 2.3 fold on comparison between normal cervical squamous epithelium and tumors with chromosome 20 and 20q gain. "
"GSTP1","20069434","Methylation","Parkland Health and Hospital System, Dallas, Texas.","GSTP1 gene polymorphisms  is reported to be related to a 5.7-fold increased risk of developing cervical cancer lesions with a considerable statistical significance (P = 0.0091)"
"GSTP1","11297252","Methylation","-","Methylation of GSTP1 is found in 21% of carcinoma and in 18% of high grade CIN."
"GSTP1","20069434","-","Pathology Department of Regina Elena Cancer Institute.","The combination of GSTM1 null, GSTT1 null and GSTP1 AA genotypes independently on smoking habit, seems to be related to a 5.7 fold increased risk of developing CLs with a considerable statistical significance (p=0.0091)."
"GTF2F2","15047212","Downregulation","Department of Obsterics and Gynecology, University of Korea.","It is found to be expressed downregulated by -2.8 fold change in cervical cancer."
"GTF2H4","20084279","Polymorphism","Guanacaste cohort, Costa Rica","The most significant SNP of this gene (rs2894054) is associated with CIN3/cancer (p<0.001).And this gene is associated with HPV persistence."
"GYS2","16353136","-","Department of Obstercis and Gynaecology, Prince of Wales Hospital, The Chinese University of Hong Kong, Hong Kong.","It is found to be differently expressed by -5.8 fold in two-third of cervical cancer cases"
"HBA2","16353136","-","Department of Obstercis and Gynaecology, Prince of Wales Hospital, The Chinese University of Hong Kong, Hong Kong.","It is found to be differential expressed in non-HPV-16 infected case"
"HDLBP","15047212","Downregulation","Department of Obsterics and Gynecology, University of Korea.","It is found to be expressed downregulated by -2.8 fold change in cervical cancer."
"HIC1","12773202","Methylation","Instituto Nacional de Cancerologia, Colombia and Department of Obstetrics and Gynecology of Friedrich Schiller University, Jena, Germany","The frequency of methylation of HIC1 gene promoter is 22.2%."
"HIC1","19755648","Methylation","Coloscopy Clinic, Jessop Wing or the Oncology Department of the Royal hallamshire Hospital, Sheffield.","Tumor suppressor gene HIC1 exhibited a significantly increased frequency of promoter methylation with progressively more severe cervical neoplasia (P < 0.05). HIC1 gene is reported to be a potential biomarker of cervical neoplasia"
"HIC1","11448914","Methylation","Samsung Cheil Hospital, Seoul, Korea","Hypermethylation of HIC-1 promoter in adenocarcinoma is at a statistically higher significant frequency than in squamous cell carcinoma."
"HIC1","12702579","Methylation","Anatomical Pathology Department of the City of Hope National Medical Center.","Aberrant methylation of CpG island within the promoter regions has been observed in the 25-50% of the tumors.  "
"HIC1","19836067","Methylation","Chonnam National University Hwasun Hospital","The trend of methylation of this gene is increasing with increasing severity of cervical squamous lesions (p<0.001)."
"HIN-1","15472908","Methylation","-","Aberrant methylation of HIN-1 with loss of expression can cause cervical cancer"
"HIN-1","19836067","Methylation","Chonnam National University Hwasun Hospital","The trend of methylation of HIN-1 is increasing with increasing severity of cervical squamous lesions (p<0.001)."
"HIST1H1C","18217980","Upregulation","Department of Obstertics and Gynecology, Kora University Anam Hospital, Seoul, Soth Korea","This gene is found to be twofold or more upregulated in the invasive cervical cancer compared with the CIS. "
"HIST2H2BE","16450401","Upregulation","Chang Gung Memorial Hospital","It is found to be expressed upregulated by 2.04 fold change in adenocarcinoma as compared to squamous cell carcinoma (p<0.001)."
"HLA-C","15047212","Upregulation","Department of Obsterics and Gynecology, University of Korea.","It is found to be expressed upregulated by 6.2 fold change in cervical cancer."
"HLA-DQB1","15047212","Upregulation","Department of Obsterics and Gynecology, University of Korea.","It is found to be expressed upregulated by 2.4 fold change in cervical cancer."
"HLA-DRA","15047212","Upregulation","Department of Obsterics and Gynecology, University of Korea.","It is found to be expressed upregulated by 19.8 fold change in cervical cancer."
"HLA-DRB3","15047212","Upregulation","Department of Obsterics and Gynecology, University of Korea.","It is found to be expressed upregulated by 23.5 fold change in cervical cancer."
"HLA-DRB5","15047212","Upregulation","Department of Obsterics and Gynecology, University of Korea.","It is found to be expressed upregulated by 11.0 fold change in cervical cancer."
"HLTF","16331610","Methylation","Gynecologic Oncology Division of Seoul National University Hospital","Methylation of this gene is more frequently in AC(3.2%,P<0.001)"
"HMGB1","19839069","Overexpression","Department of Pathology at Shandong Cancer Hospital","HMGB1 protein is overexpressed in 71.2% in CSCC tissues and only in 41.7% of non-recurrent cervical cancer tissues."
"HOPX","16353136","-","Department of Obstercis and Gynaecology, Prince of Wales Hospital, The Chinese University of Hong Kong, Hong Kong.","It is found to be differently expressed by -9.27 fold in two-third of cervical cancer cases"
"HOXA1","16049915","Upregulation","Department of Obstertics and Gynecology, Samsung Medical Hospital, Seoul, Korea","This gene exhibited the increased expression in cervical cancer tissue."
"HOXB6","16450401","Upregulation","Chang Gung Memorial Hospital","It is found to be expressed upregulated by 2.26 fold change in adenocarcinoma as compared to squamous cell carcinoma (p<0.0001)."
"HOXC10","17974957","Overexpression","University of Michigen and Johns Hopkins Hospital","HOXC10 appears to be functionaaly associated with HSIL to invasive carcinoma. HOXC10 is involved in the cancer cell progression."
"HPGD","16353136","-","Department of Obstercis and Gynaecology, Prince of Wales Hospital, The Chinese University of Hong Kong, Hong Kong.","It is found to be differentially expressed by -5.03 fold in atleast two-third of cervical cancer cases."
"HRAS","15950068","Overexpression","-","HRAS oncogene play an important role in the development of cervical cancer, and in the presence of HPV, this overexpression accelerates the G1 phase and accelerate the G1/S transition of infected cell."
"HRAS","10880723","-","Hospital de Ginecologia y Obstetricia of the Instituto Meicano del Seguro Social, Mexico City.","There is a complex interaction between the proteolytic phenotype and the expression of nm23-H1 genes in carcinoma of the cervix that influences the clinical behaviour of the tumour."
"HRAS","7905784","Amplification","Lok Nayak Jayaprakashan Naryan Hospital, Delhi, India.","HRAS has been shown to be amplified with 5 number of copies in cervical cancer."
"HS3ST2","17894941","Methylation","Washington University School of Medicine","Hypermethylation results have been noted for HS3ST2. Thus it can be used as a potential markers for cervical neoplasia."
"HSP90AA1","15047212","Downregulation","Department of Obsterics and Gynecology, University of Korea.","It is found to be expressed downregulated by -2.6 fold change in cervical cancer."
"HSPB2","17306351","Overexpression","Clinic of Obstetrics and Gynaecology at the Medical University of Vienna, Austria.","This protoncogene showed a 3.00 fold higher in malignant HR-HPV(-)cervical squamous cells "
"HSPB8","16353136","-","Department of Obstercis and Gynaecology, Prince of Wales Hospital, The Chinese University of Hong Kong, Hong Kong.","It is found to be differentially expressed by -2.61 fold in atleast two-third of cervical cancer cases."
"HSPD1","17306351","Overexpression","Clinic of Obstetrics and Gynaecology at the Medical University of Vienna, Austria.","This protoncogene showed a 2.25 fold higher in malignant HR-HPV(-)cervical squamous cells "
"HUWE1","15047212","Downregulation","Department of Obsterics and Gynecology, University of Korea.","It is found to be expressed downregulated by -2.4 fold change in cervical cancer."
"HYAL1","17054780","Downregulation","Health Enterprise Rikshopitalet-Radium Hospitalet","This gene is differently downregulated by 0.62 in node positive tumors than node negative cervical tumors."
"ICOS","18337305","Polymorphism","Department of Gynecology of Sao Paulo Hospital, Sao Paulo, Brazil and Cancre Hospital of Uberlandia, Brazil.","Polymorphism in ICOS(TT) gene is susceptible to cervical cancer."
"IER5","15047212","Upregulation","Department of Obsterics and Gynecology, University of Korea.","It is found to be expressed upregulated by 89.3 fold change in cervical cancer."
"IFI16","16353136","-","Department of Obstercis and Gynaecology, Prince of Wales Hospital, The Chinese University of Hong Kong, Hong Kong.","It is found to be differentially expressed by 3.17 fold in atleast two-third of cervical cancer cases."
"IFI16","16450401","Upregulation","Chang Gung Memorial Hospital","It is found to be expressed upregulated by 2.16 fold change in squamous carcinoma as compared to adenocarinoma (p<0.0001)."
"IFI6","18217980","Upregulation","Department of Obstertics and Gynecology, Kora University Anam Hospital, Seoul, Soth Korea","This gene is found to be twofold or more upregulated in the invasive cervical cancer compared with the CIS. "
"IFITM1","20099975","-","-","This gene is involved in cervical carcinogenesis."
"IFNG","18337305","Polymorphism","Department of Gynecology of Sao Paulo Hospital, Sao Paulo, Brazil and Cancre Hospital of Uberlandia, Brazil.","An epistatic effect between polymorphism in CD28 (TT)and IFNG (AA)genes is susceptible to cervical cancer."
"IFNG","19959217","Polymorphism","Swedish Cancer Registry and National Family Registry.","Combination of CD28+17(TT)/IFNG+874(AA) is shown to increase cervical cancer risk."
"IFNG","20084279","Polymorphism","Guanacaste cohort, Costa Rica","The most significant SNP of this gene (rs11177074) is associated with CIN3/cancer (p<0.001). And associated with progression to CIN3/cancer."
"IGF1","17709267","Downregulation","Gynecological Clinics in Bogota","Both normal epithelium and early stage tumors express abundant levels of the IGFIR, which are significantly reduced in advanced, metstatic cancer."
"IGF2","17709267","-","Gynecological Clinics in Bogota","IGFII mRNA level is found to be lower in LSIL, but not in HSIL or cancer"
"IGF2","14675666","Upregulation","-","Elevated serum IGFII levels had 100% sensitivity and 87% specificty for cervical cancer and 81% sensitivity and 82% specificty for CIN."
"IGF2","15982726","-","-","IGFII appear to be interrelated in cervical cancer contributing to the early malignant cell proliferation and lympho-vascular metastasis."
"IGF2","11076094","-","-","Women with cervical cancer in the post-therapy period has significantly lower serum IGFII levels than the women with cervical cancer before therapy (P<0.001)."
"IGFBP2","15771902","Downregulation","-","IGFBP2 showed a 0.20 fold decreased expression in malignant cervical squamous cell"
"IGFBP2","17306351","Downregulation","Clinic of Obstetrics and Gynaecology at the Medical University of Vienna, Austria.","This protoncogene showed a 1.20  fold higher increase  in malignant HR-HPV(+)cervical squamous cells but downregulated in HR-HPV(-) cervical squamous cells."
"IGFBP3","17709267","Downregulation","Gynecological Clinics in Bogota","IGFBP3 mRNA expression is lower in cancer. IGFBP3 gene is transcriptionally activated by E6 oncoprotein encoded by high risk HPV."
"IGFBP3","15982726","Downregulation","-","Serum IGFBP3 showed a significant decrease with advancing disease."
"IGFBP3","14675666","Downregulation","-","Decreased serum IGFBP3 had a sensitvity of 72% and specificty of 75% for cervical cancer and 81% sensitivity and 83% specificty for CIN."
"IGFBP5","15771902","Downregulation","-","IGFBP5 showed a 0.11 fold decreased expression in malignant cervical squamous cell"
"IGFBP5","17306351","Downregulation","Clinic of Obstetrics and Gynaecology at the Medical University of Vienna, Austria.","This protoncogene expressed  0.11  fold lower in malignant HR-HPV(+)cervical squamous cells "
"IGFBP6","15771902","Downregulation","-","IGFBP6 showed a 0.37 fold decreased expression in malignant cervical squamous cell"
"IGFBP6","17306351","Downregulation","Clinic of Obstetrics and Gynaecology at the Medical University of Vienna, Austria.","This protoncogene showed a 1.40  fold higher increase  in malignant HR-HPV(+)cervical squamous cells but downregulated in HR-HPV(-) cervical squamous cells."
"IL10","17306351","Overexpression","Clinic of Obstetrics and Gynaecology at the Medical University of Vienna, Austria.","This protoncogene showed a 3.10 fold higher in malignant HR-HPV(-)cervical squamous cells "
"IL18","16353136","-","Department of Obstercis and Gynaecology, Prince of Wales Hospital, The Chinese University of Hong Kong, Hong Kong.","IL18 is reported to be modified in cervical cancer."
"IL18","11470273","Downregulation","-","In HPV induced cancer, E6 protein of HPV downregulated the expression of type I cytokinine IL-18."
"IL1A","15771902","Downregulation","-","IL1A showed a 0.14 fold decreased expression in malignant cervical squamous cell"
"IL1A","17306351","Downregulation","Clinic of Obstetrics and Gynaecology at the Medical University of Vienna, Austria.","Downregulated in HR_HPV(-) squamous cell carcinoma by 0.14 fold level."
"IL1RN","16353136","-","Department of Obstercis and Gynaecology, Prince of Wales Hospital, The Chinese University of Hong Kong, Hong Kong.","It is found to be differentially expressed by -2.11 fold in atleast two-third of cervical cancer cases."
"IL1RN","17306351","Downregulation","Clinic of Obstetrics and Gynaecology at the Medical University of Vienna, Austria.","This protoncogene showed down expression by 0.17 fold in malignant HR-HPV(-)cervical squamous cells "
"IL32","15047212","Upregulation","Department of Obsterics and Gynecology, University of Korea.","It is found to be expressed upregulated by 4.3 fold change in cervical cancer."
"IL6","15771902","Overexpression","-","IL6 protoncogene showed a 8.16 fold higher increase  in malignant cervical squamous cells "
"IL6","17306351","Overexpression","Clinic of Obstetrics and Gynaecology at the Medical University of Vienna, Austria.","This protoncogene showed a 3.75 fold higher in malignant HR-HPV(-)cervical squamous cells "
"IL8","18217980","Upregulation","Department of Obstertics and Gynecology, Kora University Anam Hospital, Seoul, Soth Korea","This gene is found to be twofold or more upregulated in the invasive cervical cancer compared with the CIS. "
"ILF2","16049915","Upregulation","Department of Obstertics and Gynecology, Samsung Medical Hospital, Seoul, Korea","This gene exhibited the increased expression in cervical cancer tissue."
"IMP3","17192788","Overexpression","Department of pathology of the Umass Memorial Medical Center","IMP3 is highly expressed in adenocarcinoma in situ of the uterine cervix as compared to benign endocervical glands."
"INPP5E","15047212","Upregulation","Department of Obsterics and Gynecology, University of Korea.","It is found to be expressed upregulated by 51.1 fold change in cervical cancer."
"IPO5","15047212","Downregulation","Department of Obsterics and Gynecology, University of Korea.","It is found to be expressed downregulated by -2.2 fold change in cervical cancer."
"IRF3","19012493","Polymorphism","Guanacaste cohort, Costa Rica","A SNP (S427T) in the gene IRF3 has been associated with increased risk for HPV persisitence"
"ITGA1","15989693","Overexpression","National Center for Dysplasias, Mexico City","This gene is found to be overexpressed in cervical cancer and and have been associated with invasive features of cancers."
"ITGA4","15989693","Overexpression","National Center for Dysplasias, Mexico City","This gene is found to be overexpressed in cervical cancer and and have been associated with invasive features of cancers."
"ITGA6","17306351","Downregulation","Clinic of Obstetrics and Gynaecology at the Medical University of Vienna, Austria.","Downregulated in HR_HPV(-) squamous cell carcinoma by 0.32 fold level."
"ITGA6","15771902","Downregulation","-","ITGA6 showed a 0.32 fold decreased expression in malignant cervical squamous cell"
"ITGAV","18618715","Downregulation","Department of Obstertics and Gynaecology, University Medical Center, Amsterdam.","This gene is most significantly downregulated in carcinomas as compared to normal "
"ITGB1","17306351","Downregulation","Clinic of Obstetrics and Gynaecology at the Medical University of Vienna, Austria.","Downregulated in HR_HPV(-) squamous cell carcinoma by 0.22 fold level."
"ITGB1","15771902","Downregulation","-","ITGB1 showed a 0.22 fold decreased expression in malignant cervical squamous cell"
"ITGB1","15047212","Downregulation","Department of Obsterics and Gynecology, University of Korea.","It is found to be expressed downregulated by -2.4 fold change in cervical cancer."
"ITGB2","16049915","Upregulation","Department of Obstertics and Gynecology, Samsung Medical Hospital, Seoul, Korea","This gene exhibited the increased expression in cervical cancer tissue."
"ITGB8","15989693","Downregulation","National Center for Dysplasias, Mexico City","This gene is found to be downregulated in cervical cancer and and have been associated with invasive features of cancers."
"ITM2C","16450401","Upregulation","Chang Gung Memorial Hospital","It is found to be expressed upregulated by 1.41 fold change in adenocarcinoma as compared to squamous cell carcinoma (p=0.004)."
"IVL","10389939","Downregulation","Department of Pathology, University of Texas, M.D. Anderson Cancer Research Centre","Involucrin is a protein component of cornfied envelopes which has been reported to have reduced expression by 80.8% in all CIN lesions including CIN I, II and III."
"IVL","16353136","Downregulation","-","It is underexpressed and found to be reduced in CIN."
"JAK1","17306351","Overexpression","Clinic of Obstetrics and Gynaecology at the Medical University of Vienna, Austria.","JAK1 protoncogene showed a 5.10 fold higher in malignant HR-HPV(-)cervical squamous cells "
"JUNB","17306351","Overexpression","Clinic of Obstetrics and Gynaecology at the Medical University of Vienna, Austria.","JUNB protoncogene showed a 4.57 fold higher increase  in malignant cervical squamous cells "
"KCNC4","16450401","Upregulation","Chang Gung Memorial Hospital","It is found to be expressed upregulated by 2.41 fold change in squamous carcinoma as compared to adenocarinoma (p<0.0001)."
"KCNJ4","16353136","-","Department of Obstercis and Gynaecology, Prince of Wales Hospital, The Chinese University of Hong Kong, Hong Kong.","It is found to be differentially expressed by -3.1 fold in atleast two-third of cervical cancer cases."
"KIAA1324","16450401","Upregulation","Chang Gung Memorial Hospital","It is found to be expressed upregulated by 3.70 fold change in adenocarcinoma as compared to squamous cell carcinoma (p=0.007)."
"KIT","17306351","Overexpression","Clinic of Obstetrics and Gynaecology at the Medical University of Vienna, Austria.","It's overexpressed in cervical squamous cell carcinoma. Its expression in HPV (-) is  increased by 7.70 fold as compared to HPV(+) samples."
"KIT","15771902","Overexpression","-","KIT protoncogene showed a 7.7 fold higher increase  in malignant cervical squamous cells "
"KITLG","15771902","Overexpression","-","KITLG protoncogene showed a 7.92 fold higher increase  in malignant cervical squamous cells "
"KITLG","17306351","Overexpression","Clinic of Obstetrics and Gynaecology at the Medical University of Vienna, Austria.","It's overexpressed in cervical squamous cell carcinoma. Its expression in HPV (-) is  increased by 7.92 fold as compared to HPV(+) samples."
"KLF3","17054780","Downregulation","Health Enterprise Rikshopitalet-Radium Hospitalet","This gene is differently downregulated by 0.83 in node positive tumors than node negative cervical tumors."
"KLK10","16353136","-","Department of Obstercis and Gynaecology, Prince of Wales Hospital, The Chinese University of Hong Kong, Hong Kong.","It is found to be differentially expressed by -2.41 fold in atleast two-third of cervical cancer cases."
"KLK11","16353136","-","Department of Obstercis and Gynaecology, Prince of Wales Hospital, The Chinese University of Hong Kong, Hong Kong.","It is found to be differentially expressed by -2.5 fold in atleast two-third of cervical cancer cases."
"KLK12","16353136","-","Department of Obstercis and Gynaecology, Prince of Wales Hospital, The Chinese University of Hong Kong, Hong Kong.","It is found to be differentially expressed by -5.1 fold in atleast two-third of cervical cancer cases."
"KLK13","16353136","-","Department of Obstercis and Gynaecology, Prince of Wales Hospital, The Chinese University of Hong Kong, Hong Kong.","It is found to be differently expressed by -6.38 fold in two-third of cervical cancer cases"
"KLK2","16450401","Upregulation","Chang Gung Memorial Hospital","It is found to be expressed upregulated by 10.23 fold change in squamous carcinoma as compared to adenocarinoma (p<0.0001)."
"KLK2","17054780","Downregulation","Health Enterprise Rikshopitalet-Radium Hospitalet","This gene is differently downregulated by 0.70 in node positive tumors than node negative cervical tumors."
"KLK7","16353136","-","Department of Obstercis and Gynaecology, Prince of Wales Hospital, The Chinese University of Hong Kong, Hong Kong.","It is found to be differentially expressed by -2.12 fold in atleast two-third of cervical cancer cases."
"KLK7","15297163","Overexpression","Gynecologic Oncology Division and Pathology Department, UAMS","Squamous cervical cancer expressed high levels of SCCE, suggesting that this protease may play an important role in invasion and metastasis."
"KLK8","16353136","-","Department of Obstercis and Gynaecology, Prince of Wales Hospital, The Chinese University of Hong Kong, Hong Kong.","It is found to be differentially expressed by -2.38 fold in atleast two-third of cervical cancer cases."
"KLK8","14749636","Overexpression","Gynecologic Oncology Division and the Pathology Department, UAMS","TADG14 was found to be highly expressed in 82% (9/11) primary cervical cell lines and in 87% (7/8) established cervical cancer lines by reverse transcriptase polymerase chain reaction."
"KRAS","17306351","Overexpression","Clinic of Obstetrics and Gynaecology at the Medical University of Vienna, Austria.","It's overexpressed in cervical squamous cell carcinoma. It appears to be associated with the development, aggressiveness and progression of cervical cancer. Its expression in HPV (-) is  increased by 9.43 fold as compared to HPV(+) samples."
"KRAS","17360030","Mutation","National Cancer Center, Korea and Cheil Hospital, Korea","KRAS mutation were found in 13.9% adenocarcinomas while only 0.7% in squamous carcinoma"
"KRT1","16353136","-","Department of Obstercis and Gynaecology, Prince of Wales Hospital, The Chinese University of Hong Kong, Hong Kong.","It is found to be differently expressed by -6.96 fold in two-third of cervical cancer cases"
"KRT10","15138927","-","Department of Pathology of the Maputo Central Hospital, Mozambique","Keratin 10 expression has been found to be significantly different in exocervix, CIN III and invasive carcinoma with 77.7%, 40% and 19% respectively."
"KRT10","16353136","Downregulation","Department of Obstercis and Gynaecology, Prince of Wales Hospital, The Chinese University of Hong Kong, Hong Kong.","It is underexpressed and found to be reduced with cervical tumorigensis."
"KRT13","15138927","-","Department of Pathology of the Maputo Central Hospital, Mozambique","Keratin 13 expression has been found to be significantly different in exocervix, CIN III and invasive carcinoma with 100%,22.2% and 25% respectively."
"KRT13","16353136","Downregulation","Department of Obstercis and Gynaecology, Prince of Wales Hospital, The Chinese University of Hong Kong, Hong Kong.","It is underexpressed and found to be reduced with cervical tumorigensis."
"KRT13","16450401","Upregulation","Chang Gung Memorial Hospital","It is found to be expressed upregulated by 8.43 fold change in squamous carcinoma as compared to adenocarinoma (p<0.0001)."
"KRT15","16450401","Upregulation","Chang Gung Memorial Hospital","It is found to be expressed upregulated by 13.02 fold change in squamous carcinoma as compared to adenocarinoma (p<0.0001)."
"KRT17","15138927","-","Department of Pathology of the Maputo Central Hospital, Mozambique","Expression of keratin 17 in reference to CIN III and invasive carcinoma are 40% and 73.2% respectively."
"KRT18","15771902","Overexpression","-","KRT18 protoncogene showed a 5.00 fold higher increase  in malignant cervical squamous cells "
"KRT18","17306351","Overexpression","Clinic of Obstetrics and Gynaecology at the Medical University of Vienna, Austria.","It's overexpressed in cervical squamous cell carcinoma. Its expression in HPV (-) is  increased by 5.00 fold as compared to HPV(+) samples."
"KRT19","16353136","-","Department of Obstercis and Gynaecology, Prince of Wales Hospital, The Chinese University of Hong Kong, Hong Kong.","It is reported to be involved in  either cervical tumorigenesis or its progression."
"KRT3","16353136","-","Department of Obstercis and Gynaecology, Prince of Wales Hospital, The Chinese University of Hong Kong, Hong Kong.","It is found to be differentially expressed by -3.22 fold in atleast two-third of cervical cancer cases."
"KRT4","16353136","-","Department of Obstercis and Gynaecology, Prince of Wales Hospital, The Chinese University of Hong Kong, Hong Kong.","It is found to be differentially expressed by -3.94 fold in atleast two-third of cervical cancer cases."
"KRT6B","17306351","Overexpression","Clinic of Obstetrics and Gynaecology at the Medical University of Vienna, Austria.","This protoncogene showed a 3.75 fold higher in malignant HR-HPV(-)cervical squamous cells "
"KRT7","16353136","Overexpression","Department of Obstercis and Gynaecology, Prince of Wales Hospital, The Chinese University of Hong Kong, Hong Kong.","It is found to be highly expressed in increased grade of CIN."
"KRT7","7524976","Overexpression","-","Increasing expression of keratins 7 has been repoted in the study, with increasing grade of CIN"
"KRT8","17306351","Overexpression","Clinic of Obstetrics and Gynaecology at the Medical University of Vienna, Austria.","It is increased 9.60 fold level in HR-HPV(-) cervical squamous cell carcinoma than HR-HPV(+) squamous cell carcinoma. "
"KRT8","15771902","-","-","KRT8 protoncogene showed a 9.6 fold higher increase  in malignant cervical squamous cells "
"KRT8","15138927","-","Department of Pathology of the Maputo Central Hospital, Mozambique","Expression of keratin 8 in reference to CIN III and invasive carcinoma are 44.4% and 57.1% respectively."
"KRTHA3B","16450401","Upregulation","Chang Gung Memorial Hospital","It is found to be expressed upregulated by 2.92 fold change in squamous carcinoma as compared to adenocarinoma (p<0.0001)."
"LAMA5","18506748","Overexpression","Columbia University Medical Center (CUMC), NewYork.","This gene is overexpressed as a consequence of chromosome 20q gain and amplification in cervical cancer. And overexpressed as 2.8 fold on comparison between normal cervical squamous epithelium and tumors with chromosome 20 and 20q gain. "
"LARP7","18191186","-","Academic Medical Center, Amsterdam","This gene showed differential expression between tumor samples from patients with and without lymph node metastasis. Mean accuracy class prediction is 64.5% with a 95% confidence interval (CI) of 40-90%."
"LDHA","15047212","Downregulation","Department of Obsterics and Gynecology, University of Korea.","It is found to be expressed downregulated by -3.0 fold change in cervical cancer."
"LGALS7","17543121","Downregulation","Vancouver General Hospital Women's Clinic, Vancouver Hospital & Health Science Centre.","It exhibited decreased expression in CIN III(z<-1.96)"
"LGR5","16353136","-","Department of Obstercis and Gynaecology, Prince of Wales Hospital, The Chinese University of Hong Kong, Hong Kong.","It is found to be differentially expressed by -2.58 fold in atleast two-third of cervical cancer cases."
"LHFPL4","18381458","Methylation","Washington University School of Medicine","Nucleolar-localized protein (NOL4) gene has been identified frequently methylated in 55% of cancer."
"LMX1A","18398837","Methylation","Tri-Service General Hospital, Taipei, Taiwan.","This gene is more methylated in SCC tissue 89.9% than in their normal control (p<0.0001)"
"LMX1A","20564139","Methylation","National Defense Medical Centre,Taipei, Taiwan.","The percentage of methylation reference (PMR) of this gene is significantly higher in CIN3, and worse (CIN3+) lesions than the PMRs in specimens of normal cervix and CIN1 or CIN2(P<0.001)."
"LSM3","17054780","Upregulation","Health Enterprise Rikshopitalet-Radium Hospitalet","This gene is differently upregulated by 1.31  in node positive tumors than node negative cervical tumors."
"LSMD1","17054780","Upregulation","Health Enterprise Rikshopitalet-Radium Hospitalet","This gene is differently upregulated by 1.29  in node positive tumors than node negative cervical tumors."
"LY6D","16450401","Upregulation","Chang Gung Memorial Hospital","It is found to be expressed upregulated by 4.22 fold change in squamous carcinoma as compared to adenocarinoma (p<0.0001)."
"LYPLA1","15047212","Downregulation","Department of Obsterics and Gynecology, University of Korea.","It is found to be expressed downregulated by -2.4 fold change in cervical cancer."
"MAL","14718022","Methylation","Nippon Medical School, Kawasaki, Japan.","Downregulation of MAL in two-thirds of primary cervical squamous cell cancers. MAL is an essential component of cellular polarized sorting system which play an important role in human cervical squamous cell cancer development."
"MAL","16353136","-","Department of Obstercis and Gynaecology, Prince of Wales Hospital, The Chinese University of Hong Kong, Hong Kong.","MAL mRNA is significantly downregulated in cervical carcinomas"
"MAL","18618715","Downregulation","Department of Obstertics and Gynaecology, University Medical Center, Amsterdam.","This gene is most significantly downregulated in carcinomas as compared to normal "
"MAP3K11","15047212","Upregulation","Department of Obsterics and Gynecology, University of Korea.","It is found to be expressed upregulated by 2.5 fold change in cervical cancer."
"MBNL2","17054780","Downregulation","Health Enterprise Rikshopitalet-Radium Hospitalet","This gene is differently downregulated by 0.70 in node positive tumors than node negative cervical tumors."
"MCM2","16353136","Upregulation","Department of Obstercis and Gynaecology, Prince of Wales Hospital, The Chinese University of Hong Kong, Hong Kong.","MCM2 is found to overexpressed and related to either cervical tumorigenesis or its progression.Mcm2 mRNA is approximately four times more abundant in HeLa cells."
"MCM2","17306351","Overexpression","Clinic of Obstetrics and Gynaecology at the Medical University of Vienna, Austria.","This protoncogene showed a 3.05 fold higher in malignant HR-HPV(-)cervical squamous cells "
"MCM2","12631269","Overexpression","-","Enhanced expression has found to in cancer cells of the uterine cervix."
"MCM3","16353136","Overexpression","Department of Obstercis and Gynaecology, Prince of Wales Hospital, The Chinese University of Hong Kong, Hong Kong.","MCM3 are ubiquitously expressed in cancer cells and thus it can be used a marker to discriminate between the normal and dysplastic cells in the uterine cervix. "
"MCM4","16353136","Overexpression","Department of Obstercis and Gynaecology, Prince of Wales Hospital, The Chinese University of Hong Kong, Hong Kong.","MCM4 are ubiquitously expressed in cancer cells and thus it can be used a marker to discriminate between the normal and dysplastic cells in the uterine cervix. "
"MCM4","17306351","Overexpression","Clinic of Obstetrics and Gynaecology at the Medical University of Vienna, Austria.","This protoncogene showed a 4.02 fold higher in malignant HR-HPV(-)cervical squamous cells "
"MCM5","16353136","-","Department of Obstercis and Gynaecology, Prince of Wales Hospital, The Chinese University of Hong Kong, Hong Kong.","It is reported to be involved in  either cervical tumorigenesis or its progression."
"MDM2","17306351","Overexpression","Clinic of Obstetrics and Gynaecology at the Medical University of Vienna, Austria.","MDM2 protoncogene showed a 4.62 fold higher increase  in malignant cervical squamous cells "
"MDM2","18813814","Upregulation","Department of Obsterics and Gynaecology of the University Hospital of Heraklion, Crete","This gene is found to be upregulated 88% and 73% in HSIL and LSIL cases."
"MDM2","20200430","-","-","The combination of high levels of MDM2 with the G-allele of SNP309 can severley weaken the p53 tumor suppressor pathway resulting in higher mutation rate, less efficient DNA repair and reduced apoptosis. "
"ME1","16353136","-","Department of Obstercis and Gynaecology, Prince of Wales Hospital, The Chinese University of Hong Kong, Hong Kong.","It is found to be differentially expressed by -3.95 fold in atleast two-third of cervical cancer cases."
"MEF2A","17054780","Downregulation","Health Enterprise Rikshopitalet-Radium Hospitalet","This gene is differently downregulated by 0.79 in node positive tumors than node negative cervical tumors."
"MET","15771902","Overexpression","-","MET protoncogene showed a 19.4 fold higher increase  in malignant cervical squamous cells "
"MET","12586590","Overexpression","Hacetepe University Hospital, Department of Obstetrics and Gynaecology.","The overexpresion of Protoncogene c-MET/hepatocyte growth factor receptor is an important parameter for disease progression, recurrence and survival in early stage invasive uterine cervix carcinoma."
"MET","16353136","-","Department of Obstercis and Gynaecology, Prince of Wales Hospital, The Chinese University of Hong Kong, Hong Kong.","Involved in the tumorgensis or its progression"
"MET","17306351","Overexpression","Clinic of Obstetrics and Gynaecology at the Medical University of Vienna, Austria.","It's overexpressed in cervical squamous cell carcinoma. Its expression in HPV (-) is  increased by 19.40 fold as compared to HPV(+) samples."
"MET","16426920","Overexpression","National Cheng Kung University Hospital, Tainan, Taiwan.","c-MET overexpression may accelerate the progression of cervical adenocarcinoma and may serve as a marker for more intensive treatment strategies in cervical cancer."
"MGMT","11297252","Methylation","Parkland Health and Hospital System, Dallas, Texas.","MGMT is methylated at relatively high frquencies in high grade CIN and in invasie carcinoma (26-29%), although methylation is lower in the nondysplasia/low grade CIN group. Also methylation of MGMT, which modulates response to cytotoxic agents, may play an important role in cervical cancer."
"MGMT","17971771","Methylation","VU University Medical Center in Amerstdam","MGMT is the most frequently methylated in both tumour histotypes, that is in 92% in all carcinomas. "
"MGMT","14760078","Methylation","Department of Obsterics and Gynecology, Innsbruck University Hospital.","Aberrant methylation of CpG island within the promoter regions. "
"MGMT","19513524","Methylation","Colposcopy Unit of University Hospital of Larissa; Greece.","MGMT promoter methylation is found in 13.3% of normal cases, 28.2% of premalignant cases and 72.5% of cancer cases."
"MGMT","11448914","Methylation","-","Aberrant methylation of CpG island within the promoter regions. "
"MGMT","19836067","Methylation","Chonnam National University Hwasun Hospital","The trend of methylation of this gene is increasing with increasing severity of cervical squamous lesions (p<0.001)."
"MGMT","15589597","Methylation","Department of Obstertics and Gynecology, Seoul national University Hospital.","Frequency of methylation of this gene is found to be 19.5%."
"MGMT","15785933","Methylation","Department of pathology, Anam Hospital of Korea University","None of 20 non-neoplastic cervices showed p16 INK4A and MGMT gene hypermethylation, whereas at least one of these genes was hypermethylated with 50.0% (5/10) of CIN I, 65.0% (13/20) of CIN II-III, 70.2% (33/47) of SCC and 85.0% (17/20) of adenocarcinoma"
"MGMT","16928264","Methylation","-","Incidence of hypermethylation for DAPK, MGMT, p16 and PTEN in cervical cancer was 56.7%, 25.2%, 16.5% and 15.7% respectively"
"MGMT","15099958","Methylation","Queen Mary Hospital, Hong Kong.","Promotor CpG island methylation of DAPK, p16, and MGMT was detectable, respectively, in 60%, 28.2%, and 18.8% of cases of cervical tumor DNA, and in 40%, 10%, and 7.5% of cases of patients' plasma DNA"
"MGMT","15713962","Methylation","-","hypermethylation rates were twice as high among samples from women with confirmed ICC as the rates among samples from women with CIN-1 or less"
"MLH1","11297252","Methylation","Parkland Health and Hospital System, Dallas, Texas.","Methylation of human MLH1 in cervcial cancers and their preneoplastic lesions are rare events (3-6%)."
"MLH1","11448914","Methylation","Samsung Cheil Hospital, Seoul, Korea","Aberrant methylation of CpG island within the promoter regions in asscoiation with the loss of protein expression in cancer cells."
"MLH1","16331610","Methylation","Gynecologic Oncology Division of Seoul National University Hospital","Methylation of this gene is resposible for cervical carcinoma."
"MLH1","10999751","-","-","MLH1 expression is detected in 71.4% in noninvasive squamous cell carcinoma and 34.8% of invasive squamous cell carcinoma (P<0.04)."
"MLLT4","16353136","-","Department of Obstercis and Gynaecology, Prince of Wales Hospital, The Chinese University of Hong Kong, Hong Kong.","It is found to be differentially expressed by -2.62 fold in atleast two-third of cervical cancer cases."
"MMP1","11812078","Overexpression","Department of Pathology, University of Hanover","invasive carcinoma showed a coexpression of MMP1 and MMP2 in malignant epithelial cells and peritumoral stroma cells."
"MMP10","15989693","Overexpression","National Center for Dysplasias, Mexico City","This gene is found to be overexpressed in cervical cancer and and have been associated with invasive features of cancers."
"MMP11","15989693","Overexpression","National Center for Dysplasias, Mexico City","This gene is found to be overexpressed in cervical cancer and and have been associated with invasive features of cancers."
"MMP12","15989693","Overexpression","National Center for Dysplasias, Mexico City","This gene is found to be overexpressed in cervical cancer and and have been associated with invasive features of cancers."
"MMP13","15989693","Downregulation","National Center for Dysplasias, Mexico City","This gene is found to be downregulated in cervical cancer and and have been associated with invasive features of cancers."
"MMP14","16061633","Upregulation","Johns Hopkins Hospital, University of Michigan Hospital.","There is close relation of MMP2 and MT1-MMP expression in primary tumor.  The enhanced expression of MT1-MMP generally correlates with the invasive potential of crevical cancer and HPV-immortalized keratinocytes but not in squamous epithelial cells derived from LSILs."
"MMP14","10366463","Upregulation","Division of Gynecologic Oncology, Sheba Medical Center","MT1-MMP mRNA level are found to be uregulated in invasive tumors, compared to both in situ lesions and control cervices."
"MMP2","16061633","Upregulation","Johns Hopkins Hospital, University of Michigan Hospital.","MMP2 gelatinolytic activity is significantly associated with tumor stage, nodal metastasis and tumor recurrence."
"MMP2","11812078","Overexpression","Department of Pathology, University of Hanover","MMP2 expression in 38% of CIN2 and 80% of CIN3 lesions."
"MMP2","10366463","Upregulation","Division of Gynecologic Oncology, Sheba Medical Center","MMP2 mRNA level are found to be uregulated in invasive tumors, compared to both in situ lesions and control cervices.MMP2 mRNA is corelated with advanced stage (P=0.003)"
"MMP3","17242701","Upregulation","Gynecological Cancer Centre of St bartholomew's Hospital and the Department of Obsterics and Gynecology of the Clinical Centre of Serbia.","It is commonly upregulated in LN micrometastases in cervical cancer. It can also cause epithelial-mesenchymal transition in cancer."
"MMP9","17242701","Upregulation","Gynecological Cancer Centre of St bartholomew's Hospital and the Department of Obsterics and Gynecology of the Clinical Centre of Serbia.","It is commonly upregulated in LN micrometastases in cervical cancer. "
"MMP9","16061633","Upregulation","Johns Hopkins Hospital, University of Michigan Hospital.","MMP9 gelatinolytic activity is significantly associated with tumor stage, nodal metastasis and tumor recurrence."
"MMP9","15989693","Upregulation","National Center for Dysplasias, Mexico City","This gene is found to be overexpressed in cervical cancer and and have been associated with invasive features of cancers."
"MMP9","10053110","-","Division of Gynecologic Oncology, Sheba Medical Center","MMP9 mRNA and protein expression are elevated in tumor and stromal cells of both high-grade CIN and invasive squamous cell carcinoma of the uterine cervix."
"MMP9","19906411","Polymorphism","Washington University School of Medicine and Siteman Cancer Center","Polymorphism in MMP9 (rs17576) is associated with increased risk of nodal metstases in early stage cervical cancer"
"MRPL11","17054780","Upregulation","Health Enterprise Rikshopitalet-Radium Hospitalet","This gene is differently upregulated by 1.24  in node positive tumors than node negative cervical tumors."
"MRPS2","15047212","Downregulation","Department of Obsterics and Gynecology, University of Korea.","It is found to be expressed downregulated by -2.8 fold change in cervical cancer."
"MRPS23","17054779","Upregulation","Health Enterprise Rikshopitalet-Radium Hospitalet","This gene is differently upregulated by 1.33 in node positive tumors than node negative cervical tumors."
"MSH2","10999751","-","-","Msh2 expression is detected in 92.9% in noninvasive squamous cell carcinoma and 56.5% of invasive squamous cell carcinoma (P<0.02)."
"MSH2","17596548","-","Department of Gynecologic Oncology of the University Medical Center Groningen","Absence of Msh2 expression is associated with a high-risk profile in early stage cervical cancer, but does not predict lymph node status with sufficient accuracy to used in the clinic."
"MSLN","16450401","Upregulation","Chang Gung Memorial Hospital","It is found to be expressed upregulated by 2.23 fold change in adenocarcinoma as compared to squamous cell carcinoma (p<0.0001)."
"MSN","17054780","Downregulation","Health Enterprise Rikshopitalet-Radium Hospitalet","This gene is differently downregulated by 0.71 in node positive tumors than node negative cervical tumors."
"MSX1","16049915","Downregulation","Department of Obstertics and Gynecology, Samsung Medical Hospital, Seoul, Korea","This gene exhibited the decreased expression in cervical cancer tissue."
"MT1G","16434596","Methylation","Dakar, Senegal","This gene has been found to be hypermethylated in in a high proportion of invasive cervical cancer clinical samples"
"MUL1","19843677","Methylation","University Medical Center, Groningen.","Promoter methylation of this is gene is more frequently in cervical cancers than normal cells (P=0.02)"
"MYC","15771902","Overexpression","-","It is found to be upregulated in cervical cancer patients."
"MYC","16450401","Upregulation","Chang Gung Memorial Hospital","It is found to be expressed upregulated by 2 fold change in squamous carcinoma as compared to adenocarinoma (p<0.0001)."
"MYC","17306351","Overexpression","Clinic of Obstetrics and Gynaecology at the Medical University of Vienna, Austria.","It's overexpressed in cervical squamous cell carcinoma. It's expression in HPV(-) is increased by 6.50 as compared to HPV(+)."
"MYC","18813814","Upregulation","Department of Obsterics and Gynaecology of the University Hospital of Heraklion, Crete","This gene is found to be upregulated in cervical cancer in 74% of cases."
"MYCL1","7905784","Amplification","Lok Nayak Jayaprakashan Naryan Hospital, Delhi, India.","MYCL1 has been shown to be amplified with with 16  number of copies in cervical cancer."
"MYCN","17306351","Overexpression","Clinic of Obstetrics and Gynaecology at the Medical University of Vienna, Austria.","It's overexpressed in cervical squamous cell carcinoma. It appears to be associated with the development, aggressiveness and progression of cervical cancer. Its expression in HPV (-) is  increased by 8.52 fold as compared to HPV(+) samples."
"MYCN","15771902","Overexpression","-","MYCN protoncogene showed a 8.52 fold higher increase  in malignant cervical squamous cells "
"MYH9","16450401","Upregulation","Chang Gung Memorial Hospital","It is found to be expressed upregulated by 4.01 fold change in squamous carcinoma as compared to adenocarinoma (p<0.0001)."
"MYOD1","14760078","Methylation","Department of Obsterics and Gynecology, Innsbruck University Hospital.","Promoter hypermethylation of MYOD1 has been detected more frequently in advanced stage and therefore it has the potential to be used as a prognostic marker"
"NAE1","15047212","Downregulation","Department of Obsterics and Gynecology, University of Korea.","It is found to be expressed downregulated by -3.0 fold change in cervical cancer."
"NCL","15047212","Downregulation","Department of Obsterics and Gynecology, University of Korea.","It is found to be expressed downregulated by -3.0 fold change in cervical cancer."
"NDRG1","16450401","Upregulation","Chang Gung Memorial Hospital","It is found to be expressed upregulated by 2.60 fold change in squamous carcinoma as compared to adenocarinoma (p=0.001)."
"NDRG1","18217980","Upregulation","Department of Obstertics and Gynecology, Kora University Anam Hospital, Seoul, Soth Korea","This gene is found to be twofold or more upregulated in the invasive cervical cancer compared with the CIS. "
"NDRG4","16353136","-","Department of Obstercis and Gynaecology, Prince of Wales Hospital, The Chinese University of Hong Kong, Hong Kong.","It is found to be differentially expressed by -2.57 fold in atleast two-third of cervical cancer cases."
"NDUFS6","18559093","Upregulation","Columbia University Medical Center (CUMC), NewYork.","This gene is upregulated 2.3 fold and overexpressed as a consequence of chromosome 5p gain in cervical cancer."
"NEBL","16353136","-","Department of Obstercis and Gynaecology, Prince of Wales Hospital, The Chinese University of Hong Kong, Hong Kong.","It is found to be differentially expressed by -2.56 fold in atleast two-third of cervical cancer cases."
"NEK1","17054780","Upregulation","Health Enterprise Rikshopitalet-Radium Hospitalet","This gene is differently upregulated by 1.32 in node positive tumors than node negative cervical tumors."
"NKX6-1","18398837","Methylation","Tri-Service General Hospital, Taipei, Taiwan.","This gene is more methylated in SCC tissue 80.4% than in their normal control (p<0.0001)"
"NKX6-1","20564139","Methylation","National Defense Medical Centre,Taipei, Taiwan.","The percentage of methylation reference (PMR) of this gene is significantly higher in CIN3, and worse (CIN3+) lesions than the PMRs in specimens of normal cervix and CIN1 or CIN2(P<0.001)."
"NME1","17306351","Overexpression","Clinic of Obstetrics and Gynaecology at the Medical University of Vienna, Austria.","It's overexpressed in cervical squamous cell carcinoma. It's expression in HPV(-) is increased by 16.37 as compared to HPV(+)."
"NME1","15771902","Overexpression","-","Nonmetastatic cells A (NME1) showed a 16.37 fold higher expression in malignant exfoliated cells."
"NME1","10880723","-","Hospital de Ginecologia y Obstetricia of the Instituto Meicano del Seguro Social, Mexico City.","There is a complex interaction between the proteolytic phenotype and the expression of nm23-H1 genes in carcinoma of the cervix that influences the clinical behaviour of the tumour."
"NME1","7736397","Overexpression","-","Expression of nm23-H1 protein was detected in 46% of adenocarcinoma and 36% of squamous cell carcinoma of the uterine cervix."
"NME1","16537673","-","Pathology Department, S Orsola Malpighi Hospital, Bologna, Italy and Maggiore Hospital, University of Trieste, Italy.","A linear decrease (p=0.001) was observed in nm23-H1 expression, starting from CIN1 (85% with normal expression), with the most dramatic down regulation on transition from CIN2 (70% normal) to CIN3 (39%) and further to SCC (25%)."
"NME2","17306351","Overexpression","Clinic of Obstetrics and Gynaecology at the Medical University of Vienna, Austria.","It's overexpressed in cervical squamous cell carcinoma. It's expression in HPV(-) is increased by 12.30 as compared to HPV(+)."
"NNT","18559093","Upregulation","Columbia University Medical Center (CUMC), NewYork.","This gene is upregulated 3.7 fold and overexpressed as a consequence of chromosome 5p gain in cervical cancer."
"NOL4","18381458","Methylation","Washington University School of Medicine","Nucleolar-localized protein (NOL4) gene has been identified frequently methylated in 85% of cancer."
"NOL7","20206243","-","-","Repression of NOL7 in CC cells suppresses in vivo tumor growth by 95% and alters the angiogenic phenotype by modulating the expression of VEGF and TSP1."
"NOL7","16205646","-","-","NOL7 function as a  tumor suppressor gene that modulates the angiogenic phenotype. "
"NPTX1","19843677","Methylation","University Medical Center, Groningen.","Promoter methylation of this is gene is more frequently in cervical cancers than normal cells (P=0.106)"
"NQO1","20200430","Polymorphism","-","NQO1 is associated with risk of cervical cancer especially in women infected with type 16- and/or type 18-related HPVs. NQo1 SNP 609 associate with the risk of cervical cancer especially in women infected with type 16 and/or type 18 related HPVs."
"NRAS","15047212","Downregulation","Department of Obsterics and Gynecology, University of Korea.","It is found to be expressed downregulated by -2.4 fold change in cervical cancer."
"NRM","15047212","Downregulation","Department of Obsterics and Gynecology, University of Korea.","It is found to be expressed downregulated by -2.1 fold change in cervical cancer."
"NTF3","15771902","Overexpression","-","NTF3 protoncogene showed a 5.42 fold higher increase  in malignant cervical squamous cells "
"NTF3","17306351","Overexpression","Clinic of Obstetrics and Gynaecology at the Medical University of Vienna, Austria.","It's overexpressed in cervical squamous cell carcinoma. Its expression in HPV (-) is  increased by 5.42 fold as compared to HPV(+) samples."
"NTN4","17054780","Downregulation","Health Enterprise Rikshopitalet-Radium Hospitalet","This gene is differently downregulated by 0.71 in node positive tumors than node negative cervical tumors."
"OAS3","20084279","Polymorphism","Guanacaste cohort, Costa Rica","The most significant SNP of this gene (rs12302655) is associated with CIN3/cancer (p<0.001). And this gene is associated with HPV persistence."
"OAT","15047212","Downregulation","Department of Obsterics and Gynecology, University of Korea.","It is found to be expressed downregulated by -2.0 fold change in cervical cancer."
"ONECUT1","18398837","Methylation","Tri-Service General Hospital, Taipei, Taiwan.","This gene is more methylated in SCC tissue 20.4% than in their normal control (p<0.0001)"
"ORAOV1","20105337","Overexpression","-","ORAOV1 has an important role in regulating cell growth of cervical cancer HeLa cells through regulating the cell cycle and apoptosis."
"OSMR","18559093","Upregulation","Columbia University Medical Center (CUMC), NewYork.","This gene is upregulated 3.1 fold and overexpressed as a consequence of chromosome 5p gain in cervical cancer."
"OSR1","15047212","Upregulation","Department of Obsterics and Gynecology, University of Korea.","It is found to be expressed upregulated by 6.8 fold change in cervical cancer."
"P2RX4","16450401","Upregulation","Chang Gung Memorial Hospital","It is found to be expressed upregulated by 2.13 fold change in adenocarcinoma as compared to squamous cell carcinoma (p<0.0001)."
"PA2G4","15047212","Downregulation","Department of Obsterics and Gynecology, University of Korea.","It is found to be expressed downregulated by -3.3 fold change in cervical cancer."
"PAIP1","18559093","Upregulation","Columbia University Medical Center (CUMC), NewYork.","This gene is upregulated 2.3 fold and overexpressed as a consequence of chromosome 5p gain in cervical cancer."
"PAPD7","18559093","Upregulation","Columbia University Medical Center (CUMC), NewYork.","This gene is upregulated 2.8 fold and overexpressed as a consequence of chromosome 5p gain in cervical cancer."
"PAX1","18398837","Methylation","Tri-Service General Hospital, Taipei, Taiwan.","This gene is more methylated in SCC tissue 94.4% than in their normal control (p<0.0001)"
"PAX1","20564139","Methylation","National Defense Medical Centre,Taipei, Taiwan.","The percentage of methylation reference (PMR) of this gene is significantly higher in CIN3, and worse (CIN3+) lesions than the PMRs in specimens of normal cervix and CIN1 or CIN2(P<0.001)."
"PCDH10","16247458","Methylation","-","PCDH10 itself is not located within the deletion. In contrast, its transcriptional silencing and promoter methylation were frequently detected in multiple carcinoma cell lines in a biallelic way, including 12/12 nasopharyngeal, 13/16 esophageal, 3/4 breast, 5/5 colorectal, 3/4 cervical, 2/5 lung and 2/8 hepatocellular carcinoma cell lines, but not in any immortalized normal epithelial cell line. Aberrant methylation was further frequently detected in multiple primary carcinomas (82% in NPC, 42-51% for other carcinomas), but not normal tissues"
"PCNA","18813814","Upregulation","Department of Obsterics and Gynaecology of the University Hospital of Heraklion, Crete","This gene is found to be upregulated 89% and 69% in cervical carcinoma and HSIL cases."
"PCNP","15047212","Downregulation","Department of Obsterics and Gynecology, University of Korea.","It is found to be expressed downregulated by -2.5 fold change in cervical cancer."
"PDCD1","18337305","Polymorphism","Department of Gynecology of Sao Paulo Hospital, Sao Paulo, Brazil and Cancre Hospital of Uberlandia, Brazil.","Polymorphism in PDCD1(CT) gene is susceptible to cervical cancer."
"PDCD4","16353136","-","Department of Obstercis and Gynaecology, Prince of Wales Hospital, The Chinese University of Hong Kong, Hong Kong.","It is found to be differentially expressed by -3.31 fold in atleast two-third of cervical cancer cases."
"PDGFRA","15771902","Overexpression","-","PDGFRA protoncogene showed a 6.75 fold higher increase  in malignant cervical squamous cells "
"PDGFRA","17306351","Overexpression","Clinic of Obstetrics and Gynaecology at the Medical University of Vienna, Austria.","It's overexpressed in cervical squamous cell carcinoma. Its expression in HPV (-) is  increased by 6.75 fold as compared to HPV(+) samples."
"PDIA3","15047212","Downregulation","Department of Obsterics and Gynecology, University of Korea.","It is found to be expressed downregulated by -3.2 fold change in cervical cancer."
"PDK2","17054780","Upregulation","Health Enterprise Rikshopitalet-Radium Hospitalet","This gene is differently upregulated by 1.23  in node positive tumors than node negative cervical tumors."
"PEBP1","18191186","-","Academic Medical Center, Amsterdam","This gene showed differential expression between tumor samples from patients with and without lymph node metastasis. Mean accuracy class prediction is 64.5% with a 95% confidence interval (CI) of 40-90%."
"PECAM1","19352388","-","-","The presence of (PECAM1) CD31-positive vessels is associated with the expression TGFB(P=0.006). "
"PGR","14760078","Methylation","Department of Obsterics and Gynecology, Innsbruck University Hospital.","Aberrant methylation of CpG island within the promoter regions. "
"PHB","16426920","Overexpression","National Cheng Kung University Hospital, Tainan, Taiwan.","PHB1 overexpression is significantly higher in invasive adenocarcinoma and adenocarcinoma than in neoplastic glandular epithelium (p<0.001 for both comparison)."
"PIGF","19845534","Overexpression","Union Hospital, Wuhan","PIGF expressed in both pre-invasive and invasive lesions of uterine cervix and tumor angiogenesis and lymphangiogenesis. And PIGF is expressed in both squmous and adenoid tumors."
"PIGT","18506748","Overexpression","Columbia University Medical Center (CUMC), NewYork.","This gene is overexpressed as a consequence of chromosome 20q gain and amplification in cervical cancer. And overexpressed as 2.6 fold on comparison between normal cervical squamous epithelium and tumors with chromosome 20 and 20q gain. "
"PLAGL1","18217980","Downregulation","Department of Obstertics and Gynecology, Kora University Anam Hospital, Seoul, Soth Korea","This gene is found to be twofold or more downregulated in the invasive cervical cancer compared with the CIS. "
"PLAT","16353136","-","Department of Obstercis and Gynaecology, Prince of Wales Hospital, The Chinese University of Hong Kong, Hong Kong.","It is reported to be involved in  either cervical tumorigenesis or its progression."
"PLOD2","16353136","Upregulation","Department of Obstercis and Gynaecology, Prince of Wales Hospital, The Chinese University of Hong Kong, Hong Kong.","It is found to be differentially expressed by 3.71 fold in atleast two-third of cervical cancer cases."
"PLP2","16450401","Upregulation","Chang Gung Memorial Hospital","It is found to be expressed upregulated by 1.97 fold change in squamous carcinoma as compared to adenocarinoma (p<0.0001)."
"PLSCR1","16353136","Upregulation","Department of Obstercis and Gynaecology, Prince of Wales Hospital, The Chinese University of Hong Kong, Hong Kong.","It is found to be differentially expressed by 3.86 fold in atleast two-third of cervical cancer cases."
"POFUT1","18506748","Overexpression","Columbia University Medical Center (CUMC), NewYork.","This gene is overexpressed as a consequence of chromosome 20q gain and amplification in cervical cancer. And overexpressed as 2.7 fold on comparison between normal cervical squamous epithelium and tumors with chromosome 20 and 20q gain. "
"POP5","15047212","Upregulation","Department of Obsterics and Gynecology, University of Korea.","It is found to be expressed upregulated by 5.6 fold change in cervical cancer."
"POU2F3","16607278","Methylation","-","Aberrant DNA methylation of the CpG island in POU2F3 promoter play a key role in silencing this tumor suppressor gene expression in human cervical cancer."
"PPL","16353136","-","Department of Obstercis and Gynaecology, Prince of Wales Hospital, The Chinese University of Hong Kong, Hong Kong.","It is found to be differentially expressed by -2.87 fold in atleast two-third of cervical cancer cases."
"PPP1R3C","16353136","-","Department of Obstercis and Gynaecology, Prince of Wales Hospital, The Chinese University of Hong Kong, Hong Kong.","It is found to be differently expressed by -6.93 fold in two-third of cervical cancer cases"
"PPP2R1B","11118052","-","Instituto Nacional de Cancerologia, Colombia","PPP2R1B G90 to D90 alteration may represent a germ-line change, and individuals carrying this change may be susceptible to developing cervical or other types of solid tumors."
"PRDM5","20213097","Methylation","Tumor Hospital of Harbin Medical University.","It has been shown that PRDM5 expression is reduced or lost in cervical cancer in comparison to normal cervical tissues (p<0.05) and this is mediated by aberrant cytosine methylation of the PRDM5 promoter. "
"PRR11","16353136","-","Department of Obstercis and Gynaecology, Prince of Wales Hospital, The Chinese University of Hong Kong, Hong Kong.","It is found to be differentially expressed by -2.5 fold in atleast two-third of cervical cancer cases."
"PRSS2","16353136","-","Department of Obstercis and Gynaecology, Prince of Wales Hospital, The Chinese University of Hong Kong, Hong Kong.","It is found to be differentially expressed by -4.53 fold in atleast two-third of cervical cancer cases."
"PRSS3","16353136","-","Department of Obstercis and Gynaecology, Prince of Wales Hospital, The Chinese University of Hong Kong, Hong Kong.","It is found to be differentially expressed by -4.53 fold in atleast two-third of cervical cancer cases."
"PSMB9","16353136","-","Department of Obstercis and Gynaecology, Prince of Wales Hospital, The Chinese University of Hong Kong, Hong Kong.","It is found to be differentially expressed by 2.85 fold in atleast two-third of cervical cancer cases."
"PTEN","15196854","Methylation","Department of Obstetrics and Gynaecology, Prince of Wales Hospital.","Hypermethylation of the promoter region of PTEN and loss of expression has been observed to be early events in the development of cervical cancer.PTEN promoter methylation is detected in 40% and 58% of CIN-H and SCC specimen."
"PTEN","16928264","Methylation","-","Incidence of hypermethylation for DAPK, MGMT, p16 and PTEN in cervical cancer was 56.7%, 25.2%, 16.5% and 15.7% respectively"
"PTGS2","19723044","Overexpression","-","Higher COX-2 expression is found in high garde lesions(CIN 2,3) than in low grade lesions (CIN 1). However, the difference is not statistically significant."
"PTGS2","18565574","Overexpression","-","COX2 expression in normal cervix, low grade CIN, high grade CIN and SCC are 7.7%, 39.3%, 80% and 100% respectively"
"PTGS2","12829126","Upregulation","-","Increased expression of PTGS-2 (or COX2) has identified patients with a worse prognosis in cancer of the cervix."
"PTGS2","19836124","Overexpression","Departmen of Obstetrics and Gynecology, Yonsei University Health System, Seoul, Korea","COX2 expression is observed in 73% (17 of 23 cases) of stage IIB cervical adenocarcinoma."
"PTGS2","15589597","Methylation","Department of Obstertics and Gynecology, Seoul national University Hospital.","Frequency of methylation of this gene is found to be 14.6%."
"PTK6","16353136","-","Department of Obstercis and Gynaecology, Prince of Wales Hospital, The Chinese University of Hong Kong, Hong Kong.","It is found to be differentially expressed by -2.9 fold in atleast two-third of cervical cancer cases."
"PTPN6","19836067","Methylation","Chonnam National University Hwasun Hospital","The trend of methylation of this gene is increasing with increasing severity of cervical squamous lesions (p<0.001)."
"PTTG1","18191186","Overexpression","Academic Medical Center, Amsterdam","PTTG1 is highly expressed in various tumors including cervical cancers."
"PWP2H","16450401","Upregulation","Chang Gung Memorial Hospital","It is found to be expressed upregulated by 4.28 fold change in squamous carcinoma as compared to adenocarinoma (p<0.0001)."
"RAF1","17306351","Overexpression","Clinic of Obstetrics and Gynaecology at the Medical University of Vienna, Austria.","RAF1 protoncogene showed a 6.75 fold higher increase  in malignant cervical squamous cells "
"RALY","18506748","Overexpression","Columbia University Medical Center (CUMC), NewYork.","This gene is overexpressed as a consequence of chromosome 20q gain and amplification in cervical cancer. And overexpressed as 3.2 fold on comparison between normal cervical squamous epithelium and tumors with chromosome 20 and 20q gain. "
"RAPGEF3","16353136","-","Department of Obstercis and Gynaecology, Prince of Wales Hospital, The Chinese University of Hong Kong, Hong Kong.","It is found to be differentially expressed by -3.18 fold in atleast two-third of cervical cancer cases."
"RARA","10389939","Downregulation","Department of Pathology, University of Texas, M.D. Anderson Cancer Research Centre","RARA is referred to have reduced expression by 55.8% in CIN lesions as compared to normal cell "
"RARB","17548682","Methylation","University of Dakar, Senegal","It is reported to be hypermethylated and thus it can be a potential and sensitive molecular marker in urine samples from women with ICC or CIN-2,3/CIS. RARB is methylated in 40% of ICC and 4% of CIN2-3/CIS."
"RARB","12773202","Methylation","Instituto Nacional de Cancerologia, Colombia and Department of Obstetrics and Gynecology of Friedrich Schiller University, Jena, Germany","The frequency of methylation of RARB gene promoter is 33.3%."
"RARB","17971771","Methylation","VU University Medical Center in Amerstdam","RARB is significantly methylated in both squamous cell carcinoma and adenocarcinoma cells."
"RARB","17467893","Methylation","Samsung Medical School, Seoul, Korea","The high frequency of promoter hypermethylation in cervical carcinoma suggests that they play a role in the development of cervical squamous cell carcinoma. The frequency of hypermethylation for RARB in cervical carcinoma have been reported to be 33-60%."
"RARB","14760078","Methylation","Department of Obsterics and Gynecology, Innsbruck University Hospital.","Aberrant methylation of CpG island within the promoter regions. "
"RARB","10389939","Downregulation","Department of Pathology, University of Texas, M.D. Anderson Cancer Research Centre","RARB is referred to have reduced expression by 64.7% in CIN lesions as compared to normal cell "
"RARB","11297252","Methylation","Parkland Health and Hospital System, Dallas, Texas.","The methylation RARB gene is an early event in cervical cancer."
"RARB","12702579","Methylation","Anatomical Pathology Department of the City of Hope National Medical Center.","Aberrant methylation of CpG island within the promoter regions has been observed in the 25-50% of the tumors. . "
"RARB","15713962","Methylation","Community Health Clinic in Dakar, Senegal.","The frequency of hypermethylation of RARB increased statistically significantly with increasing severity of neoplasia present in the cervical biopsy (P<0.001)"
"RARB","16736496","Methylation","Clinic of the University Medical Center Groningen.","RARB promoter methylation was significantly more methylated in cancers than control"
"RARB","19836067","Methylation","Chonnam National University Hwasun Hospital","The trend of methylation of this gene is increasing with increasing severity of cervical squamous lesions (p<0.001)."
"RARG","10389939","Downregulation","Department of Pathology, University of Texas, M.D. Anderson Cancer Research Centre","RARG is referred to have reduced expression by 54.9% in CIN lesions as compared to normal cell "
"RARRES3","15047212","Upregulation","Department of Obsterics and Gynecology, University of Korea.","It is found to be expressed upregulated by 3.9 fold change in cervical cancer."
"RASSF1","17971771","Methylation","VU University Medical Center in Amerstdam","RASSF1A is significantly more frequently methylated in adenocarcinomas with 37.5% frequency."
"RASSF1","18608185","Methylation","Department of Gynecology, JawaharLal Nehru Medical College and Hospital, Aligarh","Aberrant methylation of RASSF1A gene is found in 35% of cases of cervix cancer."
"RASSF1","19469170","-","Department of Pathology of Cancer Hospital, Shanxi.","Microsatellite alterations of RASSF1A gene is significant for cervical cancer. RASSF1A gene change is a relatively late event in cervical carcinoma. "
"RASSF1","17360030","Methylation","National Cancer Center, Korea and Cheil Hospital, Korea","Genetic or epigenetic alteration in RAS pathway including a mutation in RASSF1A methylation has been reported to play an important role in cervical cancer development."
"RASSF1","15612586","Methylation","Division of Pathological Anatomy of Human Tumors of Blokhin Cancer Research Center, Russian Academy of Medical Sciences.","RASSF1A gene is methylated in in genesis of tumor of cervical  and its expression level increses with tumor progression"
"RASSF1","12912945","Methylation","Samsung Cheil Hospital, Seoul, Korea","Hypermethylation of the RASSF1A promoter region is common in adenocarcinoma of the uterine cervix and rare in squamous carcinoma of uterine cervix. And methylation of promoter has been found in 45% of AC>"
"RASSF1","12702579","Methylation","-","Presence of HPVs in cervical carcinoma may alleviate the requirement for RASSF1A inactivation, a tumor suppressor gene. RASSF1A promoter is methylated in 10% of squamous cell carcinomas, 21% of adenocarcinoma and 24% of cervical adenocarcinoma."
"RASSF1","12673680","Methylation","-","Hypermethylation of tumor suppressor gene RASSF1A occurs in cervical cancer in which concomitant loss of heterozygosity at 3p21 is common.Hypermethylation of RASSF1A is detected in 30% of SCC and 12% of AC."
"RASSF1","16331610","Methylation","Gynecologic Oncology Division of Seoul National University Hospital","This gene is more methylated in AC than SCC (9.7%,P=0.008)"
"RASSF1","17097722","Methylation","Tri-Service General Hospital, Taiwan","In AC, the promoter of RASSF1A is hypermethylated in 26.1% of patients, which indicates that RASSF1A hypermethylation may play an essential role in cervical adenocarcinoma."
"RASSF1","15948711","Methylation","-","There is an inverse correlation between methylation of RASSF1A and HPV."
"RASSF1","19836067","Methylation","Chonnam National University Hwasun Hospital","The trend of methylation of this gene is increasing with increasing severity of cervical squamous lesions (p<0.001)."
"RASSF1","15589597","Methylation","Department of Obstertics and Gynecology, Seoul national University Hospital.","Frequency of methylation of this gene is found to be 12.2%."
"RASSF1","17097722","Methylation","-","The RASSF1A was methylated in 15% of SCC, 17.5% of HSIL, but not in LSIL or normal tissues (P<0.001). In AC, 43.5% of patients showed BLU methylation and 26.1% RASSF1A methylation"
"RASSF1","12773202","Methylation","-","high frequency of promoter methylation in CDH1, DAPK, RARB, and HIC1 genes"
"RBL1","18813814","Downregulation","Department of Obsterics and Gynaecology of the University Hospital of Heraklion, Crete","This gene is found to be upregulated 97%,88% and 73% in tumors,HSIL and LSIL cases."
"RBL2","18813814","Upregulation","Department of Obsterics and Gynaecology of the University Hospital of Heraklion, Crete","This gene is found to be upregulated in cervical cancer in 80% of cases."
"RBP1","18217980","Upregulation","Department of Obstertics and Gynecology, Kora University Anam Hospital, Seoul, Soth Korea","This gene is found to be twofold or more upregulated in the invasive cervical cancer compared with the CIS. "
"RCL1","17054780","Upregulation","Health Enterprise Rikshopitalet-Radium Hospitalet","This gene is differently upregulated by 1.21 in node positive tumors than node negative cervical tumors."
"RGS1","16353136","Upregulation","Department of Obstercis and Gynaecology, Prince of Wales Hospital, The Chinese University of Hong Kong, Hong Kong.","RGS1 is upregulated in late stage cancer, and contribute to a better understanding of progression of cervical tumors and facilitate prediction of their metastatic potential. "
"RHCG","16353136","-","Department of Obstercis and Gynaecology, Prince of Wales Hospital, The Chinese University of Hong Kong, Hong Kong.","It is found to be differentially expressed by -3.19 fold in atleast two-third of cervical cancer cases."
"RNASEN","18559093","Upregulation","Columbia University Medical Center (CUMC), NewYork.","This gene is upregulated 2.8 fold and overexpressed as a consequence of chromosome 5p gain in cervical cancer."
"RNF114","18506748","Overexpression","Columbia University Medical Center (CUMC), NewYork.","This gene is overexpressed as a consequence of chromosome 20q gain and amplification in cervical cancer. And overexpressed as 2.8 fold on comparison between normal cervical squamous epithelium and tumors with chromosome 20 and 20q gain. "
"RPL37","17543121","Upregulation","Vancouver General Hospital Women's Clinic, Vancouver Hospital & Health Science Centre.","It exhibited increased expression in CIN III(z>-1.96)"
"RPL39L","16353136","-","Department of Obstercis and Gynaecology, Prince of Wales Hospital, The Chinese University of Hong Kong, Hong Kong.","This gene is upregulated in cancer cells"
"RPRM","15700311","Methylation","University of Texas Southwestern Medical Center.","Reprimo methylation was detected in cervical cancer with frequency less than 20%"
"RPS19","15771902","-","-","The significant changes in expression may lead to malignant epithelial lesions of the uterine cervix."
"RPSA","16514834","Upregulation","S. Orsola Malpighi Hospital, Bologna and Maggiore Hospital, University of Trieste, Trieste","Upregulated 67LR expression is significantly orchestrated by mechanisms independent of HR_HPV oncoproteins, which seems to be more closely associated with integrin-type laminin receptors."
"RPSA","20233419","Upregulation","-","It is upregulated in cancer and its expression is positively correlated with metastasis and the aggressiveness of tumor cells in cervical carcinoma."
"RRAD","16434596","Methylation","Dakar, Senegal","This gene has been found to be hypermethylated in in a high proportion of invasive cervical cancer clinical samples"
"RRAD","18559093","Upregulation","Columbia University Medical Center (CUMC), NewYork.","This gene is upregulated 3.2 fold and overexpressed as a consequence of chromosome 5p gain in cervical cancer."
"RRAS","16862428","-","-","Oncogenic R-Ras has a central role in cancer progression towards a metastatic phenotype, through the activation of the PI-3K/Akt/mTOR signalling pathway."
"RRAS","12548599","-","-","RRAS promotes tumor growth of cervical epithelial cells and increases their migration potential over collagen through a pathway that involves PI-3K."
"RRM2","16353136","-","Department of Obstercis and Gynaecology, Prince of Wales Hospital, The Chinese University of Hong Kong, Hong Kong.","It is found to be differentially expressed by 2.89 fold in atleast two-third of cervical cancer cases."
"RTN3","15047212","Downregulation","Department of Obsterics and Gynecology, University of Korea.","It is found to be expressed downregulated by -2.1 fold change in cervical cancer."
"RUNX1","16353136","-","Department of Obstercis and Gynaecology, Prince of Wales Hospital, The Chinese University of Hong Kong, Hong Kong.","It is found to be differentially expressed by -3.29 fold in atleast two-third of cervical cancer cases."
"RUNX3","14968123","Methylation","Department of Pathology, Seoul National University Hospitla.","RUNX3 methylation is detected in cases with uterine cervical cancer (2.5%,n=40)."
"S100A10","16353136","-","Department of Obstercis and Gynaecology, Prince of Wales Hospital, The Chinese University of Hong Kong, Hong Kong.","It is found to be differently expressed by -3.8 fold in two-third of cervical cancer cases"
"S100A7","16353136","-","Department of Obstercis and Gynaecology, Prince of Wales Hospital, The Chinese University of Hong Kong, Hong Kong.","It is found to be differential expressed in non-HPV-16 infected case"
"S100A8","15047212","Upregulation","Department of Obsterics and Gynecology, University of Korea.","It is found to be expressed upregulated by 76.6 fold change in cervical cancer."
"S100A8","19957061","Downregulation","-","Decreased expression of S100A8 in human cervical squamous cell carcinoma has been reported."
"S100A9","16450401","Upregulation","Chang Gung Memorial Hospital","It is found to be expressed upregulated by 12.19 fold change in squamous carcinoma as compared to adenocarinoma (p<0.0001)."
"S100A9","19007971","Upregulation","-","It is found to be upregulated in cervical carcinoma, which is confirmed by immunohistochemistry and Western Blotting."
"S100P","16450401","Upregulation","Chang Gung Memorial Hospital","It is found to be expressed upregulated by 3.95 fold change in adenocarcinoma as compared to squamous cell carcinoma (p<0.0001)."
"SAA1","18217980","Upregulation","Department of Obstertics and Gynecology, Kora University Anam Hospital, Seoul, Soth Korea","This gene is found to be twofold or more upregulated in the invasive cervical cancer compared with the CIS. "
"SCAMP1","18191186","-","Academic Medical Center, Amsterdam","This gene showed differential expression between tumor samples from patients with and without lymph node metastasis. Mean accuracy class prediction is 64.5% with a 95% confidence interval (CI) of 40-90%."
"SCD","18217980","Upregulation","Department of Obstertics and Gynecology, Kora University Anam Hospital, Seoul, Soth Korea","This gene is found to be twofold or more upregulated in the invasive cervical cancer compared with the CIS. "
"SCEL","16353136","-","Department of Obstercis and Gynaecology, Prince of Wales Hospital, The Chinese University of Hong Kong, Hong Kong.","It is found to be differentially expressed by -5.13 fold in atleast two-third of cervical cancer cases."
"SDC1","10600292","-","Turku University Central Hospital ","Syndecan-1 expression is associated with the grade of differentiation (p=0.03) and squamous histology (p<0.001) but not associated with clinical stage (p=0.16)or disease free survival (p=0.86)."
"SDHA","18559093","Upregulation","Columbia University Medical Center (CUMC), NewYork.","This gene is upregulated 3.4 fold and overexpressed as a consequence of chromosome 5p gain in cervical cancer."
"SEMG2","16450401","Upregulation","Chang Gung Memorial Hospital","It is found to be expressed upregulated by 2.55 fold change in adenocarcinoma as compared to squamous cell carcinoma (p=0.003)."
"SEPP1","15047212","Upregulation","Department of Obsterics and Gynecology, University of Korea.","It is found to be expressed upregulated by 8.0 fold change in cervical cancer."
"SERPINA3","18217980","Upregulation","Department of Obstertics and Gynecology, Kora University Anam Hospital, Seoul, Soth Korea","This gene is found to be twofold or more upregulated in the invasive cervical cancer compared with the CIS. "
"SERPINB5","15731774","Downregulation","Department of Pathology, Women and Infants Hospital","A significant decrease in mapsin was noted between cervical intraepithelial neoplasia grade 3 vs invasive squamous cell (p<0.005); microinvasive squamous cell carcinoma vs invasive squamous cell carcinoma (p<0.05), cervical intraepithelial neoplasia grade 3 vs tumor emboli (p<0.005)."
"SFN","16450401","Upregulation","Chang Gung Memorial Hospital","It is found to be expressed upregulated by 2.23 fold change in squamous carcinoma as compared to adenocarinoma (p<0.0001)."
"SFRP1","16434596","Methylation","Dakar, Senegal","This gene has been found to be hypermethylated in in a high proportion of invasive cervical cancer clinical samples (86.4%) and therefore has been suggested as a therapeutic target"
"SFRP1","19513747","Methylation","Tri-Service General Hospital, Taipei, Taiwan.","The frequency of this gene promoter hypermethylation In adenocarcinoma of cervix samples is 52.2% (p<0.001)."
"SFRP1","19038436","Methylation","Tri-Service General Hospital, Taipei, Taiwan.","This gene is hypermethylated in 33.9% of SCC, 8.2% of HSIL, 2.2% of LSIL but not in normal tissues."
"SFRP2","19513747","Methylation","Tri-Service General Hospital, Taipei, Taiwan.","The frequency of this gene promoter hypermethylation In adenocarcinoma of cervix samples is 82.6% (p<0.001)."
"SFRP2","19038436","Methylation","Tri-Service General Hospital, Taipei, Taiwan.","This gene is hypermethylated in 80.7% of SCC, 16.3% of HSIL, 15.6% of LSIL 4.4% in normal tissues."
"SFRP4","19513747","Methylation","Tri-Service General Hospital, Taipei, Taiwan.","The frequency of this gene promoter hypermethylation In adenocarcinoma of cervix samples is 65.2% (p<0.001)."
"SFRP4","19038436","Methylation","Tri-Service General Hospital, Taipei, Taiwan.","This gene is hypermethylated in 67.9% of SCC, 36.7% of HSIL, 4.4% of LSIL but not in normal tissues."
"SFRP5","19513747","Methylation","Tri-Service General Hospital, Taipei, Taiwan.","The frequency of this gene promoter hypermethylation In adenocarcinoma of cervix samples is 73.9% (p<0.001)."
"SFRP5","19038436","Methylation","Tri-Service General Hospital, Taipei, Taiwan.","This gene is hypermethylated in 10.1% of SCC, 4.1% of HSIL, 13.3% of LSIL and 4.4% in normal tissues."
"SIPA1","19906411","Polymorphism","Washington University School of Medicine and Siteman Cancer Center","Polymorphism in SIPA1 (rs931127) is associated with increased risk of nodal metstases in early stage cervical cancer"
"SIX1","18398830","Overexpression","-","Molecular alteration of this gene leads to cancer progression"
"SKP2","18559093","Upregulation","Columbia University Medical Center (CUMC), NewYork.","This gene is upregulated 3.6 fold and overexpressed as a consequence of chromosome 5p gain in cervical cancer."
"SLC3A2","15047212","Downregulation","Department of Obsterics and Gynecology, University of Korea.","It is found to be expressed downregulated by -3.2 fold change in cervical cancer."
"SLC7A6OS","17054780","Downregulation","Health Enterprise Rikshopitalet-Radium Hospitalet","This gene is differently downregulated by 0.82 in node positive tumors than node negative cervical tumors."
"SLURP1","16353136","-","Department of Obstercis and Gynaecology, Prince of Wales Hospital, The Chinese University of Hong Kong, Hong Kong.","Differentially expressed genes by -11.36 fold In atleast two-third of cervical cancer"
"SMAD2","12894231","Downregulation","Sri Avittam Hospital, Thrivunanthapuram","It appears that Smad2 expression is reduced in SCCs and SILs of human cervical cacner"
"SMAD4","12894231","Downregulation","Sri Avittam Hospital, Thrivunanthapuram","In SCC samples, 30% showed loss of expression of Smad4 ."
"SOCS1","15021916","-","-"," SOCS1 interacts with HPV E7 protein and induces ubiquitination and degradation of E7 in a SOCS-boxdependent manner. Thus it suppresses proliferation of HPV infected cells and could be a new therapeutic tool for HPV mediated tumors."
"SOX1","18398837","Methylation","Tri-Service General Hospital, Taipei, Taiwan.","This gene is more methylated in SCC tissue 81.5% than in their normal control (p<0.0001)"
"SOX1","20564139","Methylation","National Defense Medical Centre,Taipei, Taiwan.","The percentage of methylation reference (PMR) of this gene is significantly higher in CIN3, and worse (CIN3+) lesions than the PMRs in specimens of normal cervix and CIN1 or CIN2(P<0.001)."
"SP100","16353136","Downregulation","Department of Obstercis and Gynaecology, Prince of Wales Hospital, The Chinese University of Hong Kong, Hong Kong.","It is found to be differentially expressed by -2.77 fold in atleast two-third of cervical cancer cases."
"SP100","17306351","Downregulation","Clinic of Obstetrics and Gynaecology at the Medical University of Vienna, Austria.","This protoncogene showed lower expression by 0.28 fold level in malignant HR-HPV(-)cervical squamous cells "
"SPA17","15047212","Downregulation","Department of Obsterics and Gynecology, University of Korea.","It is found to be expressed downregulated by -2.0 fold change in cervical cancer."
"SPARC","19225617","Methylation","-","Methylation of two CpG island clusters located in promoter of secreted protein, acidic , cysteine rich (SPARC) gene are highly correalted with the incidence of invasive cervical cancer"
"SPARC","20208141","Methylation","Pathology Archives of the University Medical Center Groningen (UMCG).","Methylation frequency of SPARC increases with severity of the cervical lesion. "
"SPARC","16434596","Methylation","Dakar, Senegal","This gene has been found to be hypermethylated in in a high proportion of invasive cervical cancer clinical samples (86.4%) and therefore has been suggested as a therapeutic target"
"SPARC","15047212","Upregulation","Department of Obsterics and Gynecology, University of Korea.","It is found to be expressed upregulated by 13.3 fold change in cervical cancer."
"SPARC","18181097","Methylation","Johns Hopkins Hospital.","Methylation of this gene was detected in 19(48.7%) of 39 HSIL Pap tests compared with 10(16.7%) of 60 combined NILM/LSIL Pap tests."
"SPINK5","16353136","-","Department of Obstercis and Gynaecology, Prince of Wales Hospital, The Chinese University of Hong Kong, Hong Kong.","It is found to be differently expressed by -5.59 fold in two-third of cervical cancer cases"
"SPP1","17306351","Overexpression","Clinic of Obstetrics and Gynaecology at the Medical University of Vienna, Austria.","This protoncogene showed a 6.81 fold higher in malignant HR-HPV(-)cervical squamous cells "
"SPP1","16353136","Overexpression","Department of Obstercis and Gynaecology, Prince of Wales Hospital, The Chinese University of Hong Kong, Hong Kong.","SPP1 has a 10.08-fold increased expression in cervical cancer when compared to normal control"
"SPP1","18217980","Upregulation","Department of Obstertics and Gynecology, Kora University Anam Hospital, Seoul, Soth Korea","This gene is found to be twofold or more upregulated in the invasive cervical cancer compared with the CIS. "
"SPRR1A","16353136","-","Department of Obstercis and Gynaecology, Prince of Wales Hospital, The Chinese University of Hong Kong, Hong Kong.","It is found to be differentially expressed by -3.44 fold in atleast two-third of cervical cancer cases."
"SPRR1B","10389939","Downregulation","Department of Pathology, University of Texas, M.D. Anderson Cancer Research Centre","Cornifin is referred to have reduced expression by 88.5% in CIN lesions as compared to normal cell "
"SPRR1B","16450401","Upregulation","Chang Gung Memorial Hospital","It is found to be expressed upregulated by 19.24 fold change in squamous carcinoma as compared to adenocarinoma (p<0.0001)."
"SPRR2A","15047212","Upregulation","Department of Obsterics and Gynecology, University of Korea.","It is found to be expressed upregulated by 56.5 fold change in cervical cancer."
"SPRR2B","16353136","-","Department of Obstercis and Gynaecology, Prince of Wales Hospital, The Chinese University of Hong Kong, Hong Kong.","It is found to be differentially expressed by -3.86 fold in atleast two-third of cervical cancer cases."
"SPRR3","16353136","-","Department of Obstercis and Gynaecology, Prince of Wales Hospital, The Chinese University of Hong Kong, Hong Kong.","It is found to be differentially expressed by -3.48 fold in atleast two-third of cervical cancer cases."
"ST14","14584072","Overexpression","Gynecologic Oncology Division and Pathology Department University of Arkansas for Medical Sciences","Expression of TADG15 was found in 6 of 6 (100%) primary squamous cell cervical carcinoma, whereas 2 of 5 (40%) primary adenocarcinomas expressed TADG15."
"STARD10","16450401","Upregulation","Chang Gung Memorial Hospital","It is found to be expressed upregulated by 2.36 fold change in adenocarcinoma as compared to squamous cell carcinoma (p<0.0001)."
"STAT1","17306351","Overexpression","Clinic of Obstetrics and Gynaecology at the Medical University of Vienna, Austria.","It's overexpressed in cervical squamous cell carcinoma. Its expression in HPV (-) is  increased by 7.80 fold as compared to HPV(+) samples."
"STAT1","15771902","Overexpression","-","STAT1 protoncogene showed a 7.8 fold higher increase  in malignant cervical squamous cells "
"STAT3","10853013","-","-","Stat3 is highly phosphorylated in some human papilloma virus-negative cervical cancer cells"
"STAT3","19421717","Overexpression","Post Graduate Institute of Medical Education and Research, Chandigarh.","Significant level of STAT3 mRNA expression has been found in cervical cancer cases as compared to normal controls (p=0.0001). Also a significant correlation of STAT3 expression has been established with in cases infected with HPV.  "
"STAT3","17311011","-","-","Stat3 phosphorylation at Y705 is elevated in cervical cancer tissues and STAT3 pathway has been shown to participate in oncogenesis."
"STAU1","15047212","Downregulation","Department of Obsterics and Gynecology, University of Korea.","It is found to be expressed downregulated by -2.1 fold change in cervical cancer."
"STK11","19340305","Mutation","-","At least 20% of cervical cancers harbor somatically acquired mutations in the LKB1 tumor suppressor. "
"STK11","19724060","Mutation","-","LKB1 (STK11) is somatically mutated in 20% of cervical carcinoma."
"STK31","18217980","Upregulation","Department of Obstertics and Gynecology, Kora University Anam Hospital, Seoul, Soth Korea","This gene is found to be twofold or more upregulated in the invasive cervical cancer compared with the CIS. "
"STX16","18506748","Overexpression","Columbia University Medical Center (CUMC), NewYork.","This gene is overexpressed as a consequence of chromosome 20q gain and amplification in cervical cancer. And overexpressed as 2.6 fold on comparison between normal cervical squamous epithelium and tumors with chromosome 20 and 20q gain. "
"SULF1","20084279","Polymorphism","Guanacaste cohort, Costa Rica","The most significant SNP of this gene (rs4737999) is associated with CIN3/cancer (p<0.001).And this gene is associated with HPV persistence."
"SULT2B1","16353136","-","Department of Obstercis and Gynaecology, Prince of Wales Hospital, The Chinese University of Hong Kong, Hong Kong.","It is found to be differentially expressed by -2.52 fold in atleast two-third of cervical cancer cases."
"SYCP2","18618715","Upregulation","Department of Obstertics and Gynaecology, University Medical Center, Amsterdam.","It is upregulated in cancer and shown to be associated with HPV infection. SYCP2 also increased in SCCs."
"SYK","15713962","Methylation","-","Hypermethylation of this gene is associated with CIN-3/CIS and ICC."
"TARS","18559093","Upregulation","Columbia University Medical Center (CUMC), NewYork.","This gene is upregulated 3.2 fold and overexpressed as a consequence of chromosome 5p gain in cervical cancer."
"TBC1D1","15047212","Upregulation","Department of Obsterics and Gynecology, University of Korea.","It is found to be expressed upregulated by 4.0 fold change in cervical cancer."
"TBX3","17054780","Downregulation","Health Enterprise Rikshopitalet-Radium Hospitalet","This gene is differently downregulated by 0.74 in node positive tumors than node negative cervical tumors."
"TCEA2","18506748","Overexpression","Columbia University Medical Center (CUMC), NewYork.","This gene is overexpressed as a consequence of chromosome 20q gain and amplification in cervical cancer. And overexpressed as 3.1 fold on comparison between normal cervical squamous epithelium and tumors with chromosome 20 and 20q gain. "
"TERT","19513524","Methylation","Colposcopy Unit of University Hospital of Larissa; Greece.","hTERT promoter methylation is detected in 26.6% of normal cases, 46.2% of premalignant cases and 65.6% of cancer cases."
"TERT","14760078","Methylation","Department of Obsterics and Gynecology, Innsbruck University Hospital.","Aberrant methylation of CpG island within the promoter regions, methylation is significantly more than other genes. "
"TFF3","16450401","Upregulation","Chang Gung Memorial Hospital","It is found to be expressed upregulated by 6.06 fold change in adenocarcinoma as compared to squamous cell carcinoma (p=0.002)."
"TFPI2","20208141","Methylation","Pathology Archives of the University Medical Center Groningen (UMCG).","Methylation frequency of TFP12 increases with severity of the cervical lesion. "
"TFPI2","19225617","Methylation","-","Methylation of two CpG island clusters located in promoter of tissue factor pathway inhibitor 2 (TFPI2) gene are highly correalted with the incidence of invasive cervical cancer."
"TFPI2","16434596","Methylation","Dakar, Senegal","This gene has been found to be hypermethylated in in a high proportion of invasive cervical cancer clinical samples (86.4%) and therefore has been suggested as a therapeutic target"
"TFPI2","19843677","Methylation","University Medical Center, Groningen.","Promoter methylation of this is gene is more frequently in cervical cancers than normal cells (P=0.001)"
"TFPI2","18181097","Methylation","Johns Hopkins Hospital.","Methylation of this gene was detected in 9(23.1%) of 39 HSIL Pap tests compared with 2(3.3%) of 60 combined NILM/LSIL Pap tests."
"TFRC","16353136","-","Department of Obstercis and Gynaecology, Prince of Wales Hospital, The Chinese University of Hong Kong, Hong Kong.","It is found to be modified in cervical cancer"
"TFRC","18217980","Upregulation","Department of Obstertics and Gynecology, Kora University Anam Hospital, Seoul, Soth Korea","This gene is found to be twofold or more upregulated in the invasive cervical cancer compared with the CIS. "
"TGFA","17306351","Overexpression","Clinic of Obstetrics and Gynaecology at the Medical University of Vienna, Austria.","This protoncogene showed a 2.05 fold higher in malignant HR-HPV(+)cervical squamous cells "
"TGFB1","15771902","Downregulation","-","TGFB1 gene showed a  decreased expressionin malignant squamous cells."
"TGFB1","17306351","Downregulation","Clinic of Obstetrics and Gynaecology at the Medical University of Vienna, Austria.","It is found to be differentially down regulated by 0.28 fold in HR-HPV (-) squamous cell cervical cancer."
"TGFB1","19911703","Polymorphism","-","Role of TGF-beta1 (-509C>T) promoter polymorphism in susceptibility to cervical cancer."
"TGFB1","10389939","Downregulation","Department of Pathology, University of Texas, M.D. Anderson Cancer Research Centre","TGFB1 is referred to have reduced expression by 89.7% in CIN lesions as compared to normal cell "
"TGFB1","15797633","-","Department of Obstertics and Gynecology of University Hospital of Heraklion, Crete","TGFB1 transcript level is significantly different in the normal, CIN and cancer specimen (p=0.001)."
"TGFB2","10389939","Downregulation","Department of Pathology, University of Texas, M.D. Anderson Cancer Research Centre","TGFB2 is referred to have reduced expression by 85.7% in CIN lesions as compared to normal cell "
"TGFB2","18184435","Downregulation","-","Downregulation of transforming growth factor type II receptor protein and mRNA expression in cervical cancer"
"TGFB2","11301476","-","-","Inactivation of TbR-II(TGFB2) on chromosome 3p is involved in cervical carcinogenesis."
"TGFBR1","15797633","-","Department of Obstertics and Gynecology of University Hospital of Heraklion, Crete","TGFBR1 transcript level is significantly different in the normal, CIN and cancer specimen (p=0.008). TGFBR1 mRNA are observed in parallel with increased severity of the lesion."
"TGM3","16353136","-","Department of Obstercis and Gynaecology, Prince of Wales Hospital, The Chinese University of Hong Kong, Hong Kong.","It is found to be differentially expressed by -5.36 fold in atleast two-third of cervical cancer cases."
"THBD","16450401","Upregulation","Chang Gung Memorial Hospital","It is found to be expressed upregulated by 2.03 fold change in squamous carcinoma as compared to adenocarinoma (p=0.002)."
"THBS1","15000492","Downregulation","Department of Pathology, Chi Mei Foundation Hospital","TSP-1 mRNA is significnatly lower in advanced stage cervical cancer and is expression is of value as a prognostic factor in cervical cancer"
"THBS1","11445843","-","-","TSP-1 expression was significantly higher in tumors exhibiting cervical"
"THBS1","11555600","Downregulation","Department of Obsteterics and Gynecology Okayama University Medical School, Okayama, Japan","TSP1 mRNA expression is significantly lower in tumors charaterized by advanced stage (p=0.047)"
"THBS1","16331610","Methylation","Gynecologic Oncology Division of Seoul National University Hospital","This gene showed an high frequent methylation (40.3%)."
"THBS1","15589597","Methylation","Department of Obstertics and Gynecology, Seoul national University Hospital.","Frequency of methylation of THBS1 is found to be 37.8%."
"THBS2","11555600","Downregulation","Department of Obsteterics and Gynecology Okayama University Medical School, Okayama, Japan","Expression of TSP2 mRNA is significantly lower in tumors exhibited parametrial invasion (p=0.049)"
"TIMP1","15989693","Overexpression","National Center for Dysplasias, Mexico City","TIMP1 gene is found to be overexpressed in cervical cancer and and have been associated with invasive features of cancers."
"TIMP2","14712492","Methylation","Department of Radiosurgery of Russian Cancer Research Center","Aberrant methylation of 5'CpG island of the TIMP2 gene which is associated developmet of primary cervical tumors."
"TIMP2","10366463","Upregulation","Division of Gynecologic Oncology, Sheba Medical Center","TIMP2 mRNA level are found to be uregulated in invasive tumors, compared to both in situ lesions and control cervices.TIMP2 mRNA is corelated with advanced stage (P=0.002)"
"TIMP3","17971771","Methylation","VU University Medical Center in Amerstdam","TIMP3 is significantly more frequently methylated in adenocarcinomas with 62.5% frequency"
"TIMP3","16331610","Methylation","Gynecologic Oncology Division of Seoul National University Hospital","This gene showed anfrequency methylation in adenocarcioma (53.3%) than SCC>"
"TIMP3","14760078","Methylation","Department of Obsterics and Gynecology, Innsbruck University Hospital.","Aberrant methylation of CpG island within the promoter regions and significantly more methylated than others."
"TIMP3","16736496","Methylation","Clinic of the University Medical Center Groningen.","TIMP3 promoter methylation was significantly more methylated in cancers than control"
"TIMP3","15989693","Downregulation","National Center for Dysplasias, Mexico City","This gene is found to be downregulated in cervical cancer and and have been associated with invasive features of cancers."
"TIMP3","16803511","Methylation","Busan Paik Hospital, Inje University, Busan, South Korea. ","The frequencies of promoter methylation of p16, DAPK, CDH1, and TIMP-3 in cervical cancer were 57%, 44.9%, 52.6%, and 9%, respectively"
"TIMP3","15589597","Methylation","-","CpG island hypermethylation of this gene"
"TKTL1","18686341","Overexpression","Department of Pathology, University od Wurzburg.","Expression of TKTL1 increased significantly with the histopathological grade of cervical neoplasia, including LGSIL, HGSIL, and cervical cancer."
"TKTL1","19331662","Overexpression","-","TKTKL1 mRNA is specifically overexpressed in uterine cervix cancer clees compare with normal human endocervical epithelial cells (P<0.05)."
"TLR2","19541348","Polymorphism","-","TLR2 del allele showed significant asscoiation (p=0.048,OR=1.6[95%CI=1.00-2.51]) with cervical cancer susceptibility. TLR2 ins/del genotype showed strong association (p=0.015,OR=1.95[95%CI=1.14-3.33]) with tobacco usuage in women with cervical cancer. "
"TLR4","19541348","-","-","TL4 Thr/Ile genotype is found to be significantly associated with early stage (StageII) of cervical cancer (p=0.044, OR=2.51[95%CI=1.03-6.12])."
"TLR8","16353136","-","Department of Obstercis and Gynaecology, Prince of Wales Hospital, The Chinese University of Hong Kong, Hong Kong.","It is found to be differentially expressed by -3.21 fold in atleast two-third of cervical cancer cases."
"TMC6","20084279","Polymorphism","Guanacaste cohort, Costa Rica","The most significant SNP of this gene (rs9893818) is associated with CIN3/cancer (p<0.001). And associated with progression to CIN3/cancer."
"TMCO6","15047212","Downregulation","Department of Obsterics and Gynecology, University of Korea.","It is found to be expressed downregulated by -2.3 fold change in cervical cancer."
"TMEM132A","18217980","Upregulation","Department of Obstertics and Gynecology, Kora University Anam Hospital, Seoul, Soth Korea","This gene is found to be twofold or more upregulated in the invasive cervical cancer compared with the CIS. "
"TMPRSS11D","16353136","-","Department of Obstercis and Gynaecology, Prince of Wales Hospital, The Chinese University of Hong Kong, Hong Kong.","It is found to be differentially expressed by -3.17 fold in atleast two-third of cervical cancer cases."
"TMPRSS11E","16353136","-","Department of Obstercis and Gynaecology, Prince of Wales Hospital, The Chinese University of Hong Kong, Hong Kong.","It is found to be differentially expressed by -3.58 fold in atleast two-third of cervical cancer cases."
"TNF","17306351","Overexpression","Clinic of Obstetrics and Gynaecology at the Medical University of Vienna, Austria.","It's overexpressed in cervical squamous cell carcinoma. Its expression in HPV (+) is  increased by 3.15fold as compared to HPV(-) samples."
"TNFRSF10C","14999791","Methylation","UT Southwestern Medical Center, Dallas,TX.","Aberrant methylation of DcR1 or DcR2 was present in 70% of primary breast cancers, 31% of primary lung cancers, in 63% of primary malignant mesothelioma (MM), in 60% ofprostate cancer, in 42% of bladder cancer, in 100% of cervical cancer, in 43% of ovarian cancer, in 41% of lymphoma, in 26% of leukemia and in 56% of multiple myeloma"
"TOB1","16450401","Upregulation","Chang Gung Memorial Hospital","It is found to be expressed upregulated by 1.82 fold change in adenocarcinoma as compared to squamous cell carcinoma (p<0.0001)."
"TOP2A","15047212","Downregulation","Department of Obsterics and Gynecology, University of Korea.","It is found to be expressed downregulated by -3.1 fold change in cervical cancer."
"TOP2A","16990717","Overexpression","Pathology Departments of S. Orsola Malpighi Hospital, Bologna and Maggiore Hospital, University of Trieste","Top II a expression increased with increasing grade of CIN (p=0.0001) with most dramatic upregulation upon progression from CIN2 to CIn3 and peaking in SCC(OR 16.23;95% CI 7.89-33.38)."
"TOP2A","18191186","Overexpression","Academic Medical Center, Amsterdam","Inactivation of pRb by E7 binding may result in the marked overexpresion of the TOP2A gene as detected by gene expression profiling."
"TP53","10534770","-","Department of Pathology, Leiden University Medical Centre","TP53 is deregulated by the HPV-encoded E6 protein. Binding of E6 to TP53 results in TP53 degradation through the ubiquitin proteolysis pathway."
"TP53","19423538","Polymorphism","Guanacaste cohort, Costa Rica","Three common SNPs (rs12951053, rs1042522 and rs1642785) in TP53 are associated with risk of CIN3+ or HPV persistence with Ptrends of 0.05,0.002 and 0.04 respectively."
"TP53","18813814","Upregulation","Department of Obsterics and Gynaecology of the University Hospital of Heraklion, Crete","This gene is found to be upregulated 80%,69% and 64% in tumors,HSIL and LSIL cases."
"TP53","12657131","-","-","p53 is frequenlty expressed (75%, 21 of 28 cases) in small cell carcinomas of the cervix."
"TP53","15073118","Overexpression","Umea University Hospital, Sweden","p53 expression is increased gradually with progression of lesions. Its expression is high in CIN (63%; P<0.01) and in SCC 100%;P<0.05)"
"TP53","10999751","","-","p53 expression is detected in 28.6% in noninvasive squamous cell carcinoma and 69.6% of invasive squamous cell carcinoma (P<0.02)."
"TP53","20200430","-","-","The arginine peptide of TP53 codon 72 was overestimated in Caucasian families (p=0.043) and the significane of this finding was enhanced in a subgroup of women infected with HPV-16 and/or HPV 18 related HPVs (p=0.026)."
"TP73","17971771","Methylation","VU University Medical Center in Amerstdam","TP73 ismethylated with higher frequency of 87.5% in adenocarcinomas"
"TPX2","18506748","Overexpression","Columbia University Medical Center (CUMC), NewYork.","This gene is overexpressed as a consequence of chromosome 20q gain and amplification in cervical cancer. And overexpressed as 6.6 fold on comparison between normal cervical squamous epithelium and tumors with chromosome 20 and 20q gain. "
"TRA2A","16450401","Upregulation","Chang Gung Memorial Hospital","It is found to be expressed upregulated by 2.45 fold change in squamous carcinoma as compared to adenocarinoma (p=0.003)."
"TREM2","18217980","Upregulation","Department of Obstertics and Gynecology, Kora University Anam Hospital, Seoul, Soth Korea","This gene is found to be twofold or more upregulated in the invasive cervical cancer compared with the CIS. "
"TRIM29","16450401","Upregulation","Chang Gung Memorial Hospital","It is found to be expressed upregulated by 4.35 fold change in squamous carcinoma as compared to adenocarinoma (p<0.0001)."
"TRIP13","18559093","Upregulation","Columbia University Medical Center (CUMC), NewYork.","This gene is upregulated 5.0 fold and overexpressed as a consequence of chromosome 5p gain in cervical cancer."
"TSPAN3","16450401","Upregulation","Chang Gung Memorial Hospital","It is found to be expressed upregulated by 3.40 fold change in adenocarcinoma as compared to squamous cell carcinoma (p<0.001)."
"TUBB2","15047212","Downregulation","Department of Obsterics and Gynecology, University of Korea.","It is found to be expressed downregulated by -3.8 fold change in cervical cancer."
"TWIST1","17548682","Methylation","University of Dakar, Senegal","TWIST1 is hypermethylated and thus it can be a potential and a sensitive molecular marker in urine sample from cervical cancer patients. It is methylated in 32% of ICCand 4% of CIN2-3/CIS"
"TWIST1","15713962","Methylation","Community Health Clinic in Dakar, Senegal.","The frequency of hypermethylation of TWIST1  increased statistically significantly with increasing severity of neoplasia present in the cervical biopsy (P<0.001)"
"TWIST1","19836067","Methylation","Chonnam National University Hwasun Hospital","The trend of methylation of this gene is increasing with increasing severity of cervical squamous lesions (p<0.001)."
"TYK2","19007971","Overexpression","-","The expression of Tyk2 protein is detected in 18 of 20 SCC tissue and only in 2 of 20 matched normal cervical tissues."
"TYMS","16353136","Overexpression","Department of Obstercis and Gynaecology, Prince of Wales Hospital, The Chinese University of Hong Kong, Hong Kong.","TYMS is found to overexpressed and related to either cervical tumorigenesis or its progression."
"TYMS","18191186","Upregulation","Academic Medical Center, Amsterdam","This gene is found to be highly upregulated in cervical cancer "
"UFD1L","15047212","Downregulation","Department of Obsterics and Gynecology, University of Korea.","It is found to be expressed downregulated by -2.1 fold change in cervical cancer."
"UPK1A","16353136","-","Department of Obstercis and Gynaecology, Prince of Wales Hospital, The Chinese University of Hong Kong, Hong Kong.","It is found to be differentially expressed by -3.68 fold in atleast two-third of cervical cancer cases."
"VEGFA","12829126","Overexpression","-","VEGF is involved in the process of angiogenesis. Increased expression of VEGF has identified patients with a worse prognosis in cancer of the cervix. "
"VEGFA","16353136","-","Department of Obstercis and Gynaecology, Prince of Wales Hospital, The Chinese University of Hong Kong, Hong Kong.","VEGF is involved in tumourogensis or its progression"
"VEGFA","18565574","Upregulation","-","VEGF expression in normal cervix, low grade CIN, high grade CIN and SCC are 11.5%, 39.3%, 53.3% and 75% respectively"
"VEGFA","17306351","Overexpression","Clinic of Obstetrics and Gynaecology at the Medical University of Vienna, Austria.","It's overexpressed in cervical squamous cell carcinoma. Its expression in HPV (-) is  increased by 2.11 fold as compared to HPV(+) samples."
"VEGFA","15797633","-","Department of Obstertics and Gynecology of University Hospital of Heraklion, Crete","High Grade squamous intraepithelial lesions exhibited higher VEGF mRNA levels than low-grade lesions (p<0.0001)."
"VEGFB","15982726","-","-","Serum VEGFB levels are the highest in pre-therapy, early, advanced and persistent cervical cancer as well as in ovarian and endometrial cancer."
"VEGFC","15771902","Overexpression","-","It is implicated in angiogenesis and tumor cell invasion"
"VEGFC","20429915","Upregulation","Sun Yat-sen University, Guangzhou, China","VEGFC promoted cervical cancer metastasis by upregulation and activation of moesin protein through RhoA/ROCK2 pathway."
"VEGFC","15982726","-","-","VEGFC appear to be interrelated in cervical cancer contributing to the early malignant cell proliferation and lympho-vascular metastasis."
"VHL","17467893","Methylation","Samsung Medical School, Seoul, Korea","Methylation and loss of heterozygosity of the chromosome 3p gene have been reported from cervical carcinoma cell line."
"VHL","11448914","Methylation","Samsung Cheil Hospital, Seoul, Korea","Aberrant methylation of CpG island within the promoter regions in asscoiation with the loss of protein expression in cancer cells."
"VPS35","15047212","Downregulation","Department of Obsterics and Gynecology, University of Korea.","It is found to be expressed downregulated by -3.1 fold change in cervical cancer."
"VSIG4","16353136","-","Department of Obstercis and Gynaecology, Prince of Wales Hospital, The Chinese University of Hong Kong, Hong Kong.","It is found to be differentially expressed by -3.1 fold in atleast two-third of cervical cancer cases."
"VWF","17054780","Upregulation","Health Enterprise Rikshopitalet-Radium Hospitalet","This gene is differently upregulated by 1.35 in node positive tumors than node negative cervical tumors."
"WT1","18398837","Methylation","Tri-Service General Hospital, Taipei, Taiwan.","This gene is more methylated in SCC tissue 77.8% than in their normal control (p<0.0001)"
"XRCC1","19012493","Polymorphism","Guanacaste cohort, Costa Rica","Polymorphism in XRCCC1 Q399R are significantly associated with persistent HPV infection."
"YIF1A","15047212","Upregulation","Department of Obsterics and Gynecology, University of Korea.","It is found to be expressed upregulated by 3.5 fold change in cervical cancer."
"ZBED2","16353136","-","Department of Obstercis and Gynaecology, Prince of Wales Hospital, The Chinese University of Hong Kong, Hong Kong.","It is found to be differentially expressed by -3.43 fold in atleast two-third of cervical cancer cases."
"ZNF217","19007971","Overexpression","-","Inappropriate expression of Znf217 may lead to aberrant down-regulation of genes involved in limiting the proliferation, survival and/or invasiveness of cancer cells."
