"gene_name","gene_id","gene_desc","chromosome","aliases","int_protein"
"A2M","2","alpha-2-macroglobulin","12","CPAMD5;  FWP007;  S863-7;  DKFZp779B086;  A2M","ADAM19, ADAMTS1, AMBP, ANXA6, APOE, ATF7IP, B2M, C11orf58, CELA1, CTSB, CTSE, HSPA5, IL10, IL1B, KLK2, KLK3, LCAT, LEP, LRP1, LYZ, MMP2, MYOC, NGF, PAEP, PDGFA, PDGFB, SHBG, TGFBI, (Ca2+)"
"ACADVL","37","acyl-CoenzymeA dehydrogenase, very long chain","17","ACAD6; LCACD; VLCAD; ACADVL","ACADVL, ACADVL, (DNA)"
"ADAM9","8754","ADAM metallopeptidase domain 9","8","MCMP;  MDC9;  CORD9;  Mltng;  KIAA0021;  ADAM9","ITGA3, ITGA6, ITGAV, MAD2L2, PRKCD, SH3D19, SH3GLB1, SNX9, TNF, (DNA)"
"ADRM1","11047","adhesion regulating molecule 1","20","ARM1;  GP110;  Rpn13;  MGC29536;  ADRM1","DDI1, PSMD1, PSMD14, PSMD2, PSMD4, PSMD4, RAD23A, RAD23B, RPN1, RPN2, UBQLN1, UBQLN2, UCHL5, (DNA)"
"AEBP1","165","AE binding protein 1","7","ACLP; FLJ33612; AEBP1","TCF3, (DNA)"
"AHCY","191","adenosyl homo cysteinase","20","SAHH;  AHCY","AHCY, AHCY, (DNA)"
"AIM2","9447","absent in melanoma 2","1","PYHIN4;  AIM2","-"
"AKT1","207","v-aktmurine thymoma viral oncogene homolog1","14","AKT; PKB; RAC; PRKBA; MGC99656; PKB-ALPHA; RAC-ALPHA; AKT1","AHNAK, AKT1, AKT1, AKT1S1, AKT2, AKTIP, APLP2, APPL1, AR, ATXN1, BAD, BCL10, BCL2L11, BRAF, BRCA1, CAMKK1, CASP3, CASP9, CCDC88A, CDKN1A, CDKN1B, CHEK1, CHUK, CREB1, DLC1, EIF4EBP1, EP300, ESR1, ESR2, EZH2, FANCA, FOXO1, FOXO3, FOXO4, GAB2, GATA1, GATA2, GRB10, GSK3A, GSK3B, HIST2H2BE, HMOX1, HSP90AA1, HSP90AB1, HTT, IKBKB, ILK, IMPDH2, IRAK1, IRS1, ITGB3, KRT10, MAP2K4, MAP3K11, MAP3K5, MAP3K8, MAPK8IP1, MAPKAPK2, MDM2, MDM4, METTL1, MS4A2, MST1R, MTCP1, MTOR, NCF1, NOS3, NR4A1, PAK1, PDE3B, PDK2, PDPK1, PEA15, PFKFB2, PHB2, PIK3R1, PKN2, PLXNA1, PPARGC1B, PPL, PPM1A, PPP2CA, PRG2, PRKCQ, PRKCZ, PRKDC, PTEN, PTPN1, RAB3D, RAC1, RAF1, RHEBL1, RPS6KB1, S1PR1, SH2B2, SMAD2, SMAD3, SMAD4, SMAD7, SORBS2, SRC, STAT1, TCL1A, TCL1B, TCL6, TERT, THEM4, TNFSF11, TOPBP1, TRIB3, TSC1, TSC2, UXS1, VEGFA, WNK1, XIAP, YAP1, YBX1, YWHAZ, (DNA )"
"ALDH7A1","501","aldehyde dehydrogenase 7 family, member A1 ","5","EPD;  PDE;  ATQ1;  FLJ11738;  FLJ92814;  ALDH7A1","RECQL5, (Zinc Ion (Zn2+))"
"ALOX12","239","arachidonate12-lipoxygenase","17","12-LOX; 12S-LOX; LOG12; ALOX12","ITGB4, KAT5, KRT5, KRT85, LMNA, PLA2G2A, TRIB1, (Hyaluronate)"
"ALOX12B","242","arachidonate12-lipoxygenase,12Rtype","17","12R-LOX; ALOX12B","KRT5, LMNA, (DNA)"
"ANG","283","angiogenin, ribonuclease, RNase A family, 5","14","ALS9;  HEL168;  RNASE4;  RNASE5;  MGC22466;  MGC71966;  ANG","ACTC1, ACTN2, ATP6AP1, PTEN, RNH1, TDGF1, TNFSF8, (DNA)"
"ANLN","54443","anillin, actin binding protein","7","scra;  Scraps;  DKFZp779A055;  ANLN","SEPT7, (mRNA Methotrexate)"
"ANXA1","301","annexin A1","9","ANX1;  LPC1;  ANXA1","DYSF, EGFR, FPR1, KRT8, PRKCI, S100A11, SRC, TGM2, TRPM7, (DNA)"
"ANXA2","302","annexin A2","15","P36;  ANX2;  LIP2;  LPC2;  CAL1H;  LPC2D;  ANX2L4;  PAP-IV;  ANXA2","APOH, CD99, CDC42, CEACAM1, CTSB, DYSF, GRB2, LGALS13, LYPLA1, MAP3K4, MYOC, PHB, PLA1A, PLAT, PLG, PRKCA, PRKCB, S100A10, S100A4, S100A6, SRC, (DNA)"
"ANXA4","307","annexin A4","2","ANX4;  PIG28;  ZAP36;  MGC75105;  DKFZp686H02120;  ANXA4","GP2, (DNA)"
"ANXA8","653145","annexin A8","10","ANX8;  FLJ53095;  ANXA8","-"
"APC","324","adenomatous polyposiscoli","5","BTPS2; DP2; DP2.5; DP3; GS; APC","APC, APC, ARHGEF4, AXIN1, AXIN2, BUB1, CSNK1E, CTBP1, CTNNB1, DLGAP1, GSK3B, IQGAP1, JUP, KIFAP3, MAPRE1, MUC1, PPP2CA, PPP2R5A, PRKACA, PTPN13, RP1, SIAH1, TFAP2A, TUBA4A, (DNA)"
"APLP2","334","amyloid beta (A4) precursor-like protein 2","11","APPH;  APPL2;  CDEBP;  APLP2","AKT1, APBB1, APBB2, APBB3, APLP2, APLP2, CDK1, DAB1, HLA-A, PIK3CA, PRKCA, PRNP, (DNA)"
"APOC1","341","apolipoprotein C-I","19","APOC1","APOA2, APOC1, APOC1, (DNA)"
"APOD","347","apolipoprotein D","3","APOD","APOA2, GRINL1A, LEPR, (RNA Nitro oliec acid)"
"APOL2","23780","apolipoprotein L, 2","22","APOL3;  APOL-II;  APOL2","AR, (DNA)"
"AQP3","360","aquaporin 3 ","9","GIL;  AQP3","PLD2, (DNA)"
"ARHGAP12","94134","ARHGAP12 Rho GTPase activating protein 12 ","10","FLJ10971; FLJ20737; FLJ21785; FLJ45709; DKFZp779N2050; ARHGAP12","-"
"ARHGAP8","23779","Rho GTPase activating protein 8","22","PP610;  BPGAP1;  FLJ20185;  ARHGAP8","BNIP2, CTTN, RHOA, SH3GL1, (DNA)"
"ASXL1","171023","additional sex combs like 1 (Drosophila)","20","KIAA0978;  MGC71111;  MGC117280;  ASXL1","-"
"ATIC","471","5-aminoimidazole-4-carboxamide ribonucleotide formyltransferase/IMP cyclohydrolase","2","PURH;  AICAR;  AICARFT;  FLJ93545;  IMPCHASE;  ATIC","ATIC, ATIC, (ODC mRNA)"
"ATP9A","10079","ATPase, class II, type 9A","20","ATPIIA;  KIAA0611;  ATP9A","-"
"B4GALT5","9334","UDP-Gal:beta GlcNAc beta 1,4- galactosyltransferase, polypeptide 5","20","gt-V;  B4Gal-T5;  MGC138470;  beta4Gal-T5;  beta4GalT-V;  BETA4-GALT-IV;  B4GALT5","-"
"BAG1","573","BCL2-associatedathanogene","9","HAP; RAP46; BAG1","AR, BCL2, BCL2L1, ESR1, HBEGF, HSPA1A, HSPA1B, HSPA8, MET, NR3C1, PDGFRB, PPP1R15A, PSMD1, RAF1, RARA, RB1, SIAH1, STUB1, VDR, (Heparin Heparan sulfate)"
"BANF1","8815","barrier to autointegration factor 1","11","BAF;  BCRP1;  D14S1460;  MGC111161;  BANF1","BANF1, BANF1, CRX, EMD, TMPO, (DNA)"
"BASP1","10409","brain abundant, membrane attached signal protein 1","5","CAP23; NAP22; CAP-23; NAP-22; MGC8555; BASP1","-"
"BAT2L2","23215","HLA-B associated transcript 2-like 2","1","XTP2; BAT2D1; BAT2-iso; BAT2L2","-"
"BCL2","596","B-cellCLL/lymphoma2","18","Bcl-2; BCL2","ATP2A2, BAD, BAG1, BAG3, BAG4, BAK1, BAX, BBC3, BCAP31, BCL2, BCL2, BCL2L1, BCL2L10, BCL2L11, BCL2L14, BCLAF1, BECN1, BFAR, BID, BIK, BLK, BMF, BNIP1, BNIP2, BNIP3, BNIP3L, BNIPL, CASP3, CASP8, CDK2, CPT1A, CYCS, FKBP8, HRAS, HRK, HSPA1A, ITM2B, ITPR1, KRAS, MAPK1, MAPK11, MAPK14, MAPK3, MAPK8, MOAP1, MYC, NLRP1, NMT2, NR4A1, NRAS, PARP1, PIN1, PKMYT1, PMAIP1, PML, PPP1CA, PPP2CA, PPP2R5A, PPP3CA, PRKACA, PRKCA, PSEN1, PXN, RAD9A, RAF1, RRAS, RTN4, SF1, SMN1, SOD1, SPNS1, TMBIM6, TOMM20, TP53, TP53AIP1, TP53BP2, (DNA)"
"BCL2L1","598","BCL2-like 1","20","BCLX;  BCL2L;  BCLXL;  BCLXS;  Bcl-X;  bcl-xL;  bcl-xS;  BCL-XL/S;  DKFZp781P2092;  BCL2L1","ANTXR1, APAF1, AVEN, BAD, BAG1, BAK1, BAX, BBC3, BCAP31, BCL2, BCL2L1, BCL2L1, BCL2L10, BCL2L11, BCL2L12, BCL2L14, BCLAF1, BECN1, BID, BIK, BMF, BNIP1, BNIP3, BNIP3L, CAPN1, CASP1, CASP8, CASP9, CFLAR, CRYAA, CRYAB, CYCS, FKBP8, HRK, IKZF3, IRS1, IRS2, MAPK8, MCL1, MOAP1, NLRP1, PMAIP1, PPP1CA, PSEN1, PSEN2, RAD9A, RTN1, RTN4, SIVA1, SNCA, SPNS1, TMBIM6, TP53, VDAC1, (DNA)"
"BCL2L2","599","BCL2-like2","14","BCL-W; BCLW; KIAA0271; BCL2L2","BAD, BBC3, BCL2L11, BID, BIK, BMF, HRK, PPP1CA, (DNA)"
"BICD2","23299","bicaudal D homolog 2 (Drosophila)","9","KIAA0699;  bA526D8.1;  BICD2","BICD2, BICD2, DCTN1, DCTN2, GSK3B, NEK9, RAB6A, (RNA)"
"BIRC5","332","baculoviral IAP repeat-containing 5","17","API4;  EPR-1;  BIRC5","AURKB, BIRC5, BIRC5, BIRC6, CASP3, CASP7, CASP9, CDCA8, CDK1, CDK4, DIABLO, HSP90AA1, INCENP, RASA1, XIAP, XPO1, (DNA)"
"BLU","51364","zinc finger, MYND-type containing 10","3","BLU; FLU; ZYMND10","-"
"BNIP3","664","BCL2/adenovirus E1B19kDa interacting protein 3","10","NIP3; BNIP3","BCL2, BCL2L1, BNIP3, BNIP3, BNIP3L, CD47, NCBP1, TMEM11, (DNA)"
"BRAF","673","v-raf murine sarcoma viral oncogene homolog B1","7","B-RAF1; BRAF1; FLJ95109; MGC126806; MGC138284; RAFB1; BRAF","AKT1, BRAF, BRAF, BRAF, BRAF, HRAS, MAP2K1, MAP2K2, MAPK1, MRAS, OIP5, PRKACA, PRKCE, RAF1, RAP1A, RAP1GAP, RHEB, SGK1, YWHAB, YWHAG, YWHAH, YWHAQ, YWHAZ, (DNA)"
"BRCA1","672","breast cancer 1, early onset","17","IRIS;  PSCP;  BRCAI;  BRCC1;  PNCA4;  RNF53;  BROVCA1;  BRCA1","ABL1, ACACA, AKT1, ALDH1A1, ANTXR1, AR, ATF1, ATM, ATR, AURKA, BAP1, BARD1, BRAP, BRCA1, BRCA1, BRCA2, BRCC3, BRIP1, CASP3, CCNA1, CCNA2, CCNB1, CCND1, CDK1, CDK2, CDK4, CDK7, CHEK2, CLSPN, COBRA1, CREBBP, CSNK2A1, CSNK2B, CSTF1, CTBP1, DCLRE1C, DHX9, E2F1, E2F4, ELK1, EP300, ESR1, FAM175A, FANCA, FANCD2, FHL2, GFI1B, H2AFX, H2AFY, HDAC1, HDAC2, IFI16, JAK1, JAK2, JUN, JUNB, JUND, KPNA2, KPNA6, LMO4, MAP3K3, MDC1, MED1, MED21, MLH1, MNAT1, MYC, NBN, NFKB1, NFYA, NMI, NUFIP1, POLR2A, POLR2K, POU2F1, PPP1CA, PSAP, RAD51, RB1, RBBP4, RBBP7, RBBP8, RELA, RFC1, SMAD2, SMAD3, SMAD4, SMARCA2, SMARCA4, SMC1A, SP1, STAT1, STAT3, STAT5A, TOP2A, TP53, TP53BP1, TRRAP, TUBA4A, TUBB, TUBG1, UBB, UBE2D3, UBE2L3, USF2, VCP, XRCC1, YY1, ZNF350, (DNA)"
"BRD9","65980","bromodomain containing 9","5","PRO9856;  FLJ43530;  LAVS3040;  DKFZp434D0711;  DKFZp686L0539;  BRD9","-"
"BRIX1","55299","BRX1, biogenesis of ribosomes, homolog (S. cerevisiae)","5","BRIX;  BXDC2;  FLJ11100;  BRIX1","CD48, SETDB1, UBA2, UNC119, (DNA)"
"BST2","684","bone marrow stromal cell antigen 2","19","CD317;  TETHERIN;  BST2","-"
"BZW2","28969","BZW2 basic leucine zipper and W2 domains 2 ","7","MST017;  HSPC028;  MSTP017;  BZW2","-"
"C13ORF18","80183","chromosome 13 open reading frame 18","13","FLJ21562; FLJ43762; C13ORF18","-"
"C15orf48","84419","chromosome 15 open reading frame 48","15","NMES1;  FOAP-11;  FLJ22645;  MGC32925;  C15orf48","-"
"C1QBP","708","C1QBP complement component 1, q subcomponent binding protein","17","p32;  HABP1;  gC1qR;  GC1QBP;  SF2p32;  gC1Q-R;  C1QBP","BAT2, C1QA, C1QBP, C1QBP, COIL, EXOSC6, GAB1, GABRB1, HABP4, HRK, MAPK1, MAPK3, MMP14, NFYB, PRKCA, PRKCD, PRKCZ, PRKD1, SFRS1, SFRS9, TOP3B, YWHAB, YWHAG, (DNA)"
"C20orf20","55257","chromosome 20 open reading frame 20","20","Eaf7;  MRGBP;  URCC4;  MRG15BP;  FLJ10914;  C20orf20","ACTB, ACTL6A, BRD8, DMAP1, ING1, MEAF6, MORF4L1, MORF4L2, RUVBL1, TRRAP, TUBB, YEATS4, (DNA)"
"C20orf30","29058","C20orf30 chromosome 20 open reading frame 30","20","HSPC274;  dJ1116H23.2.1;  C20orf30","ARL4D, RPL28, TMEM9, (RNA)"
"C3","718","complement component 3","19","ASP;  AHUS5;  ARMD9;  CPAMD1;  C3","ABL1, C2, C3, C3, C3AR1, C5, CD46, CFB, CFH, CFHR3, CFHR4, CFHR5, CFI, CFP, CPN1, CR1, CR2, CTSG, GC, GPR77, ITGAM, ITGAX, LAMA1, LRP1, MASP1, OLFM4, PAPPA, VSIG4, (Calcium)"
"C4orf41","60684","chromosome 4 open reading frame 41","4","FLJ12716;  C4orf41","HDHD2, (DNA)"
"C5orf22","55322","chromosome 5 open reading frame 22","5","FLJ11193;  FLJ23805;  MGC33010;  DKFZp667N066;  C5orf22","ELOF1, WBP11, (DNA)"
"C5orf28","64417","chromosome 5 open reading frame 28","5","FLJ21657; MGC90226; MGC149524; C5orf28","-"
"CACYBP","27101","calcyclin binding protein","1","SIP;  GIG5;  MGC87971;  PNAS-107;  S100A6BP;  RP1-102G20.6;  CACYBP","S100A1, S100A12, S100A6, S100B, S100P, SIAH1, SIAH2, SKP1, (DNA)"
"CADM1","23705","cell adhesion molecule 1","11","BL2; ST17; IGSF4; NECL2; RA175; TSLC1; IGSF4A; Necl-2; SYNCAM; sgIGSF; sTSLC-1; synCAM1; MGC51880; MGC149785; DKFZp686F1789; CADM1","ATF7IP, CADM1, CADM1, CASK, EPB41L3, MPP3, SDCBP, (DNA)"
"CALCA","796","calcitonin-related polypeptide alpha","11","CALC1; CGRP; CGRP-I; CGRP1; CT; KC; MGC126648; CALCA","CALCA, CALCA, CALCRL, NRD1, RAMP1, RAMP2, (DNA)"
"CAMKK2","10645","calcium/calmodulin-dependent protein kinasekinase 2, beta","12","CAMKK; CAMKKB; KIAA0787; MGC15254; CAMKK2","CALM1, CAMK1, CAMK4, (DNA)"
"CAMKV","79012","CaM kinase-like vesicle-associated","3","1G5; MGC8407; VACAMKL; CAMKV","TCEA2, (DNA)"
"CCNA1","8900","cyclinA1","13","CCNA1","ARID2, BRCA1, CABLES1, CCNA1, CCNA1, CDC25A, CDK1, CDK2, CDKN1A, CDKN1B, E2F1, GNB2L1, GPS2, INCA1, KLHDC9, MCM4, MCM6, MYBL2, PROCA1, RB1, RBL1, RBL2, RBM4, XRCC6, (RNA)"
"CCNB1","891","cyclin B1","5","CCNB;  CCNB1","BRCA1, CCNB1IP1, CCNF, CDC25A, CDC25C, CDK1, CDKN1A, CDKN1B, FLNA, FZR1, GADD45B, GADD45G, HERC5, ITPR1, KAT5, MAP4, MEF2C, PBK, PCNA, PIN1, PKMYT1, PLK1, PTCH1, PTMA, RAGE, RALBP1, RUNX2, TGFBR2, TSC1, (Heparin)"
"CCND1","595","Cyclin D1","11","BCL1; D11S287E; PRAD1; U21B31; CCND1","AKAP8, AR, BRCA1, CALM1, CCNDBP1, CDK4, CDK6, CDKN1A, CDKN1B, CTNNB1, CUL3, DMTF1, EP300, ESR1, GSK3B, HDAC3, HERC5, IFI27, INSM1, KAT2B, MCM10, MYBL2, NCOA1, NCOA3, NPDC1, ORC4L, PCNA, PRKACA, RB1, RBL1, RBL2, RBX1, RFC1, RUNX1, SP1, STAT3, TAF1, THRA, THRB, TSC2, (Ca2+)"
"CCND2","894","cyclin D2","12","KIAK0002;  MGC102758;  CCND2","AKAP8, CDK4, CDK5, CDKN1A, CDKN1B, DMTF1, NPDC1, PCGF2, RB1, RUNX1, (Heparin Fucose)"
"CCNE1","898","cyclin E1","19","CCNE;  CCNE1","AR, BRCA2, CABLES1, CALM1, CCT4, CDC25A, CDK1, CDK2, CDK3, CDKN1A, COIL, CUL3, FBXW7, GSK3B, HERC5, MRE11A, MYBL2, NBN, PIN1, PRKAR1A, RBL1, RBL2, REL, SKP2, SMARCA4, SMARCC1, SMARCD3, (DNA)"
"CCR2","729230","chemokine (C-C motif) receptor 2","3","CKR2;  CCR2A;  CCR2B;  CD192;  CKR2A;  CKR2B;  CMKBR2;  MCP-1-R;  CC-CKR-2;  FLJ78302;  MGC103828;  MGC111760;  MGC168006;  CCR2","CCL11, CCL13, CCL16, CCL2, CCL7, CCL8, CCR5, JAK2, TPST1, TPST2, (DNA)"
"CD28","940","CD28 molecule","2","MGC138290; Tp44; CD28","CD247, CD4, CD80, CD86, DUSP14, GRAP2, GRB2, IL12A, ITK, LCK, LRRC23, NSF, PIK3CG, PIK3R1, PIK3R2, PLCG1, PTPRC, (DNA)"
"CD44","960","CD44 molecule (Indian blood group)","11","IN;  LHR;  MC56;  MDU2;  MDU3;  MIC4;  Pgp1;  CDW44;  CSPG8;  HCELL;  HUTCH-I;  ECMR-III;  MGC10468;  CD44","ANK1, ARHGEF1, ARHGEF12, CD4, CD44, CD44, CD74, COL14A1, COL1A1, COL1A2, CSK, DMP1, EGFR, EPB41, ERBB4, EZR, FGF2, FYN, GARS, HBEGF, HMMR, IGFBP3, LCK, MADCAM1, MMP1, MMP7, MMP9, NF2, PKN1, SELE, SPP1, SRGN, TGFBR1, TGFBR2, TIAM1, VAV2, VCAN, "
"CD63","967","CD63 molecule","12","MLA1;  ME491;  LAMP-3;  OMA81H;  TSPAN30;  CD63","AP4M1, CD82, CD9, HLA-DMB, HLA-DRA, ITGA6, PI4K2A, PTGFRN, TIMP1, "
"CD83","9308","CD83 molecule","6","BL11;  HB15;  CD83","-"
"CDA","978","cytidine deaminase","1","CDD","CDA, CDA, KPNA2, ZNF598, "
"CDC40","51362","cell division cycle 40 homolog (S. cerevisiae)","6","RP1-71D21.3; EHB3; FLJ10564; MGC102802; PRP17; PRPF17; CDC40","DHX38, SMAD2, SMURF1, "
"CDH1","999","cadherin 1,type 1, E-cadherin (epithelial)","16","Arc-1; CD324; CDHE; ECAD; LCAM; UVO; cdh1","-, ACTR3, ANAPC7, ARVCF, CA9, CASP3, CASP8, CBLL1, CDH1, CDH1, CSE1L, CSNK2A1, CTNNA1, CTNNB1, CTNND1, CTNND2, EGFR, ERBB2IP, EZR, GNA12, GNA13, GSK3B, HDAC1, HDAC2, IQGAP1, IRS1, ITGAE, ITGB7, JUP, MAD2L2, NDRG1, NEDD9, PKD1, PPP1CA, PSEN1, PTPN14, PTPRF, PTPRM, RAB8B, RRM2, VCL, "
"CDH11","1009","cadherin 11, type 2, OB-cadherin (osteoblast)","16","OB;  CAD11;  CDHOB;  OSF-4;  CDH11","CDH2, CTNNB1, "
"CDH13","1012","cadherin 13, H-cadherin (heart)","16","CDHH; CDH13","ADIPOQ, CDH13, CDH13, "
"CDH15","1013","CDH15 cadherin 15, type 1, M-cadherin (myotubule)","16","CDH14; CDH3; CDHM; MCAD; MRD3; CDH15","ARVCF, BOC, CDH7, CDH9, CDON, CTNNA1, CTNNB1, GNA12, JUP, "
"CDH2","1000","cadherin 2, type 1, N-cadherin (neuronal)","18","CDHN;  NCAD;  CD325;  CDw325;  CDH2","-, ARVCF, BOC, CDH11, CDH4, CDON, CREBBP, CTNNA1, CTNNB1, CTNND2, FGFR4, GNA12, GNA13, GRIK2, GRIN1, GRIN2D, JUP, LRRC7, PIK3R1, PTPN1, "
"CDH3","1001","cadherin 3, type 1, P-cadherin (placental)","16","CDHP; HJMD; PCAD","CDH3, CDH3, CTNNA1, CTNNB1, CTNND1, "
"CDH4","1002","CDH4Â cadherin 4, type 1, R-cadherin (retinal)","20","CAD4; FLJ22202; FLJ40547; MGC126700; MGC138355; RCAD","CDH2, "
"CDK2","1017","cyclin-dependent kinase 2","12","p33(CDK2);  CDK2","-, BCL2, BRCA1, BRCA2, CCNA1, CCNA2, CCNB2, CCNB3, CCNE1, CCNE2, CCNH, CCNK, CDC25A, CDC37, CDC6, CDC7, CDK2, CDK2, CDK20, CDK2AP1, CDK7, CDKN1A, CDKN1B, CDKN3, CDT1, CDX2, CEBPA, CHAF1A, CHAF1B, CKS1B, CNOT7, COIL, EP300, FEN1, FOXM1, FZR1, HIRA, HIST1H1B, ID2, ID3, LYN, MCM3, MCM4, MNDA, MYBL2, MY"
"CDK6","1021","cyclin-dependent kinase 6","7","PLSTIRE;  MGC59692;  CDK6","AR, ATXN1, CCND1, CCND3, CDC37, CDK6, CDK6, CDKN1A, CDKN2A, CDKN2C, CDKN2D, CNOT7, CTNNB1, MCM10, MCM2, PCNA, PPM1B, RB1, RUNX1, TGFBR1, "
"CDKN1A","1026","cyclin-dependent kinase inhibitor 1A (p21,Cip1)","6","CAP20; CDKN1; CIP1; MDA-6; P21; SDI1; WAF1; P21CIP1; CDKN1A","AKT1, BCCIP, C1orf123, C7orf20, CASP3, CCDC85B, CCNA1, CCNA2, CCNB1, CCNB2, CCND1, CCND2, CCND3, CCNE1, CCNE2, CDC45L, CDC5L, CDC6, CDC7, CDK1, CDK14, CDK2, CDK3, CDK4, CDK6, CDKN1A, CDKN1A, CEBPA, CIZ1, CSNK2A1, CSNK2B, DAPK3, ESR1, GADD45A, GADD45B, GADD45G, GMNN, GNB2L1, HDAC11, ITGB1BP3, MAP3K5, MAPK8, MCM10, PARP1, PCNA, PIM1, POLD2, PSMA3, RAB1A, RB1, RNF144B, SET, SLC25A11, STAT3, TEX11, TK1, TSG101, TTLL5, XRCC6, "
"CDKN1B","1027","cyclin-dependent kinase inhibitor 1B (p27, Kip1)","12","KIP1;  MEN4;  CDKN4;  MEN1B;  P27KIP1;  CDKN1B","ABL1, AKT1, ARHGDIA, CASP8, CCNA1, CCNA2, CCNB1, CCND1, CCND2, CCND3, CCNE2, CDK2, CDK3, CDK4, CDK5, CKS1B, COPS5, CUL4A, GRB2, KPNA3, KPNA5, LYN, MCM7, NUP50, SKP2, SPDYA, SRC, STMN1, TRAF2, TSC2, UBB, UCHL1, XPO1, YES1, YWHAB, YWHAE, YWHAG, YWHAH, YWHAQ, "
"CDKN2A","1029","cyclin-dependent kinase inhibitor 2A (melanoma, p16, inhibits CDK4)","9","ARF; CDK4I; CDKN2; CMM2; INK4; INK4a; MLM; MTS1; TP16; p14; p14ARF; p16; p16INK4; p16INK4a; p19; p19Arf; CDKN2A","AHNAK, ALS2CR8, ANKRD12, CCNG1, CDC45L, CDC5L, CDC6, CDC7, CDK4, CDK6, CDKN2A, CDKN2A, CDKN2AIP, CDKN2C, E2F1, E4F1, EGR1, GMNN, GSPT1, HIF1A, HSP90AB1, HUWE1, KIAA1984, MCM10, MCM2, MCM5, MDM2, MYC, NCL, ORC4L, PEX19, PPP1R9B, PSMC3, RPS7, SERTAD1, SLC4A1, TBRG1, TPI1, UBE2A, WRN, ZFP91, ZNF227, ZNF410, "
"CDKN2B","1030","cyclin-dependent kinase inhibitor 2B (p15, inhibits CDK4)","9","CDK4I; INK4B; MTS2; P15; TP15; p15INK4b; CDKN2B","ARPC3, CCDC90B, CDK4, CDK8, IKBKAP, KIAA1377, MAGEA11, ZBTB17, "
"CEACAM1","634","carcinoembryonic antigen-related cell adhesion molecule 1 (biliary glycoprotein)","19","BGP;  BGP1;  BGPI;  CEACAM1","ANXA2, CD209, CEACAM1, CEACAM1, CEACAM3, CEACAM6, CEACAM8, EGFR, FLNA, INSR, MAP3K10, PTPN11, PTPN6, PXN, SHC1, SRC, "
"CEACAM5","1048","carcinoembryonic antigen-related cell adhesion molecule 5","19","CEA;  CD66e;  DKFZp781M2392;  CEACAM5","EWSR1, HNRNPM, PTCHD2, "
"CEACAM6","4680","carcinoembryonic antigen-related cell adhesion molecule 6 (non-specific cross reacting antigen)","19","NCA;  CEAL;  CD66c;  CEACAM6","CEACAM1, CEACAM8, "
"CEACAM7","1087","carcinoembryonic antigen-related cell adhesion molecule 7","19","CEA; CGM2; CEACAM7","-"
"CEBPB","1051","CCAAT/enhancer binding protein (C/EBP), beta","20","C/EBP-beta; CRP2; IL6DBP; LAP; MGC32080; NF-IL6; TCF5; CEBPB","ATF2, ATF4, CAMK2A, CCL3, CEBPA, CEBPB, CEBPB, CEBPD, CEBPG, CREB1, CREBBP, DDIT3, EGFR, EGR1, ELK1, EP300, ESR1, FOXO1, HMGA1, HMGB1, HNRNPK, HOMER3, HSF1, MAPK1, MAPK3, MED23, MYB, MYC, NFKB1, NOLC1, NR3C1, PTGES2, RB1, RELA, RPS6KA1, RPS6KA5, RUNX1, RUNX2, SMAD3, SMAD4, SMARCA4, SMARCB1, SMARCC1, SP1, SPI1, SPIB, SRF, STAT5A, STAT6, TAF9, TRIM28, "
"CELA2A","63036","chymotrypsin-like elastase family, member 2A","1","ELA2A; PE-1; CELA2A","-"
"CELSR1","9620","cadherin, EGFLAG seven-passG-type receptor 1 (flamingo homolog, Drosophila)","22","CDHF9; DKFZp434P0729; FMI2; HFMI2; ME2; CELSR1","PSAP, "
"CES1","1066","carboxylesterase 1 (monocyte/macrophage serine esterase 1)","16","CEH;  TGH;  ACAT;  CES2;  HMSE;  SES1;  HMSE1;  PCE-1;  MGC117365;  CES1","BMPR2, CES1, CES1, GUSB, "
"CHFR","55743","checkpoint with forehead and ring finger domains","12","RNF116; CHFR; FLJ10796; FLJ33629; RNF196","AURKA, BRD4, CHFR, CHFR, EEF1G, GABBR1, ITGAE, PML, WDR47, "
"CITED2","10370","Cbp/p300-interacting transactivator, with Glu/Asp- rich carboxy-terminal domain, 2","6","MRG1; P35SRJ; CITED2","CREBBP, EP300, HIF1A, LHX2, LHX3, TFAP2A, TFAP2C, "
"CKS2","1164","CDC28 protein kinase regulatory subunit 2","9","RP11-8C21.2; CKSHS2; CKS2","CDK1, CKS1B, CKS2, CKS2, EEF1A1, TSC22D4, UNC119, "
"CLDN1","9076","claudin 1","3","CLD1;  SEMP1;  ILVASC;  CLDN1","BRD4, CLDN1, CLDN1, CLDN3, INADL, MMP14, MMP2, MPDZ, TJP1, TJP2, TJP3, WNK4, "
"CLEC2B","9976","C-type lectin domain family 2, member B","12","AICL; IFNRG1; CLECSF2; HP10085; CLEC2B","-"
"CLIC3","9022","chloride intracellular channel 3","9","CLIC3","DNM1, MAPK15, "
"CNOT1","23019","CCR4-NOT transcription complex, subunit 1","16","NOT1;  CDC39;  NOT1H;  AD-005;  FLJ36492;  FLJ90644;  KIAA1007;  DKFZp686O168;  DKFZp686E0722;  CNOT1","CNOT2, CNOT3, CNOT4, CNOT8, PPARG, RARA, RXRA, THRB, "
"COL1A1","1277","collagen, type I, alpha 1Â ","17","OI4; COL1A1","BGN, BMP1, CAPN1, CD36, CD44, CD93, COL7A1, DCN, DDR2, FGF7, FN1, HTRA1, IGFBP3, ITGA2, ITGA5, MATN2, MMP2, MMP9, NID1, P4HB, PAK1, PDGFB, PRELP, SPARC, TGFBI, THBS1, TMPRSS6, TXN, VWF, "
"CPE","1363","carboxypeptidase E","4","CPE","BDNF, C1orf103, CCK, CHD3, GAST, GCG, GTF3C1, INS, MED31, NTS, PMCH, POLA2, POLDIP2, ROBO2, RPA1, TRH, UTP14A, "
"CPEB1","64506","cytoplasmic polyadenylation element binding protein 1","15","CEBP; CPE-BP1; CPEB3; FLJ13203; MGC34136; MGC60106; CPEB1","DYNLRB1, KIF1B, MAP2, "
"CPEB3","22849","cytoplasmic polyadenylation element binding protein 3","10","CPEB3","-"
"CR1","1378","complement component (3b/4b) receptor 1 (Knops blood group)","1","KN;  C3BR;  C4BR;  CD35;  CR1","C1QA, C3, C4A, C4B, CD55, CR2, FUT4, "
"CRABP2","1382","cellular retinoic acid binding protein 2","1","RBP6;  CRABP-II;  CRABP2","CCND3, CRABP2, CRABP2, "
"CRCT1","54544","cysteine-rich C-terminal 1","1","C1orf42; NICE-1; CRCT1","APLP1, C1orf103, CHD3, EEF1A1, IGSF21, KIAA1377, PTN, TLE1, VIM, "
"CRISP3","10321","cysteine-rich secretory protein 3","6","Aeg2; CRISP-3; CRS3; MGC126588; SGP28; dJ442L6.3; CRISP3","A1BG, "
"CRNN","49860","cornulin","1","DRC1; PDRC1; SEP53; C1orf10; CRNN","-"
"CRYAB","1410","crystallin, alpha B","11","CRYA2; CTPP2; HSPB5; CRYAB","APP, BCL2L1, BMPR2, CRYAA, CRYAB, CRYAB, CRYBB2, CRYGC, CS, EPB41, HSPB1, PSMA3, TTN, "
"CSE1L","1434","CSE1 chromosome segregation 1-like (yeast)","20","CAS;  CSE1;  XPO2;  MGC117283;  MGC130036;  MGC130037;  CSE1L","CDH1, HNRNPL, KPNA6, KPNB1, PPP5C, RAN, RPL22, STAT1, TMEM62, YWHAG, "
"CSF1","1435","colony stimulating factor 1 (macrophage)","1","MCSF;  MGC31930;  CSF1","CSF1, CSF1, CSF1R, GAB3, HLA-B, SOCS1, TNF, "
"CSF1R","1436","colony stimulating factor 1 receptor","5","FMS;  CSFR;  FIM2;  C-FMS;  CD115;  CSF1R","CBL, CSF1, CSF1R, CSF1R, FYN, GRAP2, GRB2, INPP5D, INPPL1, LYN, PIK3R1, PIK3R2, RASA1, SHC1, SOCS1, SOCS3, SOS1, THOC5, YES1, "
"CTGF","1490","connective tissue growth factor","6","CCN2; HCS24; IGFBP8; MGC102839; NOV2; CTGF","AP3D1, ERBB4, HSPG2, LRP1, NOV, TGFB1, TGFB2, TGFB3, VEGFA, "
"CTNNB1","1499","catenin (cadherin-associated protein), beta 1, 88kDa","3","CTNNB;  FLJ25606;  FLJ37923;  DKFZp686D02253;  CTNNB1","-, ACP1, AJAP1, APC, APC2, AR, AXIN1, AXIN2, BCL3, BCL9, BCL9L, BOC, BTRC, CA9, CASP3, CASP8, CBY1, CCND1, CDC73, CDH1, CDH11, CDH15, CDH16, CDH2, CDH24, CDH3, CDH5, CDH7, CDH8, CDH9, CDK5R1, CDK6, CDON, CEBPA, CHD8, CHUK, CREBBP, CSNK1A1, CSNK1D, CSNK2A1, CSNK2B, CTNNA1, CTNNA3, CTNNBIP1, CTNND2, D"
"CTSC","1075","cathepsin C","11","CPPI; DPP1; DPPI; HMS; JP; JPD; PALS; PLS; CTSC","CAPN1, CTSC, CTSC, CTSL1, "
"CTSF","8722","cathepsin F","11","CATSF;  CTSF","CD74, "
"CTSH","1512","cathepsin H","15","CPSB;  ACC-4;  ACC-5;  MGC1519;  minichain;  DKFZp686B24257;  CTSH","BGLAP, CSTA, CSTB, SFTPB, "
"CTSL1","1514","cathepsin L1","9","MEP;  CATL;  CTSL;  FLJ31037;  CTSL1","ARSA, CD7, CD74, COL18A1, CST3, CST7, CSTA, CSTB, CTSC, CTSL1, CTSL1, CUX1, GCG, IGFBP3, IL8, KNG1, PLAU, RXRA, SERPINB13, SERPINB3, SLPI, TG, "
"CTSS","1520","cathepsin S","1","MGC3886; CTSS","BGLAP, CST3, CST5, KNG1, PLCG1, SERPINB3, SERPINB4, SLPI, "
"CUEDC1","404093","CUE domain containing 1","17","FLJ20739;  DKFZp547L163;  CUEDC1","SMURF2, "
"CWH43","80157","cell wall biogenesis 43C-terminal homolog (S.cerevisiae)","4","CWH43-C; FLJ21511; CWH43","-"
"CXCR2","3579","chemokine (C-X-Cmotif) recepto r2","2","CD182; CDw128b; CMKAR2; IL8R2; IL8RA; IL8RB; CXCR2","ADRA1A, ARRB1, CXCL1, CXCL2, CXCL3, CXCL5, CXCL6, CXCR1, CXCR2, CXCR2, GNA14, GNA15, GNAI2, GNAI3, GPRASP1, GRIA1, IL8, MYO5B, PPBP, PPP2CA, RAB11FIP2, RGS12, ST13, "
"CYBA","1535","cytochrome b-245, alpha polypeptide","16","p22-PHOX;  CYBA","CYBB, NCF1, NCF2, NCF4, NOX1, RAC1, "
"CYR61","3491","cysteine-rich, angiogenic inducer, 61","1","CCN1;  GIG1;  IGFBP10;  CYR61","ITGAV, ITGB5, "
"DAP3","7818","death associated protein 3","1","DAP-3;  MRPS29;  MRP-S29;  bMRP-10;  MGC126058;  MGC126059;  DKFZp686G12159;  DAP3","AHR, AR, DAP3, DAP3, FADD, HIF1A, HSP90AA1, NR3C1, PPARA, TNFRSF10A, "
"DAPK1","1612","death-associated protein kinase 1","9","DAPK; DKFZp781I035; DAPK1","DAPK1, DAPK1, FADD, MAPK1, MAPK3, MIB1, STX1A, TNFRSF1A, TRADD, UNC5A, UNC5B, UNC5C, YWHAB, "
"DDIT3","1649","DNA-damage-inducible transcript 3","12","CEBPZ; CHOP; CHOP10; GADD153; MGC4154; DDIT3","ATF3, ATF4, BATF, C10orf119, CEBPB, CEBPE, CEBPG, CSNK2A1, FOS, HSD17B14, JUN, JUND, MAPK14, PICALM, RPS3A, SPOP, TRIB3, "
"DDOST","1650","dolichyl-diphospho oligosaccharide--protein glycosyl transferase","1","OST;  WBP1;  AGER1;  OST48;  MGC2191;  KIAA0115;  OKSWcl45; DDOST","-"
"DDX27","55661","DEAD (Asp-Glu-Ala-Asp) box polypeptide 27","20","DRS1;  RHLP;  Rrp3p;  PP3241;  HSPC259;  MGC1018;  FLJ12917;  FLJ20596;  FLJ22238;  MGC163147;  dJ686N3.1;  DKFZp667N057; DDX27","PPP1R16A, "
"DEK","7913","DEK oncogene","6","D6S231E;  DEK","AP2A1, DEK, DEK, HLA-A, SRRM1, TFAP2A, ZIK1, "
"DHFR","1719","dihydrofolate reductase","5","DYR;  DHFRP1;  DHFR","ASGR1, FKBP1A, HSPD1, MDM2, THBS1, TOMM20, TP53, "
"DLC1","10395","deleted in liver cancer 1","8","HP;  ARHGAP7;  STARD12;  FLJ21120;  p122-RhoGAP;  DLC1","AKT1, "
"DMC1","11144","dosage suppressor of mck1 homolog, meiosis-specific homologous recombination (yeast)","22","DMC1H;  LIM15;  HsLim15;  MGC150472;  MGC150473;  dJ199H16.1;  DMC1","DMC1, DMC1, RAD51, RAD54B, RPA1, "
"DNAJC9","23234","DnaJ (Hsp40) homolog, subfamily C, member 9","10","HDJC9;JDD1;KIAA0974;SB73; DNAJC9","-"
"DNMT1","1786","DNA (cytosine-5-)-methyl transferase 1","19","AIM; CXXC9; DNMT; FLJ16293; MCMT; MGC104992; DNMT1","CBX1, DAXX, DMAP1, DNMT1, DNMT1, DNMT3A, DNMT3B, DYNLL1, EED, EZH2, HDAC1, HDAC2, HMGB1, PCNA, RB1, SUV39H1, TRIM27, TSG101, "
"DNMT3L","29947","DNA (cytosine-5-)-methyl transferase 3-like","21","MGC1090; DNMT3L","DNMT3A, DNMT3B, HDAC1, PHPT1, RSL24D1, "
"DSG1","1828","desmoglein 1","18","CDHF4; DG1; DSG; PPKS1; SPPK1; DSG1","DSC2, JUP, KLK5, PKP1, PKP2, PKP3, "
"DSG2","1829","desmoglein 2","18","HDGC;  CDHF5;  ARVC10;  ARVD10;  CMD1BB;  MGC117034; MGC117036;  MGC117037;  DSG2","DSC1, DSC2, JUP, PKP2, PKP3, "
"DTL","51514","denticleless homolog (Drosophila)","1","CDT2; DCAF2; L2DTL; RAMP; DTL","DDB1, "
"DUSP1","1843","dual specificity phosphatase 1","5","HVH1;  MKP1;  CL100;  MKP-1;  PTPN10; DUSP1","CKS1B, HSPA4, MAPK1, MAPK12, MAPK14, MAPK3, MAPK8, SKP2, UBB, "
"DUSP26","78986","dual specificity phosphatase 26 (putative)","8","MKP8;  LDP-4;  NATA1;  SKRP3;  DUSP24;  MGC1136;  MGC2627;  DUSP26","HSF4, "
"DUT","1854","deoxyuridine triphosphatase","15","dUTPase;  FLJ20622;  DUT","CDK1, DUT, DUT, ESR1, ESRRA, ESRRG, NUDT18, PPARA, PPARD, SPATA2, "
"E2F1","1869","E2Ftranscriptionfactor1","20","E2F-1; RBAP1; RBBP3; RBP3; E2F1","ARID3A, ATM, ATR, BRCA1, BRD2, CCNA1, CCNA2, CDK1, CDK3, CDK7, CDKN2A, CEBPE, CHEK2, CREBBP, CTDP1, CUL1, DDB2, E2F6, GSK3B, GTF2H1, KAT5, MDM4, MNAT1, NCOA3, NCOA6, NDN, NFKB1, NPDC1, PARP1, PHB, PURA, RB1, SERTAD2, SKP2, SP1, SP2, SP3, SP4, TFDP1, TFDP2, TOPBP1, TP53, TP53BP1, TRRAP, "
"E2F2","1870","E2F transcription factor 2","1","E2F-2;  E2F2","ARID3A, BCAR1, BRD2, CDK3, RB1, RYBP, SETD8, SP1, TFDP1, TFDP2, YY1, "
"E2F3","1871","E2F transcription factor 3","6","E2F-3;  KIAA0075;  MGC104598;  DKFZp686C18211;  E2F3","CCNA2, CDK3, RB1, RYBP, SP1, TFDP1, TFDP2, TFE3, YY1, "
"E2F4","1874","E2F transcription factor 4, p107/p130-binding","16","E2F-4;  E2F4","ARID3A, BRCA1, NDN, NOLC1, RB1, RBL1, RBL2, SMAD2, SMAD3, TFDP1, TFDP2, TRRAP, "
"E2F5","1875","E2F transcription factor 5, p130-binding","8","E2F-5;  E2F5","CREBBP, EP300, RBL1, RBL2, SMAD3, TFDP1, XPO1, "
"ECT2","1894","epithelial cell transforming sequence 2 oncogene","3","ARHGEF31; FLJ10461; MGC138291; ECT2","CDK1, F2RL2, KLHL20, PARD6A, PLK1, RACGAP1, RHOG, "
"EDN1","1906","endothelin 1","6","ET1;  PPET1;  HDLCQ7;  EDN1","ADM, BAT3, CMA1, COPS6, ECE1, EDNRA, EDNRB, KEL, MME, UBQLN4, "
"EDN2","1907","endothelin 2","1","ET2; PPET2; EDN2","CMA1, KEL, MME, "
"EDN3","1908","endothelin 3","20","ET3; WS4B; HSCR4; MGC15067; MGC61498; EDN3","CMA1, CTSE, EDNRA, EDNRB, KEL, "
"EDNRA","1909","endothelin receptor type A","4","ETA;  ETAR;  ETRA;  EDNRA","EDN1, EDN3, GNA11, GNAI2, GRK6, KAT5, "
"EFNA1","1942","ephrin-A1","1","B61; ECKLG; EFL1; EPLG1; LERK1; TNFAIP4; EFNA1","ADAM10, EEF1G, EPHA1, EPHA2, EPHA3, EPHA4, EPHA5, EPHA6, EPHA7, EPHA8, EPHB1, KAT5, PPBP, "
"EGFR","1956","Epidermal growth factor receptor (erythroblastic leukemia viral (v-erb-b) oncogene homolog, avian)","7","ERBB; ERBB1; HER1; PIG61; mENA; EGFR","ACTA1, ADRBK1, AGTR1, ALCAM, AMH, ANXA1, AR, AREG, ARF4, ATP1A1, ATP1B1, ATP5C1, BTC, CALM1, CALM2, CALM3, CAMK2A, CAMK2G, CAMLG, CASP1, CAV1, CAV2, CAV3, CBL, CBLB, CBLC, CD44, CD82, CDC25A, CDH1, CEACAM1, CEBPB, CLTA, CLTCL1, CMTM8, CRK, CTNNB1, CTNND1, DCN, DEGS1, DOK2, EGF, EGFR, EGFR, ELF3, EPB41, EPHA2, EPPK1, EPS15, EPS8, ERBB2, ERBB3, ERBB4, EREG, ERRFI1, ESR1, EZR, FAS, FER, GAB1, GAPDH, GNAI2, GRB10, GRB14, GRB2, GRB7, HBEGF, HGS, HIST3H3, HOXC10, HTT, ICAM1, INPPL1, ITGA5, JAK2, KRT17, KRT18, KRT7, KRT8, LYN, MAP2K1, MAP3K14, MAP4K1, MAPK1, MET, MT-CO2, MUC1, NCK1, NCK2, PAK1, PDCD6IP, PDGFRB, PIK3C2A, PIK3C2B, PIK3R1, PIK3R2, PITPNA, PKIA, PLCG1, PLD1, PLD2, PLEC1, PLSCR1, PRKACA, PRKAR1A, PRKCA, PRKCD, PRKD1, PTK2, PTK2B, PTK6, PTPN1, PTPN11, PTPN2, PTPN6, PTPRJ, PTPRS, RASA1, RGS16, RIPK1, S100A7, S100A9, SCAMP1, SCAMP3, SEC13, SFN, SGSM2, SH2D3A, SH3BGRL3, SHC1, SHC3, SLC3A2, SLC9A3R1, SNRPD2, SNX1, SNX2, SNX4, SNX6, SOCS1, SOCS3, SOCS5, SOCS7, SOS1, SOS2, SRC, STAM2, STAT1, STAT3, STAT5A, STAT5B, TGFA, TJP1, TNC, TNK2, TUBA1A, TUBA4A, UBB, VAV1, VAV2, VAV3, XRCC6, YWHAZ, ZNF259, "
"EMP1","2012","epithelial membrane protein 1","12","CL-20; EMP-1; TMP; EMP1","-"
"ENDOU","8909","26 serine protease (endonuclease, poly U-specific)","12","P11; PP11; PRSS26; MGC133268; ENDOU","-"
"ENG","2022","endoglin","9","END;  ORW;  HHT1;  ORW1;  CD105;  FLJ41744;  ENG","ACVR1, ACVR2A, BMP2, BMP7, ENG, ENG, INHBA, TCTEX1D4, TGFB1, TGFB2, TGFB3, TGFBR1, TGFBR2, TGFBR3, "
"EPB41L3","23136","erythrocyte membrane protein band 4.1-like 3","18","4.1B; DAL-1; DAL1; FLJ37633; KIAA0987; EPB41L3","CADM1, CEP152, CLNS1A, CNTNAP2, IGSF21, MBIP, YWHAB, YWHAG, YWHAH, YWHAQ, YWHAZ, "
"EPB41L4B","54566","erythrocyte membrane protein band 4.1 like 4B ","9","CG1; EHM2; FLJ21596; DKFZp761N1814; EPB41L4B","-"
"EPCAM","4072","epithelial cell adhesion molecule","2","ESA;  KSA;  M4S1;  MK-1;  DIAR5;  EGP-2;  EGP40;  KS1/4;  MIC18;  TROP1;  EGP314;  HNPCC8;  GA733-2;  TACSTD1;  EPCAM","CLDN7, EPCAM, EPCAM, "
"EPS8","2059","epidermal growth factor receptor pathway substrate 8","12","EPS8","ABI1, ACTA1, AIMP2, BAIAP2, CASK, CCDC85B, DNALI1, DVL1, EGFR, EPS8, EPS8, HOOK2, ITGB1, ITGB3, ITGB5, MRPL20, MYO15A, PCM1, PLDN, SHB, SHC1, SOS1, SRC, TEX28, USP6NL, "
"ERBB2","2064","v-erb-b2 erythroblastic leukemia viral oncogene homolog 2, neuro/glioblastoma derived oncogene homolog (avian)","17","CD340; HER-2; HER-2/neu; HER2; NEU; NGL; TKR1; ERBB2","ACPP, BTC, CAV1, CD82, CTNNB1, DLG4, EGF, EGFR, ERBB2, ERBB2, ERBB2IP, ERBB3, ERBB4, ERRFI1, ESR1, GRB2, GRB7, HLA-A, HSP90AA1, HSP90B1, IL6ST, ITGA5, ITGB4, JAK2, JUP, MATK, MUC1, MUC4, NF2, PAK1, PICK1, PIK3C2A, PIK3C2B, PIK3R1, PIK3R2, PLCG1, PTK2, PTK2B, PTPN11, PTPN18, SERPINA3, SH3BGRL3, SHC1, SOS1, SRC, STUB1, TGFA, TOB1, UBB, "
"ERBB4","2066","v-erb-a erythroblastic leukemia viral oncogene homolog 4 (avian)","2","HER4; MGC138404; p180erbB4; ERBB4","ADAM17, BTC, CD44, CRK, CTGF, DLG1, DLG2, DLG3, DLG4, EGFR, ERBB2, ERBB3, ERBB4, ERBB4, EREG, GRB2, HBEGF, MUC1, NRG1, NRG2, NRG3, NRG4, PIK3R2, RNF41, SHC1, SNTB2, STAT5A, STAT5B, TGFA, YAP1, "
"EREG","2069","epiregulin","4","ER; EREG","EGFR, ERBB4, "
"ESR1","2099","estrogen receptor 1","6","DKFZp686N23123; ER; ESR; ESRA; Era; NR3A1; ESR1","AHR, AKAP13, AKT1, AKT2, AR, ARHGEF15, ARNT, ATAD2, BAG1, BCAR1, BCAS2, BDNF, BRCA1, CALM1, CALM2, CALM3, CAV1, CCND1, CCNH, CCNT1, CDC25B, CDK7, CDKN1A, CEBPB, CHD9, CHUK, CITED1, COBRA1, COPS5, CREBBP, CSNK2B, CTNNB1, CUEDC2, CUL4B, DDX5, DDX54, DNTTIP2, DUT, EGFR, EIF3I, EP300, ERBB2, ESR1, ESR1, ESR2, ESRRA, FHL2, FLII, FOXO1, FOXO3, FOXO4, GADD45B, GADD45G, GNAI1, GRB2, GTF2B, GTF2H1, HEXIM1, HNF4A, HSP90AA1, HSP90AB1, HSPA4, IGF1R, ISL1, ITGB3BP, JUN, JUNB, JUND, KAT5, KDM5A, KIF1A, LCK, LDB1, LOH3CR2A, MAPK1, MAPK14, MAPK3, MDM2, MED1, MED24, MKNK2, MLL2, MMS19, MNAT1, MPG, MTA1, MTCH2, MVP, NCOA1, NCOA2, NCOA3, NCOA6, NCOA7, NCOR1, NCOR2, NFKB1, NPPA, NR0B1, NR0B2, NR1H4, NR2C1, NR2C2, NR2F1, NR2F6, NRIP1, NSD1, PAK1, PAK6, PELP1, PGR, PHB2, PIAS1, PIAS3, PIK3R1, PIK3R3, PNRC2, POLR1B, POLR2D, POU2F1, POU4F1, POU4F2, PPARGC1A, PPARGC1B, PRDM2, PRKACA, PRMT1, PRMT2, PRPF6, PSMC5, PTGES3, PTPN1, PTPN6, RARA, RBM23, RBM39, RBM9, RELA, REXO4, RFX4, RGS3, RLIM, RNF14, RNF4, RPS6KA1, RPS6KA3, RXRA, SAFB, SAFB2, SHC1, SLC30A9, SMAD2, SMAD3, SMAD4, SMARCA2, SMARCA4, SMARCD3, SMARCE1, SOS1, SP1, SP3, SRC, SREBF1, STAT5A, STRN, STUB1, TAF10, TAP1, TBP, TCF20, TDG, THRA, THRB, TNFRSF14, TP53, TRIM24, TRIM28, TRIM59, TRIP4, TRRAP, TSC2, TUBA1B, TUBB, UBE2I, USF1, WIPI1, XBP1, YWHAH, ZBTB16, ZBTB17, ZNF398, "
"ESR2","2100","estrogen receptor 2 (ERbeta)","14","ER-BETA; ESR-BETA; ESRB; ESTRB; Erb; NR3A2; ESR2","AKAP13, AKT1, BCAS2, CALM1, CALM2, CALM3, DDX54, DNTTIP2, ESR1, ESR2, ESR2, LCK, MAD2L1, MAPK11, MED1, MKNK2, MMS19, NCOA1, NCOA3, NCOA6, NCOA7, NCOR1, NCOR2, NR0B1, NR0B2, NRIP1, OXT, PELP1, PIAS1, PIAS3, PNRC1, PNRC2, PPARGC1A, PRMT2, PSMC3IP, RBM39, RBM9, REXO4, SMAD2, SMAD3, SMAD4, SMARCE1, SP1, SRC, SREBF1, STAT5A, TRIM24, TRIM59, WIPI1, YWHAH, ZBTB17, "
"EXO1","9156","exonuclease 1","1","HEX1;  hExoI;  EXO1","MLH1, MSH2, MSH3, PMS2, "
"EZH2","2146","enhancer of zeste homolog 2 (Drosophila)","7","ENX1;  EZH1;  KMT6;  ENX-1;  KMT6A;  MGC9169;  EZH2","AKT1, ATP1A1, ATRX, CCDC85B, DNMT1, DNMT3A, DNMT3B, E2F6, EED, GTF3C1, HDAC1, KLHDC2, NINL, PHF1, PIN4, POLA2, PSMB6, RPN2, SMS, SUZ12, VAV1, WDR61, WSB2, ZMYND11, "
"FANCA","2175","Fanconi anemia, complementation group A","16","FA; FA-H; FA1; FAA; FACA; FAH; FANCH; MGC75158; RANCA","AKT1, BRCA1, CDK1, FANCA, FANCA, FANCC, FANCE, FANCF, FANCG, HES1, IKBKB, SMARCA4, SMARCC1, SMARCD3, SNX5, SPTAN1, "
"FANCF","2188","Fanconi anemia, complementation group F","11","FAF;  MGC126856;  FANCF","FANCA, FANCC, FANCG, HES1, MARK3, OLFM2, "
"FASTKD3 ","79072","FAST kinase domains 3","5","MGC5297; FLJ23274; MGC142123; FASTKD3","-"
"FGF1","2246","fibroblast growth factor 1 (acidic)","5","AFGF; ECGF; ECGF-beta; ECGFA; ECGFB; FGF-alpha; FGFA; GLIO703; HBGF1; FGF1","CSNK2A1, CSNK2A2, CSNK2B, FGF1, FGF1, FGFBP1, FGFR1, FGFR2, FGFR3, FGFR4, FIBP, HSPA9, NRP1, RPS2, S100A13, SYT1, "
"FGF2 ","2247","fibroblast growth factor 2 (basic)","4","BFGF; FGFB; HBGF-2; FGF2","-"
"FGF7","2252","fibroblast growth factor7 (keratinocyte growth factor)","15","HBGF-7; KGF; FGF7","COL1A1, COL2A1, COL3A1, COL6A1, DUSP3, FGFR1, FGFR2, FGFR3, FGFR4, HSPG2, NRP1, "
"FGFR2","2263","fibroblast growth factor receptor 2","10","BEK; BFR-1; CD332; CEK3; CFD1; ECT1; FLJ98662; JWS; K-SAM; KGFR; TK14; TK25; FGFR2","CACNA1D, EPHA4, FGF1, FGF10, FGF17, FGF18, FGF23, FGF3, FGF4, FGF5, FGF6, FGF7, FGF8, FGF9, ITGA5, PAK4, PLCG1, PTK2B, "
"FHIT","2272","fragile histidine triad gene","3","AP3Aase; FRA3B; FHIT","FDXR, FHIT, FHIT, GSN, HSPD1, SRC, UBE2I, "
"FLNA","2316","filamin A, alpha","X","FLN;  FMD;  MNS;  OPD;  ABPX;  FLN1;  NHBP;  OPD1;  OPD2;  ABP-280;  DKFZp434P031;  FLNA","AR, ARHGAP24, ARRB1, ARRB2, BRCA2, CALCR, CAMK2G, CASR, CAV1, CCNB1, CDC42, CEACAM1, DCN, DRD1, DRD2, DRD3, ERBB3, F3, FBLIM1, FLNB, FURIN, GP1BA, GRIK1, GRIK3, GRM4, GRM5, GRM7, GRM8, ITGB1, ITGB5, ITGB7, KCNJ2, LMNA, MAP2K4, MAPK14, MTNR1A, MTNR1B, MYOT, NPHP1, OPRM1, PAK1, PCBP2, PRKCA, PSEN1"
"FLT1","2321","ms-related tyrosine kinase 1 (vascular endothelial growth factor/vascular permeability factor receptor)","13","FLT;  VEGFR1;  FLT1","ATR, CRK, CTNNB1, FLT1, FLT1, FYN, GRB2, KDR, NCK1, NRP1, NRP2, PGF, PLCG1, PLCG2, PTK2, PTK2B, PTPN11, SHC1, STAT1, STAT3, VEGFA, VEGFB, YES1, "
"FOXL2","668","forkhead box L2","3","BPES; BPES1; PFRK; PINTO; POF3; FOXL2","PAK1, "
"FUS","2521","fused in sarcoma","16","TLS;  ALS6;  FUS1;  POMP75;  HNRNPP2;  FUS","FUS, FUS, GRIN1, GRIN2D, ILF3, POLR2A, PRMT1, PTBP1, RELA, RXRA, SF1, SFPQ, SFRS13A, SFRS2, SFRS4, SPI1, SRRM1, THRA, YBX1, ZMYM2, "
"GAPDH","2597","glyceraldehyde-3-phosphate dehydrogenase","12","G3PD; GAPD; MGC88685; GAPDH","-, ACTB, APP, AR, ARL15, ATN1, ATXN1, BPGM, BTBD2, CAMK1, CAMK2B, CAMK4, DYNLL1, EGFR, FKBP6, GAPDH, GAPDH, GRM1, HBXIP, HNF4G, HTT, KAT5, LAMA4, MYOC, NR1H4, PAFAH1B3, PCDHA4, PDIA2, PGK1, PLD2, PPM1E, PRDX1, PRKCI, PSMD11, RAB2A, RPA2, S100A6, SERPINB9, SIAH1, SLC2A1, SLC2A4, SUMO4, TK1, TPPP, "
"GARS","2617","glycyl-tRNA synthetase ","7","HMN5;  CMT2D;  DSMAV;  GlyRS;  SMAD1;  GARS","CD44, CELSR2, EEF1D, IARS, "
"GATA3","2625","GATA binding protein 3","10","HDR; MGC2346; MGC5199; MGC5445; GATA3","ETS1, ETS2, LMO1, LMO2, MED1, SATB1, TAL1, ZFPM2, "
"GDF15","9518","growth differentiation factor 15","19","GDF-15; MIC-1; MIC1; NAG-1; PDF; PLAB; PTGFB; GDF15","GDF15, GDF15, "
"GFOD2","81577","glucose-fructose oxidoreductase domain containing 2","16","FLJ23802; MGC11335; GFOD2","-"
"GJA1","2697","gap junction protein, alpha 1, 43kDa","6","HSS;  CX43;  GJAL;  ODDD;  DFNB38;  GJA1","-"
"GLI1","2735","GLI family zinc finger 1","12","GLI;  GLI1","DYRK1A, STK36, SUFU, ZIC1, ZIC2, "
"GLTP","51228","glycolipid transfer protein","12","GLTP","-"
"GPX3","2878","glutathione peroxidase 3 (plasma)","5","GPx-P; GSHPx-3; GSHPx-P; GPX3","-"
"GRB2","2885","growth factor receptor-bound protein 2","17","ASH; EGFRBP-GRB2; Grb3-3; MST084; MSTP084; NCKAP2; GRB2","ABL1, ADA, ADAM12, ADAM15, ADRB1, ADRB2, ALOX5, ANXA2, APP, ARHGAP17, AXL, BAT2, BCAR1, BCL2A1, BCR, BLNK, CALD1, CBL, CBLB, CBLC, CCL5, CD19, CD22, CD247, CD28, CD2AP, CD72, CDKN1B, CHRM4, CHRND, CRK, CRKL, CSF1R, CSF3R, CTTN, DAB2, DAG1, DCTN1, DNM1, DNM2, DRD3, DRD4, DTX1, EGF, EGFR, ELK1, EPHA2, EPHB1, EPHB2, EPHB6, EPOR, ERBB2, ERBB3, ERBB4, ESR1, FASLG, FGFR1, FGFR3, FLT1, FLT3, FLT4, FRS2, FRS3, FYN, GAB1, GAB2, GAB3, GHR, GRB2, GRB2, GRB7, HNRNPC, HRAS, HTT, IL2RB, INPP5D, IRS1, IRS2, IRS4, ITGA2B, ITGA6, ITGB4, ITK, JAK1, JAK2, JUB, KDR, KHDRBS1, KHDRBS2, KIT, LAT, LAT2, LAX1, LCP2, LIME1, LY6G6F, MAP2, MAP4K1, MAP4K5, MAPK1, MAPK12, MAPK14, MED28, MERTK, MET, MS4A2, MST1R, MTA1, MTA3, MUC1, NCKIPSD, NEU3, NGFR, NPM1, NTRK1, OCRL, PAG1, PAK1, PAK2, PAK4, PDE6G, PDGFRB, PIK3C2B, PIK3CG, PIK3R1, PIK3R2, PLCG1, PNRC1, PRKAR1A, PRNP, PTK2, PTK2B, PTPN1, PTPN11, PTPN12, PTPN22, PTPN6, PTPRA, PTPRC, PTPRE, RALGPS1, RAPGEF1, RAPSN, RASA1, REPS1, REPS2, RET, RHOU, RPS6KA1, SELL, SH2B1, SH2B2, SH2B3, SH2D1A, SH3BP2, SH3KBP1, SHB, SHC1, SHC2, SHC3, SHC4, SHKBP1, SIGLEC7, SIT1, SKAP1, SNTA1, SOCS1, SOCS7, SOS1, SOS2, SPRY1, SPRY2, SRC, STAMBP, SYK, SYN1, SYNJ1, SYNJ2, SYP, TEK, TNFRSF1A, TNK2, TOM1L1, TP63, TUB, USP6NL, USP8, VAV1, VAV2, VAV3, WAS, WASF1, WASF2, WASL, ZAP70, "
"GRM4","2914","glutamate receptor, metabotropic 4","6","mGlu4; GPRC1D; MGLUR4; MGC177594; GRM4","CALM1, FLNA, GNA15, GNAQ, GRM4, GRM4, "
"GSS","2937","glutathione synthetase","20","GSHS;  MGC14098;  GSS","GSS, GSS, GSTZ1, "
"GSTP1","2950","glutathioneS-transferase pi 1","11","DFN7; FAEES3; GST3; GSTP; PI; GSTP1","FANCC, GSTP1, GSTP1, MAPK8, PNO1, PTN, SUMO4, TGM2, TRAF2, "
"GTF2F2","2963","general transcription factor IIF, polypeptide 2, 30kDa","13","BTF4;  RAP30;  TF2F2;  TFIIF;  GTF2F2","AHR, AR, ARNT, ATF2, ATF4, C19orf2, CEBPG, CREB1, FOS, GTF2B, GTF2E1, GTF2E2, GTF2F1, GTF2F2, GTF2F2, HTATSF1, JUN, KLF5, MSX2, POLR2E, TAF5, TBP, TRAM2, "
"GTF2H4","2968","general transcription factor IIH, polypeptide 4, 52kDa","6","TFB2;  TFIIH;  GTF2H4","ERCC3, ERCC5, GTF2E1, "
"GYS2","2998","glycogen synthase 2 (liver)","12","GYS2","-"
"HBA2","3040","hemoglobin, alpha 2","16","HBA2","AHSP, CPM, HBA2, HBA2, HBB, HBE1, "
"HDLBP","3069","HDLBP high density lipoprotein binding protein","2","HBP;  VGL;  PRO2900;  FLJ16432;  HDLBP","ADAR, DHX9, FAM46A, SMAD4, XPOT, "
"HIC1","3090","hypermethylated in cancer 1","17","ZBTB29; hic-1; HIC1","CTBP1, HDAC1, HIC1, HIC1, SIRT1, "
"HIN-1","92304","secretoglobin, family 3A, member 1","5","HIN-1; HIN1; LU105; MGC87867; PnSP-2; UGRP2; SCGB3A1","-"
"HIST1H1C","3006","histone cluster 1, H1c","6","H1C;  H1.2;  H1F2;  MGC3992;  HIST1H1C","F10, NASP, "
"HIST2H2BE","8349","histone cluster 2, H2be","1","H2B;  H2BQ;  GL105;  H2B.1;  H2BFQ;  H2BGL105;  MGC119802;  MGC119804;  MGC129733;  MGC129734;  HIST2H2BE","AKT1, ATF2, BRD7, DYRK2, GADD45A, HIRA, HIRIP3, HSPD1, KPNA1, LALBA, NAP1L4, PTMA, RCC1, SAP30, TBL1X, TBL1XR1, TGM2, TNPO1, "
"HLA-C","3107","major histocompatibility complex, class I, C","6","HLC-C;  D6S204;  HLA-Cw;  PSORS1;  HLA-JY3;  FLJ27082;  HLA-Cw12;  HLA-C","B2M, CALR, CD8A, HSPA5, KIR2DL1, KIR2DL2, KIR2DL3, KIR2DS1, KIR2DS2, KIR2DS4, LILRB1, LILRB2, TAP2, TAPBP, "
"HLA-DQB1","3119","major histocompatibility complex, class II, DQ beta 1","6","IDDM1;  CELIAC1;  HLA-DQB;  HLA-DQB1","CD4, CD74, HLA-DQA2, INS, "
"HLA-DRA","3122","major histocompatibility complex, class II, DR alpha","6","HLA-DRA1; MLRW;fLJ51114; HLA-DRA","CD63, CD74, CD82, HLA-DMA, HLA-DMB, HLA-DRB1, HLA-DRB5, MBP, PRPF40B, "
"HLA-DRB3","3125","major histocompatibility complex, class II, DR beta 3","6","HLA-DR3B; HLA-DRB1; MGC117330; HLA-DRB3","CTAG1B, POMC, "
"HLA-DRB5","3127","major histocompatibility complex, class II, DR beta 5","6","hCG_1998957; FLJ76359; HLA-DRB; HLA_DRB5","CTAG1B, HLA-DRA, "
"HLTF","6596","helicase-like transcription factor","3","HIP116; HIP116A; HLTF1; RNF80; SMARCA3; SNF2L3; ZBU1; HLTF","EEF1G, "
"HMGB1","3146","HMGB1 high-mobility group box 1","13","HMG1;  HMG3;  SBP-1;  DKFZp686A04236;  HMGB1","AES, AGER, AR, ATOH1, C14orf1, C1orf103, CASP3, CEBPB, CRMP1, CSNK1A1, CTCF, CUX1, DNMT1, ERF, FOXA3, FOXC1, HES1, HNRNPK, HOXD9, HR, IRF2, MECP2, MNT, NCAN, NEUROD6, NFKB1, PLAT, PLG, POU5F1, PPP2R3A, PRKCA, PRKDC, RAG1, RASSF4, RB1, RBPJ, RELA, RFX1, SIX5, SOX18, TAF1, TBP, TFE3, TGIF1, TLE1, TLE2, TLR2, TLR4, TP53, TP73, UNC119, ZFP36, "
"HOPX","84525","HOP homeobox","4","CAMEO; HOD; HOP; LAGY; MGC20820; NECC1; OB1; SMAP31; TOTO; HOPX","HDAC2, SRF, "
"HOXA1","3198","homeobox A1","7","BSAS;  HOX1;  HOX1F;  MGC45232;  HOXA1","CHIC2, EFEMP2, GRN, KRTAP4-12, LPXN, MDFI, PLSCR1, TCF3, TRAPPC6A, TRIP6, "
"HOXB6","3216","homeobox B6","17","HOX2;  HU-2;  HOX2B;  Hox-2.2;  HOXB6","CREBBP, CSNK2B, EP300, HOXB7, KRT15, PKNOX1, PLSCR1, SAT1, "
"HOXC10","3226","homeobox C10","12","HOX3I;  MGC5259;  HOXC10","CDC27, EGFR, "
"HPGD","3248","hydroxy prostaglandin dehydrogenase 15-(NAD)","4","15-PGDH;PGDH;PGDH1;SDR36C1; HPGD","-"
"HRAS","3265","v-Ha-ras Harveyrat sarcoma viral oncogene homolog","11","C-BAS/HAS; C-H-RAS; C-HA-RAS1; CTLO; H-RASIDX; HAMSV; HRAS1; K-RAS; N-RAS; RASH1; HRAS","AGTR1, ARAF, BCL2, BRAF, BRAP, CAV1, CDC25A, CDC25C, DGKZ, FNTA, FNTB, FYN, GPSM2, GRB2, GRIN1, GRIN2D, ICMT, IKZF3, IL3, INSR, IRAK1, IRAK2, ITSN1, LGALS1, MAP2K1, MAPK8, MLLT4, NF1, PDE6D, PDGFB, PIK3CA, PIK3CD, PIK3CG, PIK3R1, PLCE1, PRKCI, PRKCZ, RABAC1, RAF1, RALGDS, RAP1B, RAP1GDS1, RAPGEF1, RARRES3, RASA1, RASGRP1, RASGRP4, RASIP1, RASSF1, RASSF2, RASSF5, RGL1, RGL2, RGL4, RGS12, RHOD, RIN1, RIT2, SHOC2, SOS1, SOS2, SRC, TIAM1, TLR2, TLR9, TP73, TTC1, VAV1, ZBTB12, "
"HS3ST2","9956","heparansulfate (glucosamine) 3-O-sulfotransferase 2","16","30ST2; 3OST2; HS3ST2","-"
"HSP90AA1","3320","heat shock protein 90kDa alpha (cytosolic), class A member 1","14","HSPN;  LAP2;  HSP86;  HSPC1;  HSPCA;  Hsp89;  Hsp90;  HSP89A;  HSP90A;  HSP90N;  HSPCAL1;  HSPCAL4;  FLJ31884;  HSP90AA1","AHR, AHSA1, AHSA2, AIP, AKT1, AKT2, APOB, AR, ARNTL, ASGR1, BIRC5, BRMS1, CALM1, CDC37, CDC37L1, CHEK1, CHUK, CRNKL1, CSNK2A1, CSNK2A2, DAP3, DNAJC7, EIF2AK1, EIF2AK2, EIF2AK3, EPRS, ERBB2, ERN1, ESR1, FAM162A, FKBP5, FKBP6, FYN, GNA12, GUCY1B3, HIF1A, HSP90AA1, HSP90AA1, HSPA8, IKBKB, IKBKE"
"HSPB2","3316","heat shock 27kDa protein 2","11","MKBP;  HSP27;  Hs.78846;  LOH11CR1K;  MGC133245;  HSPB2","CLK4, DMPK, HSPB3, RPS6KA5, "
"HSPB8","26353","heat shock 27kDa protein 8","12","CMT2L; DHMN2; E2IG1; H11; HMN2; HMN2A; HSP22","BAG3, CSNK2A1, HSPB1, HSPB6, HSPB7, HSPB8, HSPB8, MAPK3, PRKCA, "
"HSPD1","3329","heat shock 60kDa protein 1 (chaperonin)","2","HLD4;  CPN60;  GROEL;  HSP60;  HSP65;  SPG13;  HuCHA60;  HSPD1","ALDH2, BAK1, CA2, CASP3, CASP9, DHFR, FHIT, HIST2H2BE, HSPD1, HSPD1, HSPE1, ITGA3, ITGB1, PPP2R1A, PPP2R1B, PRKACA, PRNP, RASA1, SUMO4, TLR1, YWHAG, "
"HUWE1","10075","HECT, UBA and WWE domain containing 1","X","MULE;  Ib772;  LASU1;  UREB1;  HECTH9;  ARF-BP1;  HSPC272;  KIAA0312;  HUWE1","CCL1, CDKN2A, LAPTM5, MCL1, RNF11, SMAD2, SMAD9, TP53, "
"HYAL1","3373","hyalurono glucos aminidase 1","3","NAT6;  LUCA1;  HYAL-1;  MGC45987;  HYAL1","-"
"ICOS","29851","inducible T-cell co-stimulator","2","AILIM;  CD278;  MGC39850;  ICOS","ICOS, ICOS, ICOSLG, "
"IER5","51278","immediate early response 5","1","PP4583; MGC102760; SBBI48; IER5","-"
"IFI16","3428","interferon, gamma-inducible protein 16","1","IFNGIP1; MGC9466; PYHIN2; IFI16","AR, BRCA1, CSNK2A1, ID1, ID2, ID3, TP53, TP53BP1, TPR, "
"IFI6","2537","interferon, alpha-inducible protein 6","1","6-16;  G1P3;  FAM14C;  IFI616;  IFI-6-16;  IFI6","CIB1, "
"IFITM1","8519","interferon induced transmembrane protein 1 (9-27)","11","9-27; CD225; IFI17; LEU13; IFITM1","BAT5, CD81, CR2, IFITM1, IFITM1, "
"IFNG","3458","interferon, gamma","12","IFG; IFI; IFNG","IFNG, IFNG, IFNGR1, IFNGR2, PDIA3, TNF, "
"IGF1","3479","GF1 insulin-like growth factor 1 (somatomedin C)","12","IGFI;  IGF1A;  IGF1","CTSB, IDE, IGF1R, IGFALS, IGFBP1, IGFBP2, IGFBP3, IGFBP4, IGFBP5, IGFBP6, IGFBP7, IGSF1, NOV, WISP2, "
"IGF2","3481","IGF2 insulin-like growth factor 2 (somatomedin A)","11","INSIGF;  pp9974;  C11orf43;  FLJ22066;  FLJ44734;  IGF2","GPC3, IDE, IGF1R, IGF2R, IGFBP1, IGFBP2, IGFBP3, IGFBP4, IGFBP5, IGFBP6, IGFBP7, INSR, NOV, PCSK4, PLG, VTN, WISP2, "
"IGFBP2","3485","insulin-like growth factor binding protein 2, 36kDa","2","IBP2; IGF-BP53; IGFBP2","IGF1, IGF2, KLK2, TF, "
"IGFBP3","3486","IGFBP3 insulin-like growth factor binding protein 3","7","IBP3;  BP-53;  IGFBP3","ADAM12, CAV1, CD44, COL1A1, CSNK2A1, CTSD, CTSG, CTSL1, F2, FN1, GPI, GTF3C1, IGF1, IGF1R, IGF2, IGFALS, KLK3, KLKB1, KPNB1, LTBP1, MMP1, MMP2, MMP3, PAPPA2, PLG, POLA2, RXRA, TF, "
"IGFBP5","3488","insulin-like growth factor binding protein 5","2","IBP5; IGFBP5","ADAM12, BAT3, F2, FHL2, FN1, IGF1, IGF2, IGFALS, KPNB1, PAPPA2, PNO1, RASSF1, SERPINE1, SPP1, TF, THBS1, VTN, "
"IGFBP6","3489","insulin-like growth factor binding protein 6","12","IBP6; IGFBP6","IGF1, IGF2, TF, UBQLN4, "
"IL10","3586","interleukin 10","1","CSIF;  TGIF;  IL-10;  IL10A;  MGC126450;  MGC126451;  IL10","A2M, IL10, IL10, IL10RA, IL10RB, "
"IL18","3606","interleukin 18 (interferon-gamma-inducing factor)","11","IGIF; IL-18; IL-1g; IL1F4; MGC12320; IL18","CASP1, CASP3, CASP4, IL18BP, IL18R1, IL18RAP, IL1RL2, "
"IL1A","3552","interleukin 1, alpha","2","IL-1A; IL1; IL1-ALPHA; IL1F1; ILIA","CAPN1, CASP1, HAX1, IL1A, IL1A, IL1R1, IL1R2, IL1RAP, NDN, NFKBIE, S100A13, "
"IL1RN","3557","interleukin 1 receptor antagonist","2","DIRA; ICIL-1RA; IL-1ra3; IL1F3; IL1RA; IRAP; MGC10430; MVCD4; IL1RN","IL1R1, IL1R2, "
"IL32","9235","interleukin 32","16","NK4;  TAIF;  TAIFa;  TAIFb;  TAIFc;  TAIFd;  IL-32beta;  IL-32alpha;  IL-32delta;  IL-32gamma;  IL32","PRTN3, "
"IL6","3569","interleukin 6 (interferon, beta2)","7","BSF2; HGF; HSF; IFNB2; IL-6; IL6","IL6R, IL6ST, PTHLH, SH3GL2, ZBTB16, "
"IL8","3576","interleukin 8","4","NAF;  GCP1;  LECT;  LUCT;  NAP1;  CXCL8;  GCP-1;  LYNAP;  MDNCF;  MONAP;  NAP-1;  IL8","CCL4, CTSL1, CXCR1, CXCR2, DARC, GNAI2, IL12A, IL8, IL8, MMP9, PF4, SDC1, WASF1, "
"ILF2","3608","interleukin enhancer binding factor 2, 45kDa ","1","NF45;  MGC8391;  PRO3063;  ILF2","EEF1G, PRKDC, SFRS12, SGSM2, "
"IMP3","55272","IMP3, U3 small nucleolar ribonucleoprotein, homolog (yeast)","15","BRMS2;  MRPS4;  C15orf12;  FLJ10968;  DKFZp586L0118;  IMP3","LPXN, MPHOSPH10, "
"INPP5E","56623","inositol polyphosphate-5-phosphatase, 72 kDa","9","CORS1; JBTS1; MGC117201; MORMS; PPI5PIV","YWHAG, "
"IPO5","3843","importin 5","13","IMB3;  KPNB3;  RANBP5;  MGC2068;  FLJ43041;  DKFZp686O1576;  IPO5","BHLHB9, DPPA3, H1F0, NUP153, NUP214, NUP62, NUP98, RAG2, RAN, RANBP2, RPL13, RPL23, RPL23A, RPL5, RPS7, "
"IRF3","3661","interferon regulatory factor 3","19","IRF3","CREBBP, EP300, GRIP1, IKBKE, IRF3, IRF3, IRF5, IRF7, MAVS, PIAS4, PPIB, PRDX1, RELA, SERPINB2, SMURF2, SYT1, TBK1, TICAM1, TICAM2, "
"ITGA1","3672","integrin, alpha 1","5","VLA1;  CD49a;  ITGA1","AUP1, BIN1, COL13A1, COL8A1, ITGA1, ITGA1, ITGB1, LAMA1, MATN1, PTPN2, TLN1, "
"ITGA4","3676","integrin, alpha 4 (antigen CD49D, alpha 4 subunit of VLA-4 receptor)","2","CD49D; IA4; MGC90518; ITGA4","ADAM28, CD81, CD82, EED, FN1, ICAM4, ITGA4, ITGA4, ITGB1, ITGB7, LGALS8, LPXN, MADCAM1, PRKACA, PRKAR1A, PXN, TGFB1I1, VCAN, "
"ITGA6","3655","integrin, alpha 6","2","CD49f; VLA-6; ITGA6B; FLJ18737; DKFZp686J01244; ITGA6","ADAM9, BIN1, CANX, CD151, CD36, CD63, CD82, COL17A1, GIPC1, GRB2, ITGB1, ITGB4, PCSK5, PLEC1, PRKCD, PXN, RPSA, TSPAN4, "
"ITGAV ","3685","integrin, alpha V (vitronectin receptor, alpha polypeptide, antigen CD51)","2","CD51; MSK8; VNRA; DKFZp686A08142; ITGAV","-"
"ITGB1","3688","integrin, beta1(fibronectin receptor,beta polypeptide, antigen CD29 includes MDF2, MSK12)","10","CD29; FNRB; GPIIA; MDF2; MSK12; VLA-BETA; VLAB; ITGB1","ACTN4, ARHGAP5, CANX, CD151, CD36, CD46, CD82, CD9, CRKL, DOK1, EPS8, FBLN1, FBXO2, FHL2, FLNA, FLNB, FLT4, FN1, GNB2L1, HSPD1, HSPG2, ICAM4, IGF1R, ILK, ITGA1, ITGA10, ITGA11, ITGA2, ITGA3, ITGA4, ITGA5, ITGA6, ITGA8, ITGA9, ITGAV, ITGB1, ITGB1, ITGB1BP1, ITGB1BP2, ITGB1BP3, LAMA1, LGALS1, LGALS3BP, LGALS8, MAP4K4, NCKIPSD, NF2, NME1, PLAUR, PRKCA, PRKCE, PTK2, PXN, RAB25, SLC3A2, SPP1, TGM2, TGOLN2, TIMP2, TLN1, TSPAN4, VCAM1, VCAN, YWHAB, "
"ITGB2","3689","integrin, beta 2 (complement component 3 receptor 3 and 4 subunit)","21","LAD;  CD18;  MF17;  MFI7;  LCAMB;  LFA-1;  MAC-1;  ITGB2","CD14, CD226, CD82, COPS3, CYTH1, CYTH2, DAB1, DOK1, ESM1, FCER2, FHL2, FUT4, GNB2L1, HP, ICAM1, ICAM2, ICAM3, ICAM4, ICAM5, ILK, ITGAD, ITGAM, ITGAX, ITGB2, ITGB2, KNG1, NUMB, PRKCA, PRKCB, PRKCD, PRKCH, PRTN3, PTK2, PTK2B, RANBP9, RDX, SYK, TLN1, VNN2, "
"ITGB8","3696","integrin, beta 8","7","ITGB8","ITGAV, TGFB1, VTN, "
"ITM2C","81618","integral membrane protein 2C","2","E25;  BRI3;  E25C;  ITM3;  BRICD2C;  ITM2C","BACE1, FURIN, MTNR1B, RNF7, STT3A, "
"IVL","3713","involucrin","1","IVL","EVPL, SPRR3, "
"JAK1","3716","Janus kinase 1","1","JTK3;  JAK1A;  JAK1B;  JAK1","ABL1, BRCA1, BTK, CCR1, CCR5, CSF2RB, CSF3R, CXCR4, EIF2AK2, ELP2, FER, FES, GHR, GNB2L1, GRB2, IFNAR2, IFNGR1, IGF1R, IL10RA, IL21R, IL2RB, IL2RG, IL3RA, IL4R, IL5RA, IL6ST, IL7R, IL9R, INPP5D, INSR, IRS1, IRS2, JAK1, JAK1, JAK3, JAKMIP1, MDK, OSMR, PDGFRA, PDGFRB, PIK3R1, PLA2G4A, PLAUR, PLCG2, PRKCZ, PRMT5, PTK2B, PTPN11, PTPN2, PTPN6, PTPRC, RAF1, SH2B2, SHB, SOCS1, SOCS3, STAM, STAM2, STAT1, STAT2, STAT3, STAT5A, STAT6, SYK, TEC, TNFRSF1A, TSHR, TYK2, "
"JUNB","3726","jun B proto-oncogene","19","AP-1; JUNB","BATF, BCL6, BRCA1, ESR1, FOS, FOSB, FOSL1, FOSL2, JDP2, JUNB, JUNB, MAPK14, MAPK8, NFE2L1, NINL, SMAD3, SMAD4, "
"KCNC4","3749","potassium voltage-gated channel, Shaw-related subfamily, member 4","1","KV3.4;  KSHIIIC;  HKSHIIIC;  MGC126818;  KCNC4","-"
"KCNJ4","3761","potassium inwardly-rectifying channel, subfamily J, member 4","22","HIR; HIRK2; HRK1; IRK3; Kir2.3; MGC142066; MGC142068; KCNJ4","CASK, DLG1, DLG2, DLG4, GNGT2, IL16, KCNJ2, LIN7B, PRKCD, "
"KIAA1324","57535","KIAA1324","1","EIG121;  MGC150624;  RP11-352P4.1; KIAA1324","-"
"KIT","3815","v-kit Hardy-Zuckerman 4 feline sarcoma viral oncogene homolog","4","C-Kit; CD117; PBT; SCFR; KIT","ABL1, BTK, CBL, CBLB, CD81, CD9, CISH, CLTC, CRK, CRKL, CSF2RA, CSF2RB, DOK1, EPOR, FYN, GRAP, GRAP2, GRB10, GRB2, GRB7, HCK, INPP5D, JAK2, KIT, KIT, KITLG, LCK, LYN, MATK, MPDZ, PIK3CG, PIK3R1, PIK3R2, PLCE1, PLCG1, PRKCA, PRKCB, PTPN11, PTPN6, PTPRO, PTPRU, RASA1, SH2B2, SH2B3, SOCS1, SOCS5, SOCS6, SPRED1, SPRED2, SRC, STAP1, STAT1, STAT5A, STAT5B, TEC, YES1, "
"KITLG","4254","KIT ligand","12","DKFZp686F2250; FPH2; KL-1; Kitl; MGF; SCF; SF; SHEP7; KITLG","CLEC11A, CMA1, CSF2, EPOR, FLT3LG, KIT, KITLG, KITLG, PIK3CD, UBE2V1, "
"KLF3","51274","KLF3 Kruppel-like factor 3 (basic)","4","BKLF;  MGC48279;  KLF3","CTBP2, "
"KLK10","5655","kallikrein-related peptidase 10","19","NES1; PRSSL1; KLK10","C1orf103, "
"KLK11","11012","kallikrein-related peptidase 11","19","MGC33060;PRSS20;TLSP; KLK11","-"
"KLK12","43849","kallikrein-related peptidase 12","19","DKFZp686H1078;KLK-L5;KLKL5;MGC42603; KLK12","-"
"KLK13","26085","kallikrein-related peptidase 13","19","DKFZp586J1923; KLK-L4; KLKL4; KLK13","SERPINF2, "
"KLK2","3817","kallikrein-related peptidase 2","19","KLK2A2; MGC12201; hK2; KLK2","A2M, AR, IGFBP2, POLR2A, SEMG1, SEMG2, SERPINA3, SERPINA4, SERPINA5, SERPINB6, SERPINC1, SERPINE1, SERPINF2, "
"KLK7","5650","kallikrein-related peptidase 7","19","PRSS6;SCCE; KLK7","-"
"KLK8","11202","kallikrein-related peptidase 8","19","HNP;NP;NRPN;PRSS19;TADG14; KLK8","-"
"KRAS","3845","v-Ki-ras2 Kirsten rat sarcoma viral oncogene homolog","12","C-K-RAS; K-RAS2A; K-RAS2B; K-RAS4A; K-RAS4B; KI-RAS; KRAS1; KRAS2; NS; NS3; RASK2; KRAS","BCL2, CALM1, EPB42, FNTA, FNTB, HNRNPC, PGGT1B, PIK3CG, RAF1, RALGDS, RAP1GDS1, RASGRP2, RASSF2, RASSF5, SHOC2, "
"KRT1","3848","keratin 1","12","CK1; EHK; EHK1; EPPK; K1; KRT1A; NEPPK; KRT1","CALB2, DSP, EVPL, F12, KNG1, KRT5, MBL2, PRKCE, YWHAQ, "
"KRT10","3858","keratin 10","17","CK10; K10; KPP; KRT10","AKT1, EVPL, PRKCZ, SMAD3, "
"KRT13","3860","keratin 13","17","CK13; K13; MGC161462; MGC3781; KRT13","KRT7, "
"KRT15","3866","keratin 15","17","K15;  CK15;  K1CO;  KRT15","ABI2, ABI3, ABLIM1, AMOTL2, ARC, C10orf10, C1orf216, C1orf65, CALCOCO1, CCDC101, CCDC120, DGCR6L, EXOC8, FAM107A, FAM164C, HOXB6, KIAA0408, KIAA1217, KIAA1267, KRT18, KRT19, KRT20, KRT6A, KRT6B, KRT81, LDOC1, LNX1, MAD2L1BP, MCM10, NIF3L1, NOC4L, NUDT18, PCM1, PRPH, PSMA1, PSMC5, RCOR3, RHPN1, RIBC2, SMARCD1, TCHP, TEKT4, TSG101, TUBGCP4, TXNDC11, USHBP1, USP2, WAC, ZNF638, "
"KRT17","3872","keratin 17","17","PC;  K17;  PC2;  PCHC1;  KRT17","CCDC85B, EGFR, KRT6A, KRT7, "
"KRT18","3875","keratin 18","12","CYK18; K18; KRT18","CAMK2A, CASP3, CASP6, CASP7, CASP8, CBL, CCDC85B, CDK1, COL17A1, DEDD, DNAJB6, EGFR, EXOC8, HGS, HSPA1A, HSPA5, KRT15, KRT5, KRT8, LDOC1, MAPK14, NME7, PKD1, PKP2, PNN, PRKCA, PRKCE, RAF1, RHPN2, RPS6KA3, SERPINE1, SHC1, TCHP, TNFRSF1B, TRADD, TUBG1, TUBGCP4, USH2A, YWHAB, YWHAE, YWHAG, YWHAH, YWHAZ, "
"KRT19","3880","keratin 19","17","CK19; K19; K1CS; MGC15366; KRT19","ABI2, C10orf10, DGCR6L, DMD, EXOC8, FAM107A, FANCG, HGS, KRT15, KRT6B, PCM1, PNN, SFI1, TUBG1, USHBP1, ZNF638, "
"KRT3","3850","keratin 3","12","CK3; FLJ95909; K3; KRT3","-"
"KRT4","3851","keratin 4","12","CK4; CYK4; FLJ31692; K4; KRT4","-"
"KRT6B","3854","keratin 6B","12","K6B;  PC2;  CK6B;  KRTL1;  KRT6B","KRT15, KRT19, "
"KRT7","3855","Keratin 7","12","K7; CK7; SCL; K2C7; MGC3625; MGC129731; KRT7","ATF7IP, EGFR, HSPA1A, KRT13, KRT17, KRT27, LAPTM5, "
"KRT8","3856","keratin 8","12","CARD2; CK8; CYK8; K2C8; K8; KO; KRT7","ANXA1, BYSL, DEDD, DMD, EGFR, FGFR3, HSPA5, KRT18, MAPK1, MAPK14, MAPK3, MAPK8, PKD1, PKP1, PLAT, PNN, RAF1, TCHP, "
"KRTHA3B","3884","keratin 33B","17","HA3II;  Ha-3II;  KRTHA3A;  KRTHA3B;  hHa3-II;  KRT33B; KRT8","-"
"LAMA5","3911","laminin, alpha 5","20","KIAA1907;  LAMA5; KRTHA3B","ATF7IP, BCAM, BTBD10, COL7A1, DAG1, FBLN2, LAMC1, MEP1A, MYOC, SMAD2, SV2A, "
"LARP7","51574","La ribonucleoprotein domain family, member 7","4","PIP7S; HDCMA18P; MGC104360; DKFZp564K112; LARP7; LAMA5","-"
"LDHA","3939","lactate dehydrogenase A ","11","LDH1;  LDHM;  GSD11;  PIG19;  LDHA; LARPT","ABCC9, DYNLL1, HNRNPD, KCNJ11, LDHA, LDHA, NDRG1, XRN1, "
"LGALS7","3963","lectin, galactoside-binding, soluble, 7","19","GAL7;  LGALS7A;  LGALS7; LDHA","CA12, LGALS7, LGALS7, "
"LGR5","8549","leucine-rich repeat-containing G protein-coupled receptor 5","12","FEX; GPR49; GPR67; GRP49; HG38; MGC117008; LGR5","-"
"LHFPL4","375323","lipoma HMGIC fusion partner-like 4","3","MGC133162;  LHFPL4","-"
"LMX1A","4009","LIM homeobox transcription factor 1, alpha","1","LMX1;  LMX1.1;  MGC87616;  LMX1A","BMPR2, ISL1, LDB1, "
"LSM3","27258","LSM3 homolog, U6 small nuclear RNA associated (S. cerevisiae)","3","SMX4;  USS2;  YLR438C;  LSM3","CCDC45, EEF1A1, GDF9, LSM1, LSM10, LSM2, LSM5, LSM6, LSM7, NAA38, SMN1, SNRPD3, SNRPE, UTP14A, XPC, XRN2, "
"LSMD1","84316","LSM domain containing 1","17","PFAAP2;  MGC14151;  MGC74837;  LSMD1","-"
"LY6D","8581","lymphocyte antigen 6 complex, locus D","8","E48;  Ly-6D;  LY6D","-"
"LYPLA1","10434","lysophospholipase I","8","LPL1;  APT-1;  hAPT1;  LYSOPLA;  LYPLA1","ANXA2, LYPLA1, LYPLA1, "
"MAL","4118","mal, T-cell differentiation protein","2","MAL","-"
"MAP3K11","4296","mitogen-activated protein kinase kinase kinase 11","11","MLK3;  PTK1;  SPRK;  MLK-3;  MEKK11;  MGC17114;  MAP3K11","AKT1, CDC42, CHUK, IKBKB, KIF3A, MAP2K7, MAP3K11, MAP3K11, MAP3K12, MAP4K1, MAP4K2, MAPK8IP1, MAPK8IP2, MAPK8IP3, RAC1, RHOG, SH3RF1, "
"MBNL2","10150","muscleblind-like 2 (Drosophila)","13","MBLL;  MBLL39;  PRO2032;  MGC120625;  MGC120626;  MGC120628;  DKFZp781H1296;  RP11-128N14.1;  MBNL2","-"
"MCM2","4171","mini chromosome maintenance complex component 2","3","BM28; CCNL1; CDCL1; D3S3194; KIAA0030; MGC10606; MITOTIN; cdc19; MCM2","AKAP8, CCNB2, CDC6, CDC7, CDK4, CDK6, CDKN2A, CPSF1, DBF4, GNB5, GTF2B, GTF2H1, HIST3H3, MCM10, MCM2, MCM2, MCM3, MCM4, MCM5, MCM6, MCM7, MOBKL3, MPP3, MYST2, ORC1L, ORC2L, ORC4L, ORC5L, ORC6L, PHC2, PLK1, RAD52, RPA1, RPA2, RPA3, RPS4X, TBP, "
"MCM3","4172","mini chromosome maintenance complex component 3","6","HCC5;  P1.h;  RLFB;  MGC1157;  P1-MCM3;  MCM3","CDC45L, CDC5L, CDC6, CDC7, CDK2, DBF4, HAUS1, MCM10, MCM2, MCM3AP, MCM4, MCM5, MCM6, MCM7, ORC2L, ORC4L, ORC5L, PLK1, POLR2A, PPP2R1A, PPP2R1B, RAD52, STAT1, SUPT16H, "
"MCM4","4173","mini chromosome maintenance complex component 4","8","CDC21;  CDC54;  hCdc21;  MGC33310;  P1-CDC21;  MCM4","CCNA1, CDC5L, CDC7, CDK1, CDK2, MCM2, MCM3, MCM4, MCM4, MCM6, MCM7, MCM8, ORC2L, ORC6L, SSRP1, SUPT16H, "
"MCM5","4174","mini chromosome maintenance complex component 5","22","CDC46; MGC5315; P1-CDC46; MCM5","CDC5L, CDC7, CDKN2A, MCM2, MCM3, MCM7, MDFI, NFKBIA, ORC1L, ORC2L, ORC3L, ORC5L, ORC6L, RPA2, STAT1, YWHAG, "
"MDM2","4193","Mdm2 p53 binding protein homolog (mouse)","12","HDMX; MGC5370; MGC71221; hdm2; MDM2","ABL1, ADRBK1, AKT1, AR, ARRB2, ATM, CASP3, CCAR1, CCNG1, CDKN2A, CHEK2, COPS5, CREBBP, CTBP2, DAXX, DHFR, EID1, EP300, ESR1, GTF2E2, HDAC1, HIF1A, HIPK2, IGF1R, JMY, KAT2B, KAT5, MDM4, MED1, MTBP, NPM1, NR3C1, NUMB, PIAS1, PJA1, PML, POLE, PPM1D, PSMD10, PSME3, RANBP2, RASSF1, RB1, RPL11, RPL5, SUMO1, TAF1, TBP, TCAP, TP53, TP73, TSG101, UBB, UBE2A, UBQLN4, USP2, USP7, "
"ME1","4199","malicenzyme 1, NADP(+)-dependent, cytosolic","6","HUMNDME; MES; ME1","-"
"MEF2A","4205","myocyte enhancer factor 2A","15","ADCAD1;  RSRFC4;  RSRFC9;  MEF2A","ASCL1, CASP3, CASP7, CDK5, EP300, HDAC4, HDAC5, HDAC9, MAPK14, MAPK7, MEF2A, MEF2A, MEF2D, MYOD1, MYOG, PHB2, SMAD2, SMAD4, SUMO1, TEAD1, THRA, "
"MET","4233","metproto-oncogene (hepatocyte growth factor receptor)","7","AUTS9; HGFR; RCCP2; c-Met","BAG1, CASP3, CBL, CNR1, CTNNB1, CTTN, DAPK3, DNAJA3, EGFR, FAS, GAB1, GLMN, GRB2, HGF, HGS, INPP5D, INPPL1, ITGB4, MET, MET, MET, MET, MUC20, PCBD2, PIK3R1, PLCG1, PLXNB1, PTPN11, PTPRB, PTPRJ, RANBP10, RANBP9, SHC1, SMC1A, SNAPIN, SNX2, SPSB1, SRC, STAT3, VAV1, "
"MGMT","4255","O-6-methylguanine-DNAmethyl transferase","10","MGMT","CREBBP, CSNK2A1, EP300, PRKACA, PRKCA, UBA1, "
"MLH1","4292","mutL homolog1, coloncancer, non polyposis type2 (E.coli)","3","COCA2; FCC2; HNPCC; HNPCC2; MGC5172; hMLH1; MLH1","AP2B1, BLM, BRCA1, CASP3, EXO1, FRMD6, MBD4, MLH3, MSH4, MYC, PMS1, PMS2, RAD9A, TRIM29, UBOX5, ZC3H11A, "
"MLLT4","4301","myeloid/lymphoid or mixed-lineage leukemia (trithoraxhomolog, Drosophila) translocated to 4","6","AF6; AF-6; AFADIN; FLJ34371; RP3-431P23.3; MLLT4","BCR, CTNNA1, EPHA7, EPHB2, EPHB3, EPHB6, F11R, HRAS, JAG1, LMO2, MRAS, NRXN2, NRXN3, PFN1, PICK1, PVRL1, PVRL2, PVRL3, PVRL4, RALGDS, RAP1A, RAP1GAP, RAP2A, RIT1, RIT2, RRAS, RRAS2, SMAD2, SORBS1, SORBS2, SSX2IP, TJP1, USP9X, YWHAB, YWHAG, "
"MMP1","4312","matrix metallopeptidase 1 (interstitial collagenase)","11","CLG; CLGN; MMP1","ACAN, BCAN, BSG, CCL13, CCL2, CCL7, CD44, CMA1, COL2A1, IGFBP3, ITGA2, MMP7, SERPINA3, TFPI, TIMP1, TNFSF11, "
"MMP10","4319","matrix metallopeptidase 10 (stromelysin 2)","11","SL-2; STMY2; MMP10","BCAN, HAPLN1, MMP9, "
"MMP11","4320","matrix metallopeptidase 11 (stromelysin 3)","22","SL-3; ST3; STMY3; MMP11","PRPF40A, SERPINA1, "
"MMP12","4321","matrix metallopeptidase 12 (macrophage elastase) ","11","HME;  MME;  MGC138506; MMP12","F12, LPA, PLAUR, TFPI, "
"MMP13","4322","matrix metallopeptidase 13 (collagenase 3)","11","CLG3; MANDP1; MMP13","ADAMTS5, BCAN, CCL7, COL2A1, F12, LRP1, MMP13, MMP13, MMP14, TIMP3, "
"MMP14","4323","matrix metallopeptidase 14 (membrane-inserted)","14","MMP-X1;  MTMMP1;  MT1-MMP;  MMP14","ACAN, ADI1, BCAR1, C1QBP, CAV1, CCL7, CLDN1, F12, ITGAV, KISS1, LRP1, LUM, MMP13, MMP2, SDC1, SPOCK1, SPOCK3, TIMP2, TIMP3, TIMP4, "
"MMP2","4313","matrix metallopeptidase 2 (gelatinase A, 72kDa gelatinase, 72kDa type IV collagenase)","16","CLG4;  MONA;  CLG4A;  TBE-1;  MMP-II;  MMP2","A2M, ACAN, BACE1, BCAN, CCL7, CLDN1, COL18A1, COL1A1, COL6A3, COL7A1, CXCL12, DCN, EPHB2, FGFR1, HAPLN1, HSP90AA1, IGFBP3, IL1B, ITGAV, KISS1, LCN2, LGALS3, MMP14, MMP17, MMP25, PZP, SPOCK1, TGFB1, THBS1, THBS2, TIMP1, TIMP2, TIMP3, TIMP4, "
"MMP3","4314","Matrix metallopeptidase 3 (stromelysin1, progelatinase)","11","CHDS6; MGC126102; MGC126103; MGC126104; MMP-3; SL-1; STMY; STMY1; STR1; MMP3","ACAN, BCAN, CCL13, CCL2, CCL7, CCL8, DCN, HAPLN1, IGFBP3, MMP3, MMP3, PLG, SERPINE1, SPOCK1, SPOCK3, SPP1, TIMP1, TIMP3, TNFSF11, "
"MMP9","4318","Matrixmetallopeptidase 9 (gelatinase B, 92kDa gelatinase, 92kDa type IV collagenase)","20","CLG4B; GELB; MANDP2; MMP-9; MMP9","AREG, BTC, CD44, COL1A1, COL1A2, COL4A1, COL4A2, COL4A3, COL4A4, COL4A5, COL4A6, CXCL1, CXCL5, EPHB2, FN1, HAPLN1, IL8, KISS1, LCN2, MMP10, MMP26, MMP7, MMP9, MMP9, PLG, PRSS2, PZP, RECK, TFPI, THBS1, THBS2, TIMP3, "
"MRPL11","65003","mitochondrial ribosomal protein L11","11","L11MT; CGI-113; MRP-L11; MGC111024; MRPL11","-"
"MRPS2","51116","mitochondrial ribosomal protein S2","9","S2mt;  CGI-91;  MRP-S2;  MRPS2","-"
"MRPS23","51649","MRPS23 mitochondrial ribosomal protein S23","17","CGI-138;  HSPC329;  MRP-S23","-"
"MSH2","4436","mutS homolog 2, colon cancer, nonpolyposis type 1 (E. coli)","2","COCA1; FCC1; HNPCC; HNPCC1; LCFS2; MSH2","ATR, BARD1, CHEK2, CREBBP, EXO1, MAX, MSH3, MSH6, PCNA, SMC1A, TREX1, "
"MSLN","10232","mesothelin","16","MPF;  SMRP;  MSLN","MUC16, "
"MSN","4478","moesin","X","MSN","BCAP31, CD46, CD93, EZR, ICAM1, ICAM2, ICAM3, L1CAM, MSN, MSN, NCF1, NCF4, PLEC1, PPM1A, PPM1B, PRKCQ, ROCK1, SELL, SELPLG, SLC9A3R1, SPN, TSC1, VCAM1, "
"MSX1","4487","msh homeobox 1","4","HOX7;  HYD1;  STHAG1;  MSX1","AES, CREBBP, LHX2, MSX1, MSX1, MSX2, PAX3, PAX9, PIAS1, POU2F1, RGS7, SP1, SUMO1, SUMO2, TAF1, TBP, TLE1, TLE4, TP53, "
"MT1G","4495","metallothionein 1G","16","MGC12386; MT1; MT1K; MTIG","SHBG, SPINK7, "
"MUL1","79594","mitochondrial E3 ubiquitin ligase 1","1","GIDE;  MAPL;  MULAN;  RNF218;  C1orf166;  FLJ12875;  RP11-401M16.2;  MUL1","APPBP2, "
"MYC","4609","v-myc myelocytomatosis viral oncogene homolog (avian)","8","c-Myc; bHLHe39; MRTL; MYC","ACTL6A, BCL2, BIN1, BRCA1, CCNT1, CDC6, CDK1, CDKN2A, CEBPA, CEBPB, CREBBP, CSNK2A1, CSNK2A2, DNMT3A, ELF3, EP300, EP400, FBXW7, GSK3B, GTF2F1, GTF2I, HSP90AA1, KAT2A, KAT5, KIAA1524, MAP2K1, MAPK3, MAPK7, MAPK8, MAX, MINA, MLH1, MXD1, MXI1, MYCBP, MYCBP2, NFYB, NFYC, NMI, PARP10, PFDN5, PML, PRDX1, RAF1, RAGE, RB1, RBL1, RELA, SKP2, SMAD2, SMAD3, SMARCB1, SNIP1, SP1, SPAG9, SUPT3H, TAF1B, TBP, TFAP2B, TIAM1, TP73, TRRAP, TUBA1A, TUBA1B, TUBA3C, TUBA4A, TUBA8, UBB, YY1, ZBTB17, "
"MYCL1","4610","v-myc myelocytomatosis viral oncogene homolog 1, lung carcinoma derived (avian)","1","LMYC;  MYCL;  bHLHe38;  MYCL1","MAX, MXD1, "
"MYCN","4613","v-myc myelocytomatosis viral related oncogene, neuro blastoma derived (avian)","2","MODED; N-myc; NMYC; ODED; bHLHe37; MYCN","CSNK2A1, CSNK2A2, MAX, MXD1, NMI, YAF2, "
"MYH9","4627","myosin, heavy chain 9, non-muscle","22","MHA;  FTNS;  EPSTS;  DFNA17;  NMMHCA;  MGC104539;  NMHC-II-A;  MYH9","ASCC2, CD163, CXCR4, GRIN1, MEN1, MYBPC3, MYH10, MYL9, MYOM1, MYOM2, OVGP1, PTPN6, S100A4, TTN, TUFM, "
"MYOD1","4654","myogenic differentiation 1","11","MYF3; MYOD; PUM; bHLHc1; MYOD1","ASCL3, BHLHA15, BHLHE41, CALM1, CALM2, CALM3, CDC34, CDK2, CDK4, CDKN1C, CIB2, CREBBP, CSRP3, EP300, HAND1, HDAC1, HEY1, HSP90AA1, ID1, ID2, ID3, ID4, JUN, KAT2B, MEF2A, MOS, MYOD1, MYOD1, NCOR2, NR2F2, PHB2, PRKCA, PSMD4, RB1, RORA, RXRA, SMAD3, SMAD4, SMAD7, SP1, SRF, STAT3, SUV39H1, TCF3, TCF4, TWIST1, "
"NAE1","8883","NEDD8 activating enzyme E1 subunit 1 ","16","HPP1;  ula-1;  APPBP1;  A-116A10.1;  NAE1","APP, NEDD8, TP53BP2, UBA3, UBQLN4, "
"NCL","4691","nucleolin","2","C23;  FLJ45706;  FLJ59041;  NCL","ADAP1, CD3E, CDKN2A, CSNK2A1, CSNK2A2, FMR1, GZMA, MDK, MYB, MYBL1, NDRG1, NPM1, NR3C1, PARP1, PPARGC1A, PPM1D, PRKCZ, S100A11, SFRS12, SSB, STAU1, TERT, TOP1, TP53, ZNF689, "
"NDRG1","10397","N-myc downstream regulated 1","8","GC4;  RTP;  DRG1;  NDR1;  NMSL;  TDD5;  CAP43;  CMT4D;  HMSNL;  RIT42;  TARG1;  PROXY1;  NDRG1","ACSL3, ACTG1, AP1M2, AP2M1, ARL4D, ATP1A1, CANX, CDH1, CLTC, CNDP2, COPB2, CTNNB1, DDX1, DDX5, DLST, EEF1G, EEF2, EIF2S3, EIF3E, EWSR1, FASN, HNRNPF, HNRNPH1, HNRNPU, HSD17B4, HSP90AA1, HSPA5, ILF3, KIF5B, LDHA, MAOA, MME, NCL, PABPC1, PHYHIP, PKM2, PPP2R2A, PRKACA, PSMC2, PSMC3, PSMD2, RPL24, RPL3, RPL4, RPN2, RPS16, RPS20, RPS26, RPS3, RPS6, RPS8, RUVBL2, S100B, SEC23A, SHMT2, TARS, TLE3, UPF1, VCP, XRCC5, ZNF155, "
"NDRG4","65009","NDRG family member 4","16","SMAP-8; FLJ30586; FLJ42011; KIAA1180; MGC19632; DKFZp686I1615; NDRG4","-"
"NDUFS6","4726","NDUFS6 NADH dehydrogenase (ubiquinone) Fe-S protein 6, 13kDa (NADH-coenzyme Q reductase)","5","CI-13kA;  CI13KDA;  CI-13kD-A;  NDUFS6","FGFR3, KCNH2, "
"NEBL","10529","nebulette","10","LASP2; LNEBL; FLJ53769; MGC119746; MGC119747; NEBL","ACTB, ACTN1, MYPN, ZYX, "
"NEK1","4750","NIMA (never in mitosis gene a)-related kinase 1 ","4","KIAA1901;  MGC138800;  NY-REN-55;  DKFZp686D06121;  DKFZp686K12169;  NEK1","ATRX, CSN2, CTNNAL1, EXOSC4, FEZ1, FEZ2, KIF3A, MRE11A, PPP2R5A, TP53BP1, TSC2, YWHAH, ZNF350, "
"NKX6-1","4825","NK6 homeobox 1 ","4","NKX6A;  NKX6.1;  NKX6-1","-"
"NME1","4830","non-metastatic cells 1,protein (NM23A) expressed in Homosapiens","17","AWD; GAAD; NB; NBS; NDPK-A; NDPKA; NM23; NM23-H1; NME1","APEX1, AURKA, GORASP2, ITGB1, KSR1, MIF, NME1, NME1, NME3, NME4, POLR1C, PRUNE, RORA, RORB, RRAD, SET, TERF1, TIAM1, WDYHV1, "
"NME2","4831","non-metastatic cells 2,protein (NM23B) expressed in Homosapiens","17","MGC111212; NDPK-B; NDPKB; NM23-H2; NM23B; puf","DNM1, HERC5, MOBKL3, NME2, NME2, NME3, PPP2CA, RORA, RORB, TBXA2R, TERF1, VIM, "
"NNT","23530","nicotinamide nucleotide transhydrogenase ","5","MGC126502;  MGC126503;  NNT","-"
"NOL4","8715","nucleolar protein 4","18","HRIHFB2255; NOLP; CT125; NOL4","CHMP2A, CTBP2, MAGEA11, PRMT1, SNAPC5, "
"NOL7","51406","nucleolar protein 7, 27kDa","6","PQBP3; RARG-1; C6orf90; MGC71933; dJ223E5.2; NOL7","-"
"NPTX1","4884","neuronal pentraxin I","17","NP1;  MGC105123;  DKFZp686J2446;  NPTX1","NPTX1, NPTX1, NPTXR, RCN2, "
"NQO1","1728","NAD(P)H dehydrogenase,quinone 1","16","DHQU; DIA4; DTD; NMOR1; NMORI; QR1","DNAJB1, HSPA1A, ING1, NQO1, NQO1, TP53, "
"NRAS","4893","NRAS neuroblastoma RAS viral (v-ras) oncogene homolog","1","NS6;  ALPS4;  N-ras;  NRAS1;  NRAS","ACVR1, ARHGAP4, BCL2, PIK3CA, PLCE1, RACGAP1, RAF1, RAP1GDS1, RASGRP2, RASSF5, SHOC2, SMAD4, SMURF2, "
"NRM","11270","nurim (nuclear envelope membrane protein)","6","NRM29","-"
"NTF3","4908","neurotrophin 3","12","HDNF; MGC129711; NGF-2; NGF2; NTF3","BDNF, NTRK2, NTRK3, "
"NTN4","59277","netrin 4","12","PRO3091;  FLJ23180;  NTN4","ADAMTSL4, PLSCR1, "
"OAS3","4940","2'-5'-oligoadenylate synthetase 3, 100kDa","12","p100;  MGC133260;  OAS3","-"
"OAT","4942","ornithine aminotransferase","10","DKFZp781A11155; GACR; HOGA; OATASE; OKT; OAT","C2orf18, OAT, OAT, UBQLN4, "
"ONECUT1","3175","one cut homeobox 1 ","15","HNF6;  HNF-6;  HNF6A;  ONECUT1","CREBBP, FOXA2, KAT2B, NR3C1, "
"ORAOV1","220064","oral cancer overexpressed 1","11","TAOS1;  ORAOV1","-"
"OSMR","9180","oncostatin M receptor","5","OSMRB;  MGC75127;  MGC150626;  MGC150627;  OSMR","IL6ST, JAK1, JAK2, OSM, "
"OSR1","130497","odd-skipped related 1 (Drosophila)","2","ODD;  OSR1","TGFBR1, TGFBR2, "
"P2RX4","5025","purinergic receptor P2X, ligand-gated ion channel, 4","12","P2X4;  P2X4R;  P2RX4","CDH5, "
"PA2G4","5036","proliferation-associated 2G4, 38kDa","12","EBP1;  HG4-1;  p38-2G4;  PA2G4","AR, ERBB3, EXOSC5, HDAC2, PRKCA, PRKCB, PRKCG, RB1, SIN3A, SUMO4, "
"PAIP1","10605","poly(A) binding protein interacting protein 1","5","MGC12360;  PAIP1","EIF4A1, PABPC1, UBR5, "
"PAPD7","11044","PAP associated domain containing 7","5","LAK1;  POLK;  POLS;  TRF4;  LAK-1;  TRF41;  TRF4-1;  TUTASE5;  PAPD7","-"
"PAX1","5075","paired box 1","20","HUP48;  PAX1","MEOX1, MEOX2, "
"PCDH10","57575","protocadherin 10","4","PCDH19; OL-PCDH; KIAA1400; MGC133344; DKFZp761O2023; PCDH10","-"
"PCNA","5111","proliferating cell nuclear antigen","20","MGC8367;  PCNA","APEX1, APEX2, BAZ1B, CCNB1, CCND1, CCND3, CCNO, CDC25C, CDC6, CDK1, CDK2, CDK5, CDK6, CDKN1A, CDKN1C, CDT1, CHAF1A, CHTF18, CHTF8, DHX9, DNMT1, DNTT, DNTTIP2, DSCC1, EP300, ERCC5, FEN1, GADD45A, GADD45B, GADD45G, HDAC1, HUS1, ING1, KCTD13, LIG1, MCL1, MSH2, MSH3, MSH6, MUTYH, MYBBP1A, PARP1, PCNA, PCNA, POLB, POLD1, POLD2, POLD3, POLD4, POLDIP2, POLE, POLH, POLI, POLL, POLM, PPP1CA, PRKDC, PTMA, RAD9A, RBBP8, RFC1, RFC2, RFC3, RFC4, RFC5, RPA1, SEC23IP, SUB1, TCOF1, UBB, UNG, WRN, XRCC1, XRCC5, XRCC6, YBX1, "
"PCNP","57092","PEST proteolytic signal containing nuclear protein","3","DKFZp781I24156;  PCNP","UHRF2, "
"PDCD1","5133","programmed cell death 1","2","PD1;  CD279;  SLEB2;  hPD-1;  hPD-l;  PDCD1","CD274, "
"PDCD4","27250","programmed cell death 4(neoplastict ransformation inhibitor)","10","H731; MGC33046; MGC33047","BTRC, EIF4G1, PDCD4, PDCD4, RPL5, RPLP1, RPS13, "
"PDGFRA","5156","platelet-derived growth factor receptor,alpha polypeptide","4","CD140A; MGC74795; PDGFR2; RHEPDGFRA","CAV1, CBL, CRK, CRKL, GRB14, ITGAV, ITGB3, JAK1, PDGFA, PDGFB, PDGFC, PDGFRA, PDGFRA, PDGFRB, PIK3R1, PLCG1, PTPN11, SHB, SHF, SLC9A3R1, SNX2, SNX4, SNX6, STAT1, STAT3, STAT5A, STAT5B, "
"PDIA3","2923","protein disulfide isomerase family A, member 3","15","P58;  ER60;  ERp57;  ERp60;  ERp61;  GRP57;  GRP58;  PI-PLC;  HsT17083;  PDIA3","BACE1, CALR, CANX, ERO1L, ERP27, GYPC, HLA-A, IFNG, SLC12A3, SLC2A1, STAT3, SUMO4, TAP1, "
"PDK2","5164","pyruvate dehydrogenase kinase, isozyme 2","17","PDHK2;  PDK2","AKT1, DLAT, HIC2, HTT, ISOC2, PDHA1, PDHX, PDK1, PDK2, PDK2, SGK1, "
"PEBP1","5037","phosphatidylethanolamine binding protein 1","12","PBP;  HCNP;  PEBP;  RKIP;  PEBP1","ADRBK1, CACHD1, CHUK, IKBKB, MAP2K1, MAP3K14, MAP3K7, MAPK1, MED10, NR2C2, PEBP1, PEBP1, PPARD, PRKCA, PRKCB, PRKCD, PRKCG, PRKCZ, RAF1, STC2, "
"PECAM1","5175","platelet/endothelial cell adhesion molecule ","17","CD31;  PECAM-1;  FLJ58394;  PECAM1","CD38, CSK, CTNNB1, DSP, EFNB2, FYN, HCK, INPP5D, ITGA5, ITGB3, JUP, LCK, LYN, PECAM1, PECAM1, PIK3R1, PLCG1, PRKCE, PRPF40A, PTPN11, PTPN6, SRC, XRCC6, YES1, "
"PGR","5241","progesterone receptor ","11","PR;  NR3C3;  PGR","APEX2, BATF3, BCAS2, CCNA2, CSNK2A1, CUEDC2, DDX54, ESR1, FKBP5, HMGB2, JDP2, KLF9, NCOA1, NCOA3, PGR, PGR, PIAS1, PIAS3, POU2F1, PRMT2, RBM23, RBM39, RELA, SNW1, SORBS1, SRC, TRIM24, UBE3A, UBR5, XRCC6, ZBTB17, "
"PHB","5245","prohibitin","17","PHB1;  PHB","ANXA2, E2F1, HDAC1, MAP3K10, NCOR1, RAF1, RB1, RBL1, RBL2, SIN3A, SMARCA2, SMARCA4, SUMO4, TP53, XPO1, "
"PIGF","5281","phosphatidyl inositol glycan anchor biosynthesis, classF","2","MGC32646; MGC33136; PIGF","PIGG, PIGO, "
"PIGT","51604","phosphatidylinositol glycan anchor biosynthesis, class T","20","NDAP;  CGI-06;  MGC8909;  FLJ41596;  PIGT","GPAA1, PIGK, UPF3A, "
"PLAGL1","5325","pleiomorphic adenoma gene-like 1","6","ZAC;  LOT1;  ZAC1;  MGC126275;  MGC126276;  DKFZp781P1017;  PLAGL1","PLAGL1, PLAGL1, SMAD3, TP53, "
"PLAT","5327","plasmino genactivator, tissue","8","DKFZp686I03148; T-PA; TPA; PLAT","ANXA2, CALR, CKAP4, CLEC3B, F10, FGA, GRIN1, HMGB1, KRT8, LAMA1, LAMA3, LRP1, LRP1B, MAPK1, MAPK3, PLAT, PLAT, PLAU, PLG, SERPINA5, SERPINE1, SERPING1, SERPINI1, SPARC, "
"PLOD2","5352","procollagen-lysine, 2-oxoglutarate5-dioxygenase2","3","LH2; TLH; PLOD2","PLOD2, PLOD2, "
"PLP2","5355","proteolipid protein 2 (colonic epithelium-enriched)","X","A4;  A4LSB;  MGC126187;  PLP2","BCAP31, CCR1, DLGAP4, IKBKAP, PLP2, PLP2, SHBG, "
"PLSCR1","5359","phospholipid scramblase 1","3","MMTRA1B; PLSCR1","ABL1, ADAMTSL4, ANXA11, ATG12, ATN1, BACE1, C10orf10, C10orf54, C10orf62, C12orf12, C16orf48, C4orf42, CCDC33, CDC42EP1, CNTFR, CPSF3L, CPSF6, CRK, CRY1, DAZAP2, DHRS1, DLK2, DTX2, EFEMP2, EGFR, EWSR1, EXD3, FAM103A1, FAM113A, FBXL18, GLRX3, GNAI2, GPRIN2, HEY2, HOXA1, HOXA9, HOXB6, ILF3, IP6K2, KIAA1683, KRTAP4-12, LASP1, MED15, NECAP2, NEU4, NOC4L, NPDC1, NTN4, OGDH, PGLS, PHLDA1, PLSCR3, PLSCR4, PRKCD, RASD1, RERE, SF1, SHC1, SLC25A6, SLC35A2, SLPI, SMCP, SPG7, SPRY2, TFG, TRAF4, VASP, YIPF3, ZBTB16, ZNF581, ZNF638, ZNF764, "
"POFUT1","23509","protein O-fucosyl transferase 1","20","FUT12;  O-FUT;  MGC2482;  O-Fuc-T;  KIAA0180;  O-FucT-1;  POFUT1","DLL1, JAG1, NOTCH1, "
"POP5","51367","processing of precursor 5, ribonuclease P/MRP subunit (S. cerevisiae)","12","RPP2;  RPP20;  hPop5;  HSPC004;  POP5","POP1, POP4, POP5, POP5, RPP14, RPP25, "
"POU2F3","25833","POU class 2 homeobox 3","11","Epoc-1; FLJ40063; MGC126698; OCT11; PLA-1; Skn-1a; POU2F3","CREBBP"
"PPL","5493","periplakin","16","KIAA0568; MGC134872; PPL","AKT1, CASP6, COL17A1, EVPL, KIAA1026, OPRM1, PPHLN1, SKIL, USP7, VIM, "
"PPP1R3C","5507","protein phosphatase 1, regulatory (inhibitor) subunit 3C","10","PPP1R5; PPP1R3C","-"
"PPP2R1B","5519","protein phosphatase 2, regulatory subunit A, beta","11","PR65B;  MGC26454;  PP2A-Abeta;  PPP2R1B","AKAP9, ANXA5, BSG, CDK1, CDK4, CFTR, EEF2, FGFR1OP, HDAC1, HSPD1, JAK2, MCM3, PARK7, PPP2CA, PPP2R2A, PPP2R5C, PPP2R5D, PPP2R5E, PRDX1, PRDX2, RAB11A, RAB18, RAB7A, RALA, RELA, SET, SGOL1, SGOL2, STRN, STRN3, "
"PRDM5","11107","PR domain containing 5","4","PFM2; PRDM5","-"
"PRR11","55771","prolinerich 11","17","FLJ11029; PRR11","-"
"PRSS2","5645","protease, serine, 2(trypsin 2)","7","MGC111183; MGC120174; TRY2; TRY8; TRYP2; PRSS2","APP, BPI, MMP9, SERPINA1, SLPI, "
"PRSS3","5646","protease, serine, 3","9","MTG; PRSS4; TRY3; TRY4; PRSS3","APP, SERPINA1, TFPI, "
"PSMB9","5698","proteasome (prosome ,macropain) subunit,beta type, 9(large multifunctional peptidase 2)","6","LMP2; PSMB6i; RING12; beta1i; MGC70470; PSMB9","NCOA1, NCOA2, NCOA3, PSMB10, "
"PTEN","5728","phosphatase and tensin homolog","10","BZS; DEC; MHAM; TEP1; MMAC1; PTEN1; 10q23del; MGC11227; PTEN","AKT1, ANG, AR, CAV1, CHGB, COPS6, CSNK2A1, CSNK2A2, DLG1, HBA1, MAGI2, MAGI3, MAST1, MAST2, MAST3, MVP, PPP1CA, PXN, SLC9A3R1, SLC9A3R2, STK11, TP53, UBE2I, UBE2L3, UTP14A, "
"PTGS2","5743","Prostaglandin-endoperoxide synthase 2(prostaglandin G/H synthase and cyclooxygenase)","1","COX-2; COX2; GRIPGHS; PGG/HS; PGHS-2; PHS-2; hCox-2; PTGS2","BAT5, CAV1, NUCB1, PTGS2, PTGS2, TP53, "
"PTK6","5753","PTK6 protein tyrosine kinase 6","20","BRK; FLJ42088; PTK6","EGFR, ERBB3, KHDRBS1, PTK6, PTK6, STAP2, "
"PTPN6","5777","protein tyrosine phosphatase, non-receptor type 6","12","HCP;  HCPH;  SHP1;  SHP-1;  HPTP1C;  PTP-1C;  SHP-1L;  SH-PTP1;  PTPN6","ABL1, ACTN1, ACTN4, BCR, BLNK, BTLA, C6orf25, CAV1, CBL, CD22, CD247, CD300LF, CD33, CD5, CD72, CD79A, CD79B, CEACAM1, CLEC4A, CSF2RB, CTNNB1, CTNND1, CUZD1, CXCR4, DOK1, EGFR, EPOR, ESR1, FAS, FCGR2B, FLT3, GAB2, GHR, GRB2, HOXA10, IFNAR1, IL2RB, IL4R, IL6ST, INSR, IRS2, IRS4, JAK1, JAK2, JAK3, KDR, KHDRBS1, KIR2DL3, KIR2DL5A, KIT, KLRA1, KLRB1, KLRC1, LAIR1, LCK, LCP2, LIFR, LILRB2, LILRB4, LYN, MS4A2, MYH9, NOS1, PAG1, PECAM1, PIK3R1, PILRA, PILRB, PRKCA, PRKCD, PTK2B, PTPN11, PTPN6, PTPN6, PTPRC, ROS1, SHC1, SIGLEC10, SIGLEC11, SIGLEC12, SIRPA, SLAMF6, SOS1, SPATA2, SRC, SSTR2, STAT5B, STAT6, SYK, TFG, TLR10, TMEM62, TNFRSF1A, TRAF6, TREML1, TYK2, VAV1, ZAP70, "
"PTTG1","9232","pituitary tumor-transforming 1","5","EAP1;  PTTG;  HPTTG;  TUTR1;  MGC126883;  MGC138276;  PTTG1","CDC20, CDK1, DNAJA1, PTTG1IP, RPS10, TP53, XRCC6, "
"PWP2H","5822","PWP2 periodic tryptophan protein homolog (yeast)","21","PWP2H; EHOC-17; PWP2","-"
"PYCARD","29108","PYD and CARD domain containing","16","ASC;  TMS;  TMS1;  CARD5;  TMS-1;  MGC10332;  PYCARD","CASP1, MEFV, NLRC4, NLRP1, NLRP12, NLRP3, POP1, PRKAR1A, PYDC2, SRF, "
"RAF1","5894","v-raf-1 murine leukemia viral oncogene homolog1","3","CRAF; NS5; Raf-1; c-Raf; RAF1","-, ADCY6, AGTR1, AKT1, AR, ARRB2, BAD, BAG1, BCL2, BRAF, CCT3, CDC25A, CFLAR, CNKSR1, COPS3, CPS1, DMPK, EFEMP1, ERBB2IP, FYN, GNB2, GNG4, GRB10, HRAS, HSP90AA1, HSPA4, HSPA8, IL2RB, INSR, INTS10, JAK1, JAK2, KRAS, KRT18, KRT8, KSR1, KSR2, LCK, MAP2K1, MAP2K2, MAP3K1, MAP3K5, MAPK1, MAPK3, MAPK7, MA"
"RALY","22913","RNA binding protein, autoantigenic (hnRNP-associated with lethal yellow homolog (mouse))","20","P542;  HNRPCL2;  MGC117312;  RALY","PCBP1, PIK3CD, SPG7, WDR62, "
"RAPGEF3","10411","Rap guanine nucleotide exchange factor (GEF) 3","12","CAMP-GEFI; EPAC; EPAC1; HSU79275; MGC21410; bcm910; RAPGEF3","MAP1A, RRAS2, "
"RARA","5914","retinoic acid receptor, alpha","17","RAR;  NR1B1;  RARA","BAG1, BTG1, CCND3, CDK7, CNOT1, COPS2, ESR1, FOXO1, GADD45G, GATA2, IRX4, ITGB1BP2, KAT2B, KDM5A, KLF5, MECR, MED1, MED25, MED6, NCOA1, NCOA3, NCOA6, NCOR1, NCOR2, NKX2-1, NPAS2, NR0B2, NR1H2, NR1H3, NR2E3, NR3C1, NRBF2, NRIP1, NRIP2, NSD1, PARP1, PML, PNRC2, POU2F1, PRDX6, PRKCA, RXRA, RXRB, RXRG, SNW1, SP1, SPEN, STAT5B, TADA3, THRB, TRIM24, TRIP4, UBE3A, ZBTB16, "
"RARB","5915","retinoic acid receptor, beta","3","HAP; NR1B2; RRB2; RARB","MAP6, NCOA1, NCOA3, NCOR2, PNRC1, RXRA, RXRB, RXRG, SMAD2, "
"RARG","5916","retinoic acid receptor, gamma","12","RARC;  NR1B3;  RARG","HMGA1, ITGB1BP2, MAP6, NCOA1, NCOA3, NCOR2, NR0B2, PNRC1, PNRC2, RXRA, RXRB, RXRG, SMAD3, "
"RARRES3","5920","retinoic acid receptor responder (tazarotene induced) 3","11","RIG1;  TIG3;  HRASLS4;  MGC8906;  PLA1/2-3;  RARRES3","HRAS, TGM1, "
"RASSF1","11186","Ras association (RalGDS/AF-6) domain family member 1","3","123F2; NORE2A; RASSF1A; RDA32; REH3P21; RASSF1","ATP2B4, CDC20, CNKSR1, DAXX, E4F1, EXOSC8, HRAS, IGFBP5, MAP1B, MAP1S, MAPK8, MDM2, MOAP1, NUDT10, RASSF1, RASSF1, RASSF5, STK4, TNFRSF10A, TNFRSF1A, TUBB, TUBG1, XPA, "
"RBL1","5933","retino blastoma-like 1 (p107)","20","PRB1;  p107;  CP107;  MGC40006; RBL1","BEGAIN, BRF1, CCNA1, CCNA2, CCND1, CCNE1, CDK2, CDK4, CEBPA, CREG1, DGKZ, DHX30, E2F4, E2F5, HDAC1, ID2, KDM5A, MCM7, MYBL2, MYC, NR2E3, PHB, PPP2R3A, RBBP8, RBBP9, RBL1, RBL1, SMAD2, SMAD3, SMAD4, SNW1, SP1, SUV39H1, SUV420H2, TAF1, USP4, "
"RBL2","5934","retinoblastoma-like 2 (p130)","16","Rb2;  P130;  FLJ26459; RBL2","BRF1, BRF2, CCNA1, CCNA2, CCND1, CCND3, CCNE1, CDK2, CREG1, DGKZ, E2F4, E2F5, HBP1, HDAC1, ID2, MCM7, MNDA, PHB, RAF1, RBBP8, RBBP9, RINT1, SNW1, SUV39H1, SUV420H2, TAF1, UBTF, "
"RBP1","5947","retinol binding protein 1, cellular","3","CRBP; RBPC; CRBP1; CRBPI; CRABP-I; RBP1","-, BRMS1, BRMS1L, HDAC1, HDAC2, ING1, LRAT, LRP2, MED26, RBBP4, RBBP7, SAP30, SIN3A, "
"RCL1","10171","RNA terminal phosphate cyclase-like 1","9","RNAC;  RPCL1; RCL1","-"
"RGS1","5996","regulator of G-protein signaling 1","1","1R20; BL34; IER1; IR20; RGS1","FUNDC2, GDE1, GIPC1, GNAO1, MAP3K12, TSC22D1, UTP14A, "
"RHCG","51458","Rh family, C glycoprotein","15","C15orf6; PDRC2; RHGK; SLC42A3; RHCG","-"
"RNASEN","29102","ribonuclease type III, nuclear","5","RN3;  DROSHA;  ETOHI2;  RANSE3L;  RNASE3L;  HSA242976;  RNASEN","DGCR8, SP1, "
"RNF114","55905","ring finger protein 114","20","ZNF313;  PSORS12; RNF114","AK5, "
"RPL37","6167","ribosomal protein L37","5","MGC99572;  DKFZp686G1699; RPL37","-"
"RPL39L","116832","ribosomal protein L39-like","3","RPL39L1; RPL39L","-"
"RPRM","56475","reprimo, TP53 dependent G2 arrest mediator candidate","2","REPRIMO;  FLJ90327;  RPRM","-"
"RPS19","6223","ribosomal protein S19","19","DBA; DBA1; RPS19","C5AR1, FGF2, RPS19, RPS19, RPS19BP1, "
"RPSA","3921","ribosomal protein SA","3","LBP;  LRP;  p40;  67LR;  37LRP;  LAMBR;  LAMR1;  RPSA","CBX5, CSF2RA, ITGA6, LAMA2, PRND, RPS21, SUMO4, "
"RRAD","6236","Ras-related associated with diabetes","16","RAD; RAD1; REM3; RRAD","CALM1, CAMK2G, CSNK2A1, NME1, PRKACA, PRKCA, PRKCB, TPM2, YWHAZ, "
"RRAS","6237","related RAS viral (r-ras) oncogene homolog","19","RRAS","ARAF, BCL2, EPHB2, MLLT4, NAV2, NCK1, PPP2CA, RALGDS, RASIP1, RASSF5, SOS1, "
"RRM2","6241","ribonucleotide reductase M2","2","R2; RR2; RR2M; RRM2","CDH1, CDK1, RRM1, RRM2B, TP53, "
"RTN3","10313","reticulon ","11","ASYIP; HAP; NSPL2; NSPLII; RTN3-A1; RTN3","COL4A3BP, FAM160A2, FGFR1, FXR2, PLEKHF2, PTPN9, RAB33A, RTN3, RTN3, RTN4, SPOP, UGCG, "
"RUNX1","861","runt-related transcription factor 1","21","AML1; AML1-EVI-1; AMLCR1; CBFA2; EVI-1; PEBP2aB; RUNX1","AR, CBFA2T2, CBFA2T3, CBFB, CCND1, CCND2, CCND3, CDK6, CEBPA, CEBPB, ELF2, ELF4, EP300, FOS, FOXP3, HIPK1, HIPK2, JUN, MYST3, MYST4, NCOR2, PAX5, SUV39H1, TAZ, TLE1, TLE2, WWTR1, YAP1, "
"RUNX3","864","runt-related transcription factor 3","1","AML2; CBFA3; FLJ34510; MGC16070; PEBP2aC; RUNX3","CBFB, EP300, HDAC1, HDAC2, HDAC4, HDAC5, SMAD3, SMURF1, SMURF2, TLE1, "
"S100A10","6281","S100 calcium binding protein A10","1","42C; ANX2L; ANX2LG; CAL1L; CLP11; Ca[1]; GP11; MGC111133; P11; p10; S100A10","ANXA2, ANXA7, BAD, COPS6, CTSB, FSHR, KCNK3, PLG, S100A10, S100A10, SETDB1, TRPV6, "
"S100A7","6278","S100 calcium binding protein A7","1","PSOR1; S100A7c; S100A7","COPS5, EGFR, FABP5, RANBP9, S100A7, S100A7, TGM2, "
"S100A8","6279","S100 calcium binding protein A8","1","60B8AG; CAGA; CFAG; CGLA; CP-10; L1Ag; MA387; MIF; MRP8; NIF; P8; S100A8","C14orf1, C1orf103, CEACAM3, CHGB, GDF9, IGSF21, KLC2, NCF2, PDCD11, PPIA, PRMT1, RAB17, S100A8, S100A8, S100A9, TP53, TUBA4A, UNC119, "
"S100A9","6280","S100 calcium binding protein A9","1","60B8AG; CAGB; CFAG; CGLB; L1AG; LIAG; MAC387; MIF; MRP14; NIF; P14; S100A9","EGFR, S100A8, S100A9, S100A9, "
"S100P","6286","S100 calcium binding protein P","4","MIG9;  S100P","AGER, CACYBP, EZR, S100A1, S100A2, S100A4, S100P, S100P, S100Z, SUGT1, "
"SAA1","6288","serum amyloid A1","11","SAA;  PIG4;  SAA2;  TP53I4;  MGC111216;  SAA1","COL4A1, COL4A2, COL4A3, COL4A4, FPR1, LAMA1, "
"SCAMP1","9522","secretory carrier membrane protein 1","5","SCAMP;  SCAMP37;  SCAMP1","EGFR, ITSN1, SCAMP1, SCAMP1, SCAMP2, SLC9A7, SNAP23, SYNRG, TP53, UBE3A, "
"SCD","6319","stearoyl-CoA desaturase (delta-9-desaturase)","10","SCD1;  FADS5;  SCDOS;  MSTP008;  SCD","CYB5A, "
"SCEL","8796","sciellin","13","FLJ21667; MGC22531; SCEL","TXNIP, "
"SDC1 ","6382","syndecan 1","2","SDC; CD138; SYND1; syndecan; SDC1","-"
"SDHA","6389","succinate dehydrogenase complex, subunit A, flavoprotein (Fp)","5","FP;  SDH1;  SDH2;  SDHF;  SDHA","-"
"SEMG2","6407","semenogelin II","20","SGII;  SEMG2","KLK2, KLK3, PRKAR2A, PRKCA, SEMG1, SERPINA5, TGM1, "
"SEPP1","6414","selenoprotein P, plasma, 1","5","SeP;  SELP;  SEPP1","-"
"SERPINA3","12","serpin peptidase inhibitor, clade A (alpha-1 antiproteinase, antitrypsin), member 3","14","ACT;  AACT;  GIG24;  GIG25;  MGC88254;  SERPINA3","ADAMTS4, APP, CELA1, CMA1, CTRB1, CTRC, CTRL, CTSG, DNAJC1, ELANE, ERBB2, F5, HOXB1, KLK2, KLK3, KLK4, MMP1, MST1, POLA1, SERPINA3, SERPINA3, "
"SERPINB5","5268","serpin peptidase inhibitor, clade B (ovalbumin), member 5","18","PI5; maspin; SERPINB5","-"
"SFN","2810","stratifin","1","YWHAS;  SFN","ABL1, BAD, BAX, BCR, CCAR1, CDC25B, CDK1, CHST1, EEF1A1, EGFR, EIF2S1, EIF4B, FAM189A2, GPRIN2, HDAC5, HNRNPD, ING1, KCNK15, KCNK3, KCNK9, KIAA0408, MAP3K5, MARK3, MDM4, MST1R, NR3C1, PLEKHF2, PLK4, RFFL, TBL3, TRIM25, TSC2, WDYHV1, YWHAG, ZFP36, "
"SFRP1","6422","secreted frizzled-related protein 1","8","FRP; FRP-1; FRP1; FrzA; SARP2; SFRP1","FZD6, WNT1, WNT2, WNT4, "
"SFRP2","6423","secreted frizzled-related protein 2","4","FRP-2;  SARP1;  SDF-5;  SFRP2","PAX2, WNT1, WNT4, "
"SFRP4","6424","secreted frizzled-related protein 4","7","FRP-4;  FRPHE;  MGC26498;  SFRP4","-"
"SFRP5","6425","secreted frizzled-related protein 5","10","SARP3;  SFRP5","-"
"SIPA1","6494","signal-induced proliferation-associated 1","11","SPA1;  MGC17037;  MGC102688;  SIPA1","RFWD2, "
"SIX1","6495","SIX homeobox 1","14","BOS3; DFNA23; TIP39; SIX1","AES, CCDC85B, DACH1, EYA1, EYA2, EYA3, EYA4, MDFI, SIX1, SIX1, TLE1, "
"SKP2","6502","S-phase kinase-associated protein 2 (p45)","5","FBL1;  FLB1;  FBXL1;  MGC1366;  SKP2","CCNA2, CCNE1, CCNT1, CDC34, CDK2, CDK9, CDKN1B, CDKN1C, CDT1, CKS1B, CUL1, CUL4A, DDB1, DUSP1, E2F1, ELF4, FZR1, GPS1, MYB, MYBL2, MYC, NLK, ORC1L, PFDN1, RB1, SKP1, TAL1, TCF3, UBB, WEE1, "
"SLC3A2","6520","solute carrier family 3 (activators of dibasic and neutral amino acid transport), member 2","11","4F2;  CD98;  MDU1;  4F2HC;  4T2HC;  NACAE;  CD98HC;  SLC3A2","EGFR, FAM57A, ICAM1, ITGB1, SLC7A10, SLC7A11, SLC7A5, SLC7A7, SLC7A8, "
"SLC7A6OS","84138","solute carrier family 7, member 6 opposite strand","16","FLJ13291; SLC7A6OS","-"
"SLURP1","57152","secreted LY6/PLAUR domain containing 1","8","ANUP;ARS;ArsB;LY6LS;MDM; SLURP1","-"
"SMAD2","4087","SMAD family member 2","18","JV18;  MADH2;  MADR2;  JV18-1;  hMAD-2;  hSMAD2;  MGC22139;  MGC34440;  SMAD2","-, ABTB1, ACVR1B, AKT1, ANAPC10, ANAPC2, ANK3, ANTXR2, AP1B1, ARFGAP3, ARHGEF6, ARL4D, AXIN1, BAZ1A, BRCA1, BTBD2, C16orf28, C22orf46, CAMK2A, CDC16, CDC27, CDC40, CDK4, CISH, COPS5, CREBBP, CSH1, CTNNB1, CUL5, CYP11A1, DAB2, DCAF6, DCUN1D1, DNAJC7, DVL1, DYNC1H1, E2F4, EEF1A1, EID2, EIF3L, EP3"
"SMAD4","4089","SMAD family member 4","18","JIP;  DPC4;  MADH4;  SMAD4","ACVR1B, AKT1, AP2B1, APBB2, AR, ARFRP1, ARL5B, ATF2, ATF7IP, BRCA1, BTRC, C16orf57, CAMK2G, CD59, CEBPB, CHEK1, CITED1, CNKSR1, COPS5, CREBBP, CSH1, CTCF, CTNNB1, DACH1, DCP1A, DCP1B, DLX1, DNAJB2, DVL1, ECSIT, EEF1A1, EID2, EIF2AK4, EP300, ERBB2IP, ESR1, ESR2, EWSR1, FBLN1, FBXO30, FBXO34, FN1, FOXG1, FOXH1, FOXO1, FOXO3, FOXO4, FSTL3, GLI3, GPNMB, HDGF, HDLBP, HMG20A, HNF4A, HOXA9, HOXC8, ITK, JUN, JUNB, JUND, LEF1, MAPK1, MAPK13, MAX, MEF2A, MEX3B, MYOD1, NAT8, NEK6, NOTCH4, NRAS, NUAK2, NUP214, OCLN, ODZ3, PAK1, PAPPA2, PARD3, PBK, PIAS1, PIAS2, PIAS3, PIAS4, PLK4, PRKAR1B, PRKAR2A, PRPF40A, PSG2, PSG9, PSMD11, RAB13, RAB25, RAB2B, RAB34, RAB38, RAB3B, RAC2, RALA, RASD2, RASL12, RBL1, RFX1, RHEBL1, RHOD, RHOG, RHOJ, RIPK2, RMND5B, RPL28, RPS27A, RRAS2, RTDR1, SASH3, SKI, SKIL, SMAD1, SMAD2, SMAD3, SMAD4, SMAD4, SMAD5, SMAD9, SNIP1, SNRNP70, SP1, SPTBN1, SQSTM1, STK11IP, STK35, STUB1, TCTA, TDG, TFE3, TGFBR1, TGFBR2, TGFBRAP1, TH1L, TM9SF2, TOB1, TRAP1, TSSK3, UBA52, UBB, UBE2I, UBE2L3, UBE2Z, UHRF2, USP9X, XPO5, ZBED5, ZMYM2, ZNF423, ZNF521, ZNF8, "
"SOCS1","8651","suppressor of cytokine signaling 1","16","CIS1; CISH1; JAB; SOCS-1; SSI-1; SSI1; TIP3; SOCS1","AXL, COMMD1, CSF1, CSF1R, CXCR4, EGFR, FLT3, FYN, GHR, GRB2, IFNGR1, IGF1R, IL2RB, INSR, IRS1, IRS2, ITK, JAK1, JAK2, JAK3, KIT, MPL, NCK1, PDGFRB, PIK3R1, PIK3R2, PIM2, RELA, TCEB1, TCEB2, TEC, TEK, TIRAP, TRIM8, VAV1, VAV2, "
"SOX1","6656","SOX1 SRY (sex determining region Y)-box 1","13","SOX1","CTNNB1, "
"SP100","6672","SP100 nuclear antigen","2","FLJ00340; FLJ34579; DKFZp686E07254; SP100","ARID3A, CASP8AP2, CBX3, ETS1, HIPK2, SNIP1, SUMO1, SUMO2, UBE2I, "
"SPA17","53340","sperm autoantigenic protein 17","11","CT22;  SP17;  SP17-1;  SPA17","AKAP3, ROPN1, "
"SPARC","6678","secreted protein, acidic, cysteine-rich (osteonectin)","5","ON; SPARC","COL13A1, COL1A1, COL1A2, COL2A1, COL3A1, CTSK, FN1, HSPG2, PDGFA, PLAT, PLG, SDC2, SPARC, SPARC, TGFB1, TGM2, THBS1, VEGFA, "
"SPINK5","11005","serine peptidase inhibitor, Kazaltype 5","5","DKFZp686K19184; FLJ21544; FLJ97536; FLJ97596; FLJ99794; LEKTI; LETKI; NETS; NS; VAKTI; SPINK5","PRSS1, "
"SPP1","6696","secreted phosphoprotein 1","4","BNSP; BSPI; ETA-1; MGC110940; OPN; SPP1","ABCF3, ACP5, CD44, CSNK2A1, CSNK2A2, CTNNBL1, F2, IGFBP5, ITGA5, ITGA9, ITGAV, ITGB1, MMP3, MMP7, PDLIM7, PRKCA, PRKG1, SGTA, UBQLN4, "
"SPRR1A","6698","small proline-rich protein 1A","1","SPRK; SPRR1A","ACTA1, "
"SPRR1B","6699","small proline-rich protein 1B","1","SPRR1;  GADD33;  CORNIFIN;  MGC61901;  SPRR1B","-"
"SPRR2A","6700","small proline-rich protein 2A","1","SPRR2A","EVPL, "
"SPRR2B","6701","small proline-rich protein 2B","1","SPRR2B","-"
"SPRR3","6707","small proline-rich protein 3","1","SPRR3","EVPL, IVL, LOR, "
"ST14","6768","suppression of tumorigenicity 14 (colon carcinoma)","11","HAI;  MTSP1;  SNC19;  MT-SP1;  PRSS14;  TADG15;  TMPRSS14; ST14","CDCP1, F2RL1, HGF, PLAU, SPINT1, "
"STARD10","10809","StAR-related lipid transfer (START) domain containing 10","11","PCTP2; CGI-52; MGC14401; NY-CO-28; SDCCAG28; STARD10","-"
"STAT1","6772","signal transducer and activator of transcription 1, 91kDa","2","DKFZp686B04100; ISGF-3; STAT91; STAT1","ADRA1B, AKT1, BMX, BRCA1, CAMK2D, CAMK2G, CCR1, CCR5, CREBBP, CSE1L, CSF2RB, CXCR4, DUSP3, EGFR, EIF1AD, EIF2AK2, ELP2, EP300, FADD, FANCC, FGFR3, FGFR4, FLT1, FOS, FYN, GNB2L1, GTF2I, HSF1, IFNAR2, IFNGR1, IL27RA, IL2RB, IL2RG, IRF1, IRF2, IRF9, JAK1, JAK2, JUN, KDR, KIT, KPNA1, KPNA6, LCK, LMO2, MAPK14, MCM3, MCM5, MDK, NMI, PDGFRA, PDGFRB, PIAS1, PRKCD, PRMT1, PTK2, PTPN11, PTPN2, RAC1, RELA, RPS6KA5, SRC, STAT1, STAT1, STAT2, STAT3, STAT5A, STAT5B, SUMO4, SYK, TNFRSF1A, TNFRSF1B, TRADD, TYK2, UBE2I, VDR, XPO1, ZNF467, "
"STAT3","6774","signal transducer and activator of transcription 3 (acute-phase response factor)","17","APRF; FLJ20882; HIES; MGC16063; STAT3","AR, BHLHE40, BMX, BRCA1, CCND1, CCR1, CCR5, CDKN1A, CREBBP, CSF2RB, CSF3R, CXCR4, DAXX, EGFR, EIF2AK2, ELP2, EP300, EPHA3, FER, FES, FGFR3, FGFR4, FLT1, FOXM1, GATA1, GATA2, GHR, GNB2L1, GTF2I, HCK, HDAC1, HDAC2, HDAC3, HES1, HES5, HIF1A, HNF1A, HSP90AA1, HSP90AB1, IFNAR1, IFNAR2, IGF1R, IL1RAP, IL23R, IL2RA, IL2RB, IL6R, IL6ST, IL7R, IRAK1, JAK1, JAK2, JAK3, JUN, KAT5, KHDRBS1, KPNA1, KPNA6, LCK, LEPR, MAP3K7, MAPK1, MAPK3, MAPK8, MET, MTOR, MYOD1, NCOA1, NDUFA13, NFKB1, NLK, NMI, NR3C1, PDGFRA, PDGFRB, PDIA3, PIAS3, PML, PRKCD, PTK2B, PTMA, PTPN11, PTPN2, RAC1, RELA, RET, RPA2, RPS6KA5, SRC, STAP2, STAT1, STAT3, STAT3, STAT4, STAT5A, STAT5B, STMN1, SUMO4, SYK, TSHR, TSLP, ZNF148, ZNF467, "
"STAU1","6780","staufen, RNA binding protein, homolog 1 (Drosophila)","20","RP3-470L14.2; FLJ25010; STAU1","CASC3, CDC42, DHX9, DYNC1I1, FMR1, HNRNPU, INA, IQGAP1, KIF2B, MAP1B, MAPT, MYH1, NCBP1, NCL, PABPC1, PABPN1, PPP1CA, RAC1, RASA1, ROCK2, RPL28, RPL6, RPL7A, RPLP0, RPS6, STAU1, STAU1, TUBB, TUBB4, UPF1, "
"STK11","6794","serine/threonine kinase11","19","LKB1; PJS; STK11","ATM, CAB39, CDC37, MARK1, MARK2, MARK4, MOBKL3, PARD3, PRKAA2, PRKACA, PTEN, RPS6KA3, RPS6KA5, RPS6KB1, SMARCA4, SNRK, STK11, STK11, STK11IP, STRADA, STRADB, TNIP2, TP53, "
"STK31","56164","serine/threonine kinase 31","7","TDRD8; SGK396; FLJ16102; STK31","-"
"STX16","8675","syntaxin 16","20","SYN16;  hsyn16;  MGC90328;  STX16","PTPN12, STX6, VAMP3, VAMP4, VPS45, VTI1A, "
"SULF1","23213","sulfatase 1","8","SULF-1;  HSULF-1;  FLJ30905;  FLJ38022;  FLJ41750;  KIAA1077;  SULF1","-"
"SULT2B1","6820","sulfotransferase family, cytosolic, 2B, member1","19","HSST2; SULT2B1","ALS2CR12, SULT1E1, "
"SYCP2","10388","synaptonemal complex protein 2","20","SCP2;  SYCP2","-"
"SYK","6850","spleen tyrosine kinase","9","FLJ25043;  FLJ37489;  DKFZp313N1010;  SYK","BLNK, BTK, CBL, CBLB, CD19, CD22, CD3E, CD79A, CD79B, CRKL, CSF2RB, CSF3R, CTTN, DBNL, DUSP3, EPOR, FCER1G, FCGR1A, FCGR2A, FGR, FYN, GAB2, GRB2, HCLS1, HNRNPU, IL15RA, IL2RB, ITGB2, JAK1, LAT, LAX1, LCK, LCP2, LYN, MAP4K1, MAPK3, MS4A2, NFAM1, PAG1, PIK3AP1, PIK3R1, PIK3R2, PLCG1, PLCG2, POU2AF1, PRKCA, PRKD1, PTK2, PTK2B, PTPN6, PXN, RASA1, RPS6KA1, SELPLG, SH2B2, SH3BP2, SHC1, SIT1, SLA, SLC4A1, SNCA, SRC, STAT1, STAT3, STAT5A, SYK, SYK, TLR4, TNFRSF1A, TRAF6, TUBA1A, TUBA4A, TYROBP, UBB, VAV1, VAV2, "
"TARS","6897","threonyl-tRNA synthetase","5","ThrRS;  MGC9344;  TARS","HARS, NDRG1, "
"TBC1D1","23216","TBC1 (tre-2/USP6, BUB2, cdc16) domain family, member 1","4","TBC;  TBC1;  KIAA1108;  TBC1D1","SMAD2, YWHAG, "
"TBX3","6926","T-box 3","12","UMS;  XHL;  TBX3-ISO;  TBX3","TBX3, TBX3, "
"TCEA2","6919","transcription elongation factor A (SII), 2","20","TFIIS;  TCEA2","AKT1S1, CAMKV, CDK11B, CENPT, DCAF10, DNAJB9, EAF2, FAM190B, FBF1, GRIPAP1, GTF2B, MAGEA11, MARK3, RPA1, SH3GL2, TAX1BP3, TRAF2, WDR47, "
"TERT","7015","telomerase reverse transcriptase","5","EST2; TCS1; TP2; TRT; hEST2; TERT","-, ABL1, AKT1, CIB1, HSP90AA1, MCRS1, MTOR, NCL, PRKCA, PTGES3, RELA, RPS6KB1, RUVBL1, RUVBL2, SMG5, SMG6, SRC, TEP1, TERT, TERT, TPP1, XPO1, XRCC5, XRCC6, YWHAQ, "
"TFF3","7033","trefoil factor 3 (intestinal)","21","ITF;  P1B;  TFI;  TFF3","TFF3, TFF3, "
"TFPI2","7980","tissue factor pathway inhibitor 2","7","FLJ21164; PP5; REF1; TFPI-2; TFP12","F11, KLKB1, PLG, SKIL, SMURF2, "
"TFRC","7037","transferrin receptor (p90,CD71)","3","CD71; TFR; TFR1; TRFR; TFRC","ACAP1, CD247, CD4, GABARAP, HFE, RAB5B, RANBP9, TF, TFRC, TFRC, "
"TGFA","7039","transforming growth factor, alpha","2","TFGA;  TGFA","ADAM10, ADAM17, EGFR, ELANE, ERBB2, ERBB4, GORASP1, GORASP2, MAGI2, MAGI3, NKD2, RHBDF1, SDCBP, SNTA1, TGFA, TGFA, "
"TGFB1","7040","Transforming growth factor, beta1","19","CED; DPD1; LAP; TGFB; TGFbeta; TGFB1","ACVRL1, APP, BGN, BMP2, BMP3, CCL3, COL2A1, CTGF, DAXX, DCN, DPT, EIF3I, ENG, FCN1, FMOD, FNTA, ITGAV, ITGB6, ITGB8, LTBP3, LTBP4, MMP2, PZP, SDC2, SPARC, TGFB1, TGFB1, TGFB2, TGFBR1, TGFBR2, TGFBR3, THBS1, VASN, VTN, YWHAE, "
"TGFB2","7042","transforming growth factor, beta 2","1","MGC116892;  TGF-beta2;  TGFB2","APP, BMP2, CTGF, ENG, FMOD, LTBP3, PZP, TGFB1, TGFB2, TGFB2, TGFB3, TGFBR1, TGFBR2, TGFBR3, VASN, VTN, "
"TGFBR1","7046","transforming growth factor, beta receptor 1","9","AAT5;  ALK5;  SKR4;  ALK-5;  LDS1A;  LDS2A;  TGFR-1;  ACVRLK4;  TGFBR1","-, -, -, ACVR1, ACVRL1, AMHR2, ANAPC5, AP2B1, ARHGAP15, ARHGEF6, ARL4D, ARL8B, ASH2L, AURKB, BMPR1B, BTBD2, CAV1, CD44, CDC20, CDC42EP4, CDK14, CDK17, CDK4, CDK6, CDKL1, CHN1, CHN2, CHUK, CLU, CSNK1A1, CSNK2A2, CTNNB1, CUL5, DAB2, DAPK2, DCAF12, DCAF6, DUSP13, EIF2AK4, ENC1, ENG, FANCL, FBXL12, FB"
"TGM3","7053","transglutaminase 3 (Epolypeptide, protein-glutamine-gamma-glutamyl transferase)","20","MGC126249; MGC126250; TGE; TGM3","CALML5, "
"THBD","7056","thrombomodulin","20","TM;  THRM;  AHUS6;  CD141;  THBD","F2, PF4, PROC, SERPINA5, "
"THBS1","7057","thrombospondin 1","15","THBS; THBS-1; TSP; TSP-1; TSP1; THBS1","CALR, CD36, CD47, CFH, COL1A1, COL2A1, COL3A1, COL5A1, COL7A1, CORO1A, CTSG, DCN, DHFR, ELANE, F2, FGA, FN1, HRG, IGFBP5, ITGB3, JAG1, KNG1, LAMB3, LRP1, LRP5, MMP2, MMP9, PDGFB, PLG, SCARB2, SPARC, TFPI, TGFB1, TNFAIP6, TNFRSF11B, "
"THBS2","7058","thrombospondin 2","6","TSP2;  THBS2","MMP2, MMP9, THBS2, THBS2, THBS3, "
"TIMP1","7076","TIMP metallo peptidase inhibitor 1","X","EPA;  EPO;  HCI;  CLGI;  TIMP;  FLJ90373;  TIMP1","CD63, ECH1, EEF1B2, MMP1, MMP2, MMP3, MYOC, RECQL5, "
"TIMP2","7077","TIMP metallo peptidase inhibitor 2","17","CSC-21K; TIMP2","ITGA3, ITGB1, MMP14, MMP2, MMP8, "
"TIMP3","7078","TIMP metallo peptidase inhibitor 3","22","HSMRK222; K222; K222TA2; SFD; TIMP3","ADAM17, EFEMP1, KDR, MMP13, MMP14, MMP2, MMP3, MMP9, "
"TKTL1","8277","transketolase-like1","X","TKR;TKT2; TKTL1","-"
"TLR2","7097","toll-like receptor 2","4","TIL4;  CD282;  TLR2","CD14, HMGB1, HRAS, HSP90B1, IRAK1, LY96, MAPK8IP3, MYD88, PIK3R1, RAC1, RIPK2, SFTPA1, TICAM1, TLR1, TLR10, TLR6, TOLLIP, TRIP6, "
"TLR4","7099","toll-like receptor 4","9","TOLL;  CD284;  hToll;  ARMD10;  TLR4","BCL10, BTK, CD14, CNPY4, DEFB4, HMGB1, HSP90B1, IRAK1, IRAK2, LY96, MAPK8IP3, MYD88, NOX4, RIPK2, RNF216, SIGIRR, SYK, TICAM2, TIRAP, TLR1, TLR5, TOLLIP, "
"TLR8","51311","toll-like receptor 8","X","CD288; MGC119599; MGC119600; TLR8","BTK, MYD88, "
"TMC6","11322","transmembrane channel-like 6","17","EV1; EVER1; EVIN1; LAK-4P; FLJ17776; TMC6","-"
"TMCO6","55374","transmembrane and coiled-coil domains 6","5","PRO1580;  FLJ39769;  TMCO6","UBQLN1, "
"TMEM132A","54972","transmembrane protein 132A","11","GBP;  FLJ20539;  HSPA5BP1;  MGC138669;  DKFZp547E212;  TMEM132A","GSK3B, HSPA5, MEGF10, "
"TMPRSS11D","9407","transmembrane protease, serine 11D","4","HAT;MGC150587;MGC150588; TMPRSS11D","-"
"TMPRSS11E","28983","transmembrane protease, serine 11E","4","DESC1;FLJ75331;FLJ94490;MGC141972;MGC141974;TMPRSS11E2; TMPRSS11E","-"
"TNF","7124","tumor necrosis factor","6","DIF;  TNFA;  TNFSF2;  TNF-alpha;  TNF","ADAM17, ADAM9, BGN, CSF1, DCN, IFNG, MMP17, PDIK1L, PRTN3, TNF, TNF, TNFRSF1A, TNFRSF1B, TRAF2, "
"TNFRSF10C","8794","tumor necrosis factor receptor superfamily, member 10c, decoy without an intracellular domain","8","LIT;  DCR1;  TRID;  CD263;  TRAILR3;  MGC149501;  MGC149502;  TNFRSF10C","APOA1, FAM101B, LRSAM1, RAP1A, SLC27A6, TNFSF10, ZHX1, "
"TOB1","10140","transducer of ERBB2, 1","17","TOB;  TROB;  APRO6;  PIG49;  TROB1;  MGC34446;  MGC104792;  TOB1","CNOT7, ERBB2, MAPK1, MARCKS, SCMH1, SETDB1, SMAD1, SMAD2, SMAD3, SMAD4, SMAD5, SMAD6, SMAD9, "
"TOP2A","7153","TOP2A topoisomerase (DNA) II alpha 170kDa","17","TOP2;  TP2A;  TOP2A","BRCA1, CDK1, CSNK2A1, DFFB, DHX9, HDAC1, HDAC2, JUN, PIN1, PRKCA, PRKCB, PRKCG, RB1, SRPK1, SUMO1, SUMO4, TOP2B, TP53, XPO1, YWHAE, "
"TP53","7157","tumor protein p53","17","P53;  LFS1;  TRP53;  FLJ92943;  TP53","-, ABL1, ACTA1, ANKRD2, ANXA3, APEX1, ARID3A, ARIH2, ARL3, ATF3, ATM, ATR, AURKA, BAK1, BANP, BARD1, BCL2, BCL2L1, BCR, BLM, BRCA1, BRCA2, BRF1, BTBD2, BTK, CABLES1, CABLES2, CAPN1, CCDC106, CCL18, CCNA2, CCNG1, CCNH, CCT5, CD40LG, CDC14A, CDC14B, CDC25C, CDC42, CDK1, CDK2, CDK5, CDK9, CDKN2C, CEBP"
"TP73","7161","tumorprotein p73","1","P73; TP73","ABL1, BIN1, CABLES1, CDK1, CDK2, CEBPZ, CHD3, CREBBP, DAXX, EP300, GNB2L1, HECW2, HIPK2, HMGB1, HRAS, ITCH, KAT2B, MAPK8, MDM2, MDM4, MYC, NEDD4, NFYB, PFDN5, PIAS1, PML, PPP1R13B, SMAD2, SMAD3, SUMO1, TP53, TP63, TP73, TP73, WT1, WWOX, YAP1, "
"TPX2","22974","TPX2, microtubule-associated, homolog (Xenopus laevis)","20","DIL2;  p100;  DIL-2;  HCTP4;  FLS353;  HCA519;  REPP86;  C20orf1;  C20orf2;  GD:C20orf1;  TPX2","AURKA, HMMR, TPX2, TPX2, "
"TRA2A","29896","transformer 2 alpha homolog (Drosophila)","7","HSU53209;  TRA2A","SFRS13A, YWHAG, "
"TREM2","54209","triggering receptor expressed on myeloid cells 2","6","TREM-2;  Trem2a;  Trem2b;  Trem2c;  TREM2","TYROBP, "
"TRIM29","23650","tripartite motif-containing 29","11","ATDC;  FLJ36085;  TRIM29","CEP70, EFCAB4B, FBF1, FXR2, GCC1, GOLGA2, HINT1, JAKMIP2, LZTS2, MAD1L1, MID2, MLH1, PRKCA, SMAD9, TRIM11, TRIM23, TRIM27, TRIM29, TRIM29, TSGA10, UBE2I, VIM, "
"TRIP13","9319","thyroid hormone receptor interactor 13","5","16E1BP;  TRIP13","ADAM15, ARL11, ASB13, C11orf54, C2orf51, CARD14, CD99, COMT, CPSF3L, CRMP1, CYB5R2, DDAH2, DTX2, GALT, GLYCTK, GPRIN2, GPSM1, HDHD3, KIAA1609, KRTAP3-2, LASP1, LNX1, LOXL4, MAD2L1BP, NIF3L1, NME4, PARK2, PBLD, PLAC8, PLK3, PLSCR3, PLSCR4, PPP2CA, RBPMS, SEC24A, SELENBP1, SEMA4G, SIGLEC5, SMUG1, STAMBPL1, THRB, TRIP13, TRIP13, WDYHV1, ZNF655, "
"TSPAN3","10099","tetraspanin 3","15","TM4-A;  TM4SF8;  TSPAN-3;  TSPAN3","CLDN11, EWSR1, "
"TUBB2","7280","tubulin, beta 2A","6","TUBB; TUBB2; dJ40E16.7; TUBB2A","-"
"TWIST1","7291","twist homolog 1 (Drosophila)","7","SCS; ACS3; CRS1; BPES2; BPES3; TWIST; bHLHa38; TWIST1","EP300, GLI3, HOXA5, KAT2B, MYOD1, RELA, TCF3, TWIST1, TWIST1, "
"TYK2","7297","tyrosine kinase 2","19","JTK1;  TYK2","CBL, CRKL, EIF2AK2, FYN, GHR, GNB2L1, IFNAR1, IFNAR2, IL13RA1, IL6ST, IRS1, IRS2, JAK1, JAKMIP1, LYN, PDGFRB, PIK3R1, PLAUR, PRMT5, PTAFR, PTPN1, PTPN6, PTPRC, STAM2, STAT1, STAT2, TYK2, TYK2, VAV1, XRCC5, "
"TYMS","7298","thymidylate synthetase","18","HST422; MGC88736; TMS; TS; TYMS","TYMS, TYMS, "
"UFD1L","7353","ubiquitin fusion degradation 1 like (yeast)","22","UFD1; UFD1L","NPLOC4, VCP, "
"UPK1A","11045","uroplakin 1A","19","MGC129751; MGC129752; MGC14388; TSPAN21; UP1A; UPIA; UPKA; UPK1A","UPK1A, UPK1A, UPK2, "
"VEGFA","7422","vascular endothelial growth factor A","6","MGC70609; MVCD1; VEGF; VEGF-A; VPF; VEGFA","ADAMTS1, AKT1, CSDA, CTGF, EPHB2, FLT1, GPC1, IGFBP7, KDR, NRP1, NRP2, PGF, SEMA3F, SPARC, TNXB, VEGFA, VEGFA, VEGFB, VTN, YBX1, "
"VEGFB","7423","vascular endothelial growth factor B ","11","VRF;  VEGFL;  VEGFB","FLT1, NRP1, TNXB, VEGFA, VEGFB, VEGFB, "
"VEGFC","7424","vascular endothelial growth factor C","4","Flt4-L; VRP; VEGFC","FLT4, KDR, VEGFC, VEGFC, "
"VHL","7428","von Hippel-Lindau tumor suppressor","3","HRCA1; RCA1; VHL1; VHL","CCT3, CUL2, EPAS1, FLNA, FN1, HIF1A, HIF1AN, HIF3A, HNRNPA2B1, NR4A1, NR4A2, NR4A3, PHF17, POLR2G, PSMC3, RBX1, RNF139, SP1, TCEB1, TCEB2, USP33, VBP1, ZNF197, "
"VPS35","55737","vacuolar protein sorting 35 homolog (S. cerevisiae) ","16","MEM3;  FLJ10752;  FLJ13588;  FLJ20388;  DKFZp434E1211;  DKFZp434P1672;  VPS35","MTNR1B, SNX1, VPS26B, VPS29, "
"VSIG4","11326","V-set and immunoglobulin domain containing 4","X","CRIg; Z39IG; VSIG4","C3"
"VWF","7450","von Willebrand factor","12","VWD;  F8VWF;  VWF","ADAMTS13, CALR, COL1A1, COL1A2, F8, FURIN, GP1BA, HSPA5, ITGA2B, TNFRSF11B, VWF, VWF, "
"WT1","7490","Wilms tumor 1","11","GUD;  AWT1;  WAGR;  WT33;  WIT-2;  WT1","AREG, CIAO1, CREBBP, FHL2, PAWR, PAX2, PRKACA, TP53, TP63, TP73, U2AF2, UBE2I, WTAP, WTIP, "
"XRCC1","7515","X-ray repair complementing defective repair in Chinese hamster cells 1","19","RCC;  XRCC1","APEX1, APLF, APTX, BRCA1, CSNK2A1, CSNK2A2, LIG3, NEIL1, OGG1, PARP1, PARP2, PCNA, PNKP, POLB, "
"YIF1A","10897","Yip1 interacting factor homolog A (S. cerevisiae)","11","54TM;  YIF1;  YIF1P;  FinGER7;  YIF1A","SLC34A1, YIPF5, "
"ZBED2","79413","zinc finger, BED-type containing 2","3","MGC10796; ZBED2","-"
"ZNF217","7764","zinc finger protein 217","20","ZABC1; ZNF217","-"
