"gene_name","protein_id","swissprot_id","pdb_id","method","resol","chain","position"
"A2M","NP_000005.2","P01023","1BV8","NMR","-","A","1337-1474"
"A2M","NP_000005.2","P01023","2P9R","X-ray","2.3","A/B","126-227"
"ACADVL","NP_000009.1","P49748 ","2UXW","X-ray","1.45","A","72-655"
"ACADVL","NP_000009.1","P49748 ","3B96","X-ray","1.91","A","69-655"
"ACADVL","NP_001029031.1","P49748 ","2UXW","X-ray","1.45","A","72-655"
"ACADVL","NP_001029031.1","P49748 ","3B96","X-ray","1.91","A","69-655"
"ADAM9","NP_003807.1","Q13443","1M1V","model","-","A","208-404"
"ADAM9","NP_001005845.1","Q13443","1M1V","model","-","A","208-404"
"ADRM1","NP_008933.2","Q16186","2KR0","NMR","-","A","1-407"
"ADRM1","NP_008933.2","Q16186","2KQ2","NMR","-","A","253-407"
"ADRM1","NP_783163.1","Q16186","2KR0","NMR","-","A","1-407"
"ADRM1","NP_783163.1","Q16186","2KQ2","NMR","-","A","253-407"
"AEBP1","NP_001120.3","Q8IUX7","-","-","-","-","-"
"AHCY","NP_000678.1","P23526","1A7A","X-ray","2.8","A/B","1-432"
"AHCY","NP_000678.1","P23526","1LI4","X-ray","2.01","A","1-432"
"AIM2","NP_004824.1","O14862","-","-","-","-","-"
"AKT1","NP_001014431.1","P31749","1H10","X-ray","1.4","A","1-123"
"AKT1","NP_001014431.1","P31749","1UNP","X-ray","1.65","A","1-121"
"AKT1","NP_001014431.1","P31749","1UNQ","X-ray","0.98","A","1-123"
"AKT1","NP_001014431.1","P31749","1UNR","X-ray","1.25","A","1-123"
"AKT1","NP_001014431.1","P31749","2UVM","X-ray","1.94","A","1-123"
"AKT1","NP_001014431.1","P31749","2UZR","X-ray","1.94","A","1-123"
"AKT1","NP_001014431.1","P31749","2UZS","X-ray","2.46","A","1-123"
"AKT1","NP_001014431.1","P31749","3CQU","X-ray","2.2","A","144-480"
"AKT1","NP_001014431.1","P31749","3CQW","X-ray","2","A","144-480"
"AKT1","NP_001014432.1","P31749","1H10","X-ray","1.4","A","1-123"
"AKT1","NP_001014432.1","P31749","1UNP","X-ray","1.65","A","1-121"
"AKT1","NP_001014432.1","P31749","1UNQ","X-ray","0.98","A","1-123"
"AKT1","NP_001014432.1","P31749","1UNR","X-ray","1.25","A","1-123"
"AKT1","NP_001014432.1","P31749","2UVM","X-ray","1.94","A","1-123"
"AKT1","NP_001014432.1","P31749","2UZR","X-ray","1.94","A","1-123"
"AKT1","NP_001014432.1","P31749","2UZS","X-ray","2.46","A","1-123"
"AKT1","NP_001014432.1","P31749","3CQU","X-ray","2.2","A","144-480"
"AKT1","NP_001014432.1","P31749","3CQW","X-ray","2","A","144-480"
"AKT1","NP_005154.2","P31749","1H10","X-ray","1.4","A","1-123"
"AKT1","NP_005154.2","P31749","1UNP","X-ray","1.65","A","1-121"
"AKT1","NP_005154.2","P31749","1UNQ","X-ray","0.98","A","1-123"
"AKT1","NP_005154.2","P31749","1UNR","X-ray","1.25","A","1-123"
"AKT1","NP_005154.2","P31749","2UVM","X-ray","1.94","A","1-123"
"AKT1","NP_005154.2","P31749","2UZR","X-ray","1.94","A","1-123"
"AKT1","NP_005154.2","P31749","2UZS","X-ray","2.46","A","1-123"
"AKT1","NP_005154.2","P31749","3CQU","X-ray","2.2","A","144-480"
"AKT1","NP_005154.2","P31749","3CQW","X-ray","2","A","144-480"
"ALDH7A1","NP_001173.2","P49419","2J6L","X-ray","1.3","A/B/C/D/E/F/G/H","30-526"
"ALOX12","NP_000688.2","P18054 ","2ABU","model","-","A","2-663"
"ALOX12","NP_000688.2","P18054 ","3D3L","X-ray","2.6","A/B","172-662"
"ALOX12B","NP_001130.1","O75342 ","-","-","-","-","-"
"ANG","NP_001091046.1","P03950","1A4Y","X-ray","2","B/E","25-147"
"ANG","NP_001091046.1","P03950","1ANG","X-ray","2.4","A","25-147"
"ANG","NP_001091046.1","P03950","1AWZ","NMR","-","A","25-147"
"ANG","NP_001091046.1","P03950","1B1E","X-ray","2","A","25-147"
"ANG","NP_001091046.1","P03950","1B1I","X-ray","1.8","A","26-147"
"ANG","NP_001091046.1","P03950","1B1J","X-ray","2","A","25-147"
"ANG","NP_001091046.1","P03950","1GV7","X-ray","2.1","A","26-145"
"ANG","NP_001091046.1","P03950","1H0D","X-ray","2","C","26-147"
"ANG","NP_001091046.1","P03950","1H52","X-ray","2","A","26-147"
"ANG","NP_001091046.1","P03950","1H53","X-ray","2","A","26-147"
"ANG","NP_001091046.1","P03950","1HBY","X-ray","2","A","26-147"
"ANG","NP_001091046.1","P03950","1K58","X-ray","2.7","A","26-147"
"ANG","NP_001091046.1","P03950","1K59","X-ray","1.8","A","26-147"
"ANG","NP_001091046.1","P03950","1K5A","X-ray","2.33","A","25-147"
"ANG","NP_001091046.1","P03950","1K5B","X-ray","1.8","A","26-144"
"ANG","NP_001091046.1","P03950","1UN3","X-ray","1.7","A","26-147"
"ANG","NP_001091046.1","P03950","1UN4","X-ray","2.1","A","26-147"
"ANG","NP_001091046.1","P03950","1UN5","X-ray","2.6","A","25-147"
"ANG","NP_001091046.1","P03950","2ANG","X-ray","2","A","25-147"
"ANG","NP_001136.1","P03950","1A4Y","X-ray","2","B/E","25-147"
"ANG","NP_001136.1","P03950","1ANG","X-ray","2.4","A","25-147"
"ANG","NP_001136.1","P03950","1AWZ","NMR","-","A","25-147"
"ANG","NP_001136.1","P03950","1B1E","X-ray","2","A","25-147"
"ANG","NP_001136.1","P03950","1B1I","X-ray","1.8","A","26-147"
"ANG","NP_001136.1","P03950","1B1J","X-ray","2","A","25-147"
"ANG","NP_001136.1","P03950","1GV7","X-ray","2.1","A","26-145"
"ANG","NP_001136.1","P03950","1H0D","X-ray","2","C","26-147"
"ANG","NP_001136.1","P03950","1H52","X-ray","2","A","26-147"
"ANG","NP_001136.1","P03950","1H53","X-ray","2","A","26-147"
"ANG","NP_001136.1","P03950","1HBY","X-ray","2","A","26-147"
"ANG","NP_001136.1","P03950","1K58","X-ray","2.7","A","26-147"
"ANG","NP_001136.1","P03950","1K59","X-ray","1.8","A","26-147"
"ANG","NP_001136.1","P03950","1K5A","X-ray","2.33","A","25-147"
"ANG","NP_001136.1","P03950","1K5B","X-ray","1.8","A","26-144"
"ANG","NP_001136.1","P03950","1UN3","X-ray","1.7","A","26-147"
"ANG","NP_001136.1","P03950","1UN4","X-ray","2.1","A","26-147"
"ANG","NP_001136.1","P03950","1UN5","X-ray","2.6","A","25-147"
"ANG","NP_001136.1","P03950","2ANG","X-ray","2","A","25-147"
"ANLN","NP_061155.2","Q9NQW6","-","-","-","-","-"
"ANXA1","NP_000691.1","P04083","1AIN","X-ray","2.5","A","33-346"
"ANXA1","NP_000691.1","P04083","1BO9","NMR","-","A","41-113"
"ANXA1","NP_000691.1","P04083","1QLS","X-ray","2.3","D","12-Feb"
"ANXA2","NP_001002857.1","P07355","1W7B","X-ray","1.52","A","1-339"
"ANXA2","NP_001002857.1","P07355","1XJL","X-ray","2.59","A/B","21-338"
"ANXA2","NP_001002857.1","P07355","2HYU","X-ray","1.86","A","32-338"
"ANXA2","NP_001002857.1","P07355","2HYV","X-ray","1.42","A","32-338"
"ANXA2","NP_001002857.1","P07355","2HYW","X-ray","2.1","A/B","32-338"
"ANXA2","NP_001002858.1","P07355","1W7B","X-ray","1.52","A","1-339"
"ANXA2","NP_001002858.1","P07355","1XJL","X-ray","2.59","A/B","21-338"
"ANXA2","NP_001002858.1","P07355","2HYU","X-ray","1.86","A","32-338"
"ANXA2","NP_001002858.1","P07355","2HYV","X-ray","1.42","A","32-338"
"ANXA2","NP_001002858.1","P07355","2HYW","X-ray","2.1","A/B","32-338"
"ANXA2","NP_001129487.1","P07355","1W7B","X-ray","1.52","A","1-339"
"ANXA2","NP_001129487.1","P07355","1XJL","X-ray","2.59","A/B","21-338"
"ANXA2","NP_001129487.1","P07355","2HYU","X-ray","1.86","A","32-338"
"ANXA2","NP_001129487.1","P07355","2HYV","X-ray","1.42","A","32-338"
"ANXA2","NP_001129487.1","P07355","2HYW","X-ray","2.1","A/B","32-338"
"ANXA2","NP_004030.1","P07355","1W7B","X-ray","1.52","A","1-339"
"ANXA2","NP_004030.1","P07355","1XJL","X-ray","2.59","A/B","21-338"
"ANXA2","NP_004030.1","P07355","2HYU","X-ray","1.86","A","32-338"
"ANXA2","NP_004030.1","P07355","2HYV","X-ray","1.42","A","32-338"
"ANXA2","NP_004030.1","P07355","2HYW","X-ray","2.1","A/B","32-338"
"ANXA2","NP_004030.1","P07355","2ZOC","X-ray","2","A/B","1-319"
"ANXA4","NP_001144.1","P09525","1W7B","X-ray","1.52","A","1-339"
"ANXA8","NP_001035173","P13928","1W3W","X-ray","1.99","A","1-327"
"ANXA8","NP_001035173","P13928","1W45","X-ray","2.51","A/B","1-327"
"APC","NP_000029.2","P25054 ","1DEB","X-ray","2.4","A/B","Feb-55"
"APC","NP_000029.2","P25054 ","1EMU","X-ray","1.9","B","2034-2049"
"APC","NP_000029.2","P25054 ","1JPP","X-ray","3.1","C/D","1021-1035"
"APC","NP_000029.2","P25054 ","1M5I","X-ray","2","A","126-250"
"APC","NP_000029.2","P25054 ","1T08","X-ray","2.1","C","1484-1498"
"APC","NP_000029.2","P25054 ","1TH1","X-ray","2.5","C/D","1362-1540"
"APC","NP_000029.2","P25054 ","1V18","X-ray","2.1","B","1482-1528"
"APC","NP_001120982.1","P25054 ","1DEB","X-ray","2.4","A/B","Feb-55"
"APC","NP_001120982.1","P25054 ","1EMU","X-ray","1.9","B","2034-2049"
"APC","NP_001120982.1","P25054 ","1JPP","X-ray","3.1","C/D","1021-1035"
"APC","NP_001120982.1","P25054 ","1M5I","X-ray","2","A","126-250"
"APC","NP_001120982.1","P25054 ","1T08","X-ray","2.1","C","1484-1498"
"APC","NP_001120982.1","P25054 ","1TH1","X-ray","2.5","C/D","1362-1540"
"APC","NP_001120982.1","P25054 ","1V18","X-ray","2.1","B","1482-1528"
"APC","NP_001120983.1","P25054 ","1DEB","X-ray","2.4","A/B","Feb-55"
"APC","NP_001120983.1","P25054 ","1EMU","X-ray","1.9","B","2034-2049"
"APC","NP_001120983.1","P25054 ","1JPP","X-ray","3.1","C/D","1021-1035"
"APC","NP_001120983.1","P25054 ","1M5I","X-ray","2","A","126-250"
"APC","NP_001120983.1","P25054 ","1T08","X-ray","2.1","C","1484-1498"
"APC","NP_001120983.1","P25054 ","1TH1","X-ray","2.5","C/D","1362-1540"
"APC","NP_001120983.1","P25054 ","1V18","X-ray","2.1","B","1482-1528"
"APLP2","NP_001135748.1","Q06481","-","-","-","-","-"
"APLP2","NP_001135749.1","Q06481","-","-","-","-","-"
"APLP2","NP_001135750.1","Q06481","-","-","-","-","-"
"APLP2","NP_001633.1","Q06481","-","-","-","-","-"
"APOC1","NP_001636.1","P02654","1ALE","NMR","-","A","33-50"
"APOC1","NP_001636.1","P02654","1ALF","NMR","-","A","61-79"
"APOC1","NP_001636.1","P02654","1IOJ","NMR","-","A","27-83"
"APOC1","NP_001636.1","P02654","1OPP","NMR","-","A","27-64"
"APOD","NP_001638.1","P05090","2APD","model","-","A","21-189"
"APOD","NP_001638.1","P05090","2HZQ","X-ray","1.8","A","23-189"
"APOD","NP_001638.1","P05090","2HZR","X-ray","1.8","A","23-189"
"APOL2","NP_112092.1","Q9BQE5","-","-","-","-","-"
"APOL2","NP_663612.1","Q9BQE5","-","-","-","-","-"
"AQP3","NP_004916.1","Q92482","-","-","-","-","-"
"ARHGAP12","NP_060757.4","Q8IWW6","-","-","-","-","-"
"ARHGAP8","NP_001017526.1","P85298","-","-","-","-","-"
"ARHGAP8","NP_851852.2","P85298","-","-","-","-","-"
"PYCARD","NP_037390.2","Q9ULZ3","1UCP","NMR","-","A","Jan-91"
"PYCARD","NP_037390.2","Q9ULZ3","2KN6","NMR","-","A","1-195"
"PYCARD","NP_660183.1","Q9ULZ3","1UCP","NMR","-","A","Jan-91"
"PYCARD","NP_660183.1","Q9ULZ3","2KN6","NMR","-","A","1-195"
"ASXL1","NP_056153.2","Q8IXJ9","-","-","-","-","-"
"ATIC","NP_004035.2","P31939","1P4R","X-ray","2.55","A/B","1-592"
"ATIC","NP_004035.2","P31939","1PKX","X-ray","1.9","A/B/C/D","1-592"
"ATIC","NP_004035.2","P31939","1PL0","X-ray","2.6","A/B/C/D","1-592"
"ATP9A","NP_006036.1","O75110","-","-","-","-","-"
"B4GALT5","NP_004767.1","O43286","-","-","-","-","-"
"BAG1","NP_004314.5","-","-","-","-","-","-"
"BANF1","NP_001137457.1","O75531","1CI4","X-ray","1.9","A/B","Jan-89"
"BANF1","NP_001137457.1","O75531","1QCK","NMR","-","A/B","Jan-89"
"BANF1","NP_001137457.1","O75531","2BZF","X-ray","2.87","A","Jan-89"
"BANF1","NP_001137457.1","O75531","2EZX","NMR","-","A/B","Jan-89"
"BANF1","NP_001137457.1","O75531","2EZY","NMR","-","A/B","Jan-89"
"BANF1","NP_001137457.1","O75531","2EZZ","NMR","-","A/B","Jan-89"
"BANF1","NP_001137457.1","O75531","2ODG","NMR","-","A/B","Jan-89"
"BANF1","NP_003851.1","O75531","1CI4","X-ray","1.9","A/B","Jan-89"
"BANF1","NP_003851.1","O75531","1QCK","NMR","-","A/B","Jan-89"
"BANF1","NP_003851.1","O75531","2BZF","X-ray","2.87","A","Jan-89"
"BANF1","NP_003851.1","O75531","2EZX","NMR","-","A/B","Jan-89"
"BANF1","NP_003851.1","O75531","2EZY","NMR","-","A/B","Jan-89"
"BANF1","NP_003851.1","O75531","2EZZ","NMR","-","A/B","Jan-89"
"BANF1","NP_003851.1","O75531","2ODG","NMR","-","A/B","Jan-89"
"BASP1","NP_006308.3","P80723","-","-","-","-","-"
"BAT2L2","NP_055987.2","Q9Y520","-","-","-","-","-"
"BCL2","NP_000624.2","P10415","1G5M","NMR","-","A","1-207"
"BCL2","NP_000624.2","P10415","1GJH","NMR","-","A","1-207"
"BCL2","NP_000624.2","P10415","1YSW","NMR","-","A","3-207"
"BCL2","NP_000624.2","P10415","2O21","NMR","-","A","3-207"
"BCL2","NP_000624.2","P10415","2O22","NMR","-","A","3-207"
"BCL2","NP_000624.2","P10415","2O2F","NMR","-","A","8-204"
"BCL2","NP_000624.2","P10415","2W3L","X-ray","2.1","A/B","9-206"
"BCL2","NP_000648.2","-","-","-","-","-","-"
"BCL2L1","NP_001182.1","Q07817","1BXL","NMR","-","A","1-209"
"BCL2L1","NP_001182.1","Q07817","1G5J","NMR","-","A","1-209"
"BCL2L1","NP_001182.1","Q07817","1LXL","NMR","-","A","1-209"
"BCL2L1","NP_001182.1","Q07817","1MAZ","X-ray","2.2","A","1-209"
"BCL2L1","NP_001182.1","Q07817","1R2D","X-ray","1.95","A","1-211"
"BCL2L1","NP_001182.1","Q07817","1R2E","X-ray","2.1","A","1-211"
"BCL2L1","NP_001182.1","Q07817","1R2G","X-ray","2.7","A","1-211"
"BCL2L1","NP_001182.1","Q07817","1R2H","X-ray","2.2","A","1-211"
"BCL2L1","NP_001182.1","Q07817","1R2I","X-ray","2","A","1-211"
"BCL2L1","NP_001182.1","Q07817","1YSG","NMR","-","A","1-209"
"BCL2L1","NP_001182.1","Q07817","1YSI","NMR","-","A","1-209"
"BCL2L1","NP_001182.1","Q07817","1YSN","NMR","-","A","1-209"
"BCL2L1","NP_001182.1","Q07817","2B48","X-ray","3.45","A","1-211"
"BCL2L1","NP_001182.1","Q07817","2O1Y","NMR","-","A","1-209"
"BCL2L1","NP_001182.1","Q07817","2O2M","NMR","-","A","2-196"
"BCL2L1","NP_001182.1","Q07817","2O2N","NMR","-","A","2-196"
"BCL2L1","NP_001182.1","Q07817","2P1L","X-ray","2.5","A/C/E/G","1-209"
"BCL2L1","NP_001182.1","Q07817","2PON","NMR","-","B","1-196"
"BCL2L1","NP_001182.1","Q07817","2YXJ","X-ray","2.2","A/B","1-209"
"BCL2L1","NP_001182.1","Q07817","3CVA","X-ray","2.7","X","1-211"
"BCL2L1","NP_001182.1","Q07817","3FDL","X-ray","1.78","A","1-209"
"BCL2L1","NP_001182.1","Q07817","3FDM","X-ray","2.26","A/B/C","1-209"
"BCL2L1","NP_001182.1","Q07817","3INQ","X-ray","2","A/B","1-209"
"BCL2L1","NP_001182.1","Q07817","3IO8","X-ray","2.3","A/C","1-209"
"BCL2L1","NP_612815.1","Q07817","1BXL","NMR","-","A","1-209"
"BCL2L1","NP_612815.1","Q07817","1G5J","NMR","-","A","1-209"
"BCL2L1","NP_612815.1","Q07817","1LXL","NMR","-","A","1-209"
"BCL2L1","NP_612815.1","Q07817","1MAZ","X-ray","2.2","A","1-209"
"BCL2L1","NP_612815.1","Q07817","1R2D","X-ray","1.95","A","1-211"
"BCL2L1","NP_612815.1","Q07817","1R2E","X-ray","2.1","A","1-211"
"BCL2L1","NP_612815.1","Q07817","1R2G","X-ray","2.7","A","1-211"
"BCL2L1","NP_612815.1","Q07817","1R2H","X-ray","2.2","A","1-211"
"BCL2L1","NP_612815.1","Q07817","1R2I","X-ray","2","A","1-211"
"BCL2L1","NP_612815.1","Q07817","1YSG","NMR","-","A","1-209"
"BCL2L1","NP_612815.1","Q07817","1YSI","NMR","-","A","1-209"
"BCL2L1","NP_612815.1","Q07817","1YSN","NMR","-","A","1-209"
"BCL2L1","NP_612815.1","Q07817","2B48","X-ray","3.45","A","1-211"
"BCL2L1","NP_612815.1","Q07817","2O1Y","NMR","-","A","1-209"
"BCL2L1","NP_612815.1","Q07817","2O2M","NMR","-","A","2-196"
"BCL2L1","NP_612815.1","Q07817","2O2N","NMR","-","A","2-196"
"BCL2L1","NP_612815.1","Q07817","2P1L","X-ray","2.5","A/C/E/G","1-209"
"BCL2L1","NP_612815.1","Q07817","2PON","NMR","-","B","1-196"
"BCL2L1","NP_612815.1","Q07817","2YXJ","X-ray","2.2","A/B","1-209"
"BCL2L1","NP_612815.1","Q07817","3CVA","X-ray","2.7","X","1-211"
"BCL2L1","NP_612815.1","Q07817","3FDL","X-ray","1.78","A","1-209"
"BCL2L1","NP_612815.1","Q07817","3FDM","X-ray","2.26","A/B/C","1-209"
"BCL2L1","NP_612815.1","Q07817","3INQ","X-ray","2","A/B","1-209"
"BCL2L1","NP_612815.1","Q07817","3IO8","X-ray","2.3","A/C","1-209"
"BCL2L2","NP_004041.1","Q92843 ","1MK3","NMR","-","A","2-171"
"BCL2L2","NP_004041.1","Q92843 ","1O0L","NMR","-","A","1-183"
"BCL2L2","NP_004041.1","Q92843 ","1ZY3","NMR","-","A","2-171"
"BICD2","NP_001003800.1","Q8TD16","-","-","-","-","-"
"BICD2","NP_056065.1","Q8TD16","-","-","-","-","-"
"BIRC5","NP_001012270.1","O15392","1.00E+31","X-ray","2.71","A/B","1-142"
"BIRC5","NP_001012270.1","O15392","1F3H","X-ray","2.58","A/B","1-142"
"BIRC5","NP_001012270.1","O15392","1XOX","NMR","-","A/B","1-117"
"BIRC5","NP_001012270.1","O15392","2QFA","X-ray","1.4","A","1-142"
"BIRC5","NP_001012270.1","O15392","2RAW","X-ray","2.4","A","1-142"
"BIRC5","NP_001012270.1","O15392","2RAX","X-ray","3.3","A/E/X","1-120"
"BIRC5","NP_001012271.1","O15392","1.00E+31","X-ray","2.71","A/B","1-142"
"BIRC5","NP_001012271.1","O15392","1F3H","X-ray","2.58","A/B","1-142"
"BIRC5","NP_001012271.1","O15392","1XOX","NMR","-","A/B","1-117"
"BIRC5","NP_001012271.1","O15392","2QFA","X-ray","1.4","A","1-142"
"BIRC5","NP_001012271.1","O15392","2RAW","X-ray","2.4","A","1-142"
"BIRC5","NP_001012271.1","O15392","2RAX","X-ray","3.3","A/E/X","1-120"
"BIRC5","NP_001159.2 ","O15392","1.00E+31","X-ray","2.71","A/B","1-142"
"BIRC5","NP_001159.2 ","O15392","1F3H","X-ray","2.58","A/B","1-142"
"BIRC5","NP_001159.2 ","O15392","1XOX","NMR","-","A/B","1-117"
"BIRC5","NP_001159.2 ","O15392","2QFA","X-ray","1.4","A","1-142"
"BIRC5","NP_001159.2 ","O15392","2RAW","X-ray","2.4","A","1-142"
"BIRC5","NP_001159.2 ","O15392","2RAX","X-ray","3.3","A/E/X","1-120"
"BLU","NP_056980.2","O75800 ","2D8Q","NMR","-","A","384-440"
"BLU","NP_056980.2","O75800 ","2DAN","NMR","-","A","384-430"
"BNIP3","NP_004043.2","Q12983 ","2J5D","NMR","-","A/B","146-190"
"BNIP3","NP_004043.2","Q12983 ","2KA1","NMR","-","A/B","154-188"
"BNIP3","NP_004043.2","Q12983 ","2KA2","NMR","-","A/B","154-188"
"BRAF","NP_004324.2","P15056 ","1UWH","X-ray","2.95","A/B","448-723"
"BRAF","NP_004324.2","P15056 ","1UWJ","X-ray","3.5","A/B","448-723"
"BRAF","NP_004324.2","P15056 ","2FB8","X-ray","2.9","A/B","445-723"
"BRAF","NP_004324.2","P15056 ","3C4C","X-ray","2.57","A/B","444-719"
"BRAF","NP_004324.2","P15056 ","3C4D","X-ray","2.65","A/B","444-719"
"BRAF","NP_004324.2","P15056 ","3D4Q","X-ray","2.8","A/B","433-726"
"BRAF","NP_004324.2","P15056 ","3IDP","X-ray","2.7","A/B","434-727"
"BRAF","NP_004324.2","P15056 ","3II5","X-ray","2.79","A/B","432-726"
"BRCA1","NP_009228.2","P38398","1JM7","NMR","-","A","1-110"
"BRCA1","NP_009228.2","P38398","1JNX","X-ray","2.5","X","1646-1859"
"BRCA1","NP_009228.2","P38398","1N5O","X-ray","2.8","X","1646-1859"
"BRCA1","NP_009228.2","P38398","1OQA","NMR","-","A","1755-1863"
"BRCA1","NP_009228.2","P38398","1T15","X-ray","1.85","A","1649-1859"
"BRCA1","NP_009228.2","P38398","1T29","X-ray","2.3","A","1646-1859"
"BRCA1","NP_009228.2","P38398","1T2U","X-ray","2.8","A","1646-1859"
"BRCA1","NP_009228.2","P38398","1T2V","X-ray","3.3","A/B/C/D/E","1646-1859"
"BRCA1","NP_009228.2","P38398","1Y98","X-ray","2.5","A","1646-1859"
"BRCA1","NP_009228.2","P38398","2ING","X-ray","3.6","X","1649-1859"
"BRCA1","NP_009228.2","P38398","3COJ","X-ray","3.21","A/B/C/D/E/F/G/X","1646-1859"
"BRCA1","NP_009228.2","P38398","3K0H","X-ray","2.7","A","1646-1859"
"BRCA1","NP_009228.2","P38398","3K0K","X-ray","2.7","A","1646-1859"
"BRCA1","NP_009228.2","P38398","3K15","X-ray","2.8","A","1646-1859"
"BRCA1","NP_009228.2","P38398","3K16","X-ray","3","A","1646-1859"
"BRCA1","NP_009229.1","P38398","1JM7","NMR","-","A","1-110"
"BRCA1","NP_009229.1","P38398","1JNX","X-ray","2.5","X","1646-1859"
"BRCA1","NP_009229.1","P38398","1N5O","X-ray","2.8","X","1646-1859"
"BRCA1","NP_009229.1","P38398","1OQA","NMR","-","A","1755-1863"
"BRCA1","NP_009229.1","P38398","1T15","X-ray","1.85","A","1649-1859"
"BRCA1","NP_009229.1","P38398","1T29","X-ray","2.3","A","1646-1859"
"BRCA1","NP_009229.1","P38398","1T2U","X-ray","2.8","A","1646-1859"
"BRCA1","NP_009229.1","P38398","1T2V","X-ray","3.3","A/B/C/D/E","1646-1859"
"BRCA1","NP_009229.1","P38398","1Y98","X-ray","2.5","A","1646-1859"
"BRCA1","NP_009229.1","P38398","2ING","X-ray","3.6","X","1649-1859"
"BRCA1","NP_009229.1","P38398","3COJ","X-ray","3.21","A/B/C/D/E/F/G/X","1646-1859"
"BRCA1","NP_009229.1","P38398","3K0H","X-ray","2.7","A","1646-1859"
"BRCA1","NP_009229.1","P38398","3K0K","X-ray","2.7","A","1646-1859"
"BRCA1","NP_009229.1","P38398","3K15","X-ray","2.8","A","1646-1859"
"BRCA1","NP_009229.1","P38398","3K16","X-ray","3","A","1646-1859"
"BRCA1","NP_009230.1","P38398","1JM7","NMR","-","A","1-110"
"BRCA1","NP_009230.1","P38398","1JNX","X-ray","2.5","X","1646-1859"
"BRCA1","NP_009230.1","P38398","1N5O","X-ray","2.8","X","1646-1859"
"BRCA1","NP_009230.1","P38398","1OQA","NMR","-","A","1755-1863"
"BRCA1","NP_009230.1","P38398","1T15","X-ray","1.85","A","1649-1859"
"BRCA1","NP_009230.1","P38398","1T29","X-ray","2.3","A","1646-1859"
"BRCA1","NP_009230.1","P38398","1T2U","X-ray","2.8","A","1646-1859"
"BRCA1","NP_009230.1","P38398","1T2V","X-ray","3.3","A/B/C/D/E","1646-1859"
"BRCA1","NP_009230.1","P38398","1Y98","X-ray","2.5","A","1646-1859"
"BRCA1","NP_009230.1","P38398","2ING","X-ray","3.6","X","1649-1859"
"BRCA1","NP_009230.1","P38398","3COJ","X-ray","3.21","A/B/C/D/E/F/G/X","1646-1859"
"BRCA1","NP_009230.1","P38398","3K0H","X-ray","2.7","A","1646-1859"
"BRCA1","NP_009230.1","P38398","3K0K","X-ray","2.7","A","1646-1859"
"BRCA1","NP_009230.1","P38398","3K15","X-ray","2.8","A","1646-1859"
"BRCA1","NP_009230.1","P38398","3K16","X-ray","3","A","1646-1859"
"BRCA1","NP_009231.1","P38398","1JM7","NMR","-","A","1-110"
"BRCA1","NP_009231.1","P38398","1JNX","X-ray","2.5","X","1646-1859"
"BRCA1","NP_009231.1","P38398","1N5O","X-ray","2.8","X","1646-1859"
"BRCA1","NP_009231.1","P38398","1OQA","NMR","-","A","1755-1863"
"BRCA1","NP_009231.1","P38398","1T15","X-ray","1.85","A","1649-1859"
"BRCA1","NP_009231.1","P38398","1T29","X-ray","2.3","A","1646-1859"
"BRCA1","NP_009231.1","P38398","1T2U","X-ray","2.8","A","1646-1859"
"BRCA1","NP_009231.1","P38398","1T2V","X-ray","3.3","A/B/C/D/E","1646-1859"
"BRCA1","NP_009231.1","P38398","1Y98","X-ray","2.5","A","1646-1859"
"BRCA1","NP_009231.1","P38398","2ING","X-ray","3.6","X","1649-1859"
"BRCA1","NP_009231.1","P38398","3COJ","X-ray","3.21","A/B/C/D/E/F/G/X","1646-1859"
"BRCA1","NP_009231.1","P38398","3K0H","X-ray","2.7","A","1646-1859"
"BRCA1","NP_009231.1","P38398","3K0K","X-ray","2.7","A","1646-1859"
"BRCA1","NP_009231.1","P38398","3K15","X-ray","2.8","A","1646-1859"
"BRCA1","NP_009231.1","P38398","3K16","X-ray","3","A","1646-1859"
"BRCA1","NP_009233.1","P38398","1JM7","NMR","-","A","1-110"
"BRCA1","NP_009233.1","P38398","1JNX","X-ray","2.5","X","1646-1859"
"BRCA1","NP_009233.1","P38398","1N5O","X-ray","2.8","X","1646-1859"
"BRCA1","NP_009233.1","P38398","1OQA","NMR","-","A","1755-1863"
"BRCA1","NP_009233.1","P38398","1T15","X-ray","1.85","A","1649-1859"
"BRCA1","NP_009233.1","P38398","1T29","X-ray","2.3","A","1646-1859"
"BRCA1","NP_009233.1","P38398","1T2U","X-ray","2.8","A","1646-1859"
"BRCA1","NP_009233.1","P38398","1T2V","X-ray","3.3","A/B/C/D/E","1646-1859"
"BRCA1","NP_009233.1","P38398","1Y98","X-ray","2.5","A","1646-1859"
"BRCA1","NP_009233.1","P38398","2ING","X-ray","3.6","X","1649-1859"
"BRCA1","NP_009233.1","P38398","3COJ","X-ray","3.21","A/B/C/D/E/F/G/X","1646-1859"
"BRCA1","NP_009233.1","P38398","3K0H","X-ray","2.7","A","1646-1859"
"BRCA1","NP_009233.1","P38398","3K0K","X-ray","2.7","A","1646-1859"
"BRCA1","NP_009233.1","P38398","3K15","X-ray","2.8","A","1646-1859"
"BRCA1","NP_009233.1","P38398","3K16","X-ray","3","A","1646-1859"
"BRCA1","NP_009236.1","P38398","1JM7","NMR","-","A","1-110"
"BRCA1","NP_009236.1","P38398","1JNX","X-ray","2.5","X","1646-1859"
"BRCA1","NP_009236.1","P38398","1N5O","X-ray","2.8","X","1646-1859"
"BRCA1","NP_009236.1","P38398","1OQA","NMR","-","A","1755-1863"
"BRCA1","NP_009236.1","P38398","1T15","X-ray","1.85","A","1649-1859"
"BRCA1","NP_009236.1","P38398","1T29","X-ray","2.3","A","1646-1859"
"BRCA1","NP_009236.1","P38398","1T2U","X-ray","2.8","A","1646-1859"
"BRCA1","NP_009236.1","P38398","1T2V","X-ray","3.3","A/B/C/D/E","1646-1859"
"BRCA1","NP_009236.1","P38398","1Y98","X-ray","2.5","A","1646-1859"
"BRCA1","NP_009236.1","P38398","2ING","X-ray","3.6","X","1649-1859"
"BRCA1","NP_009236.1","P38398","3COJ","X-ray","3.21","A/B/C/D/E/F/G/X","1646-1859"
"BRCA1","NP_009236.1","P38398","3K0H","X-ray","2.7","A","1646-1859"
"BRCA1","NP_009236.1","P38398","3K0K","X-ray","2.7","A","1646-1859"
"BRCA1","NP_009236.1","P38398","3K15","X-ray","2.8","A","1646-1859"
"BRCA1","NP_009236.1","P38398","3K16","X-ray","3","A","1646-1859"
"BRCA1","NP_009234.1","P38398","1JM7","NMR","-","A","1-110"
"BRCA1","NP_009234.1","P38398","1JNX","X-ray","2.5","X","1646-1859"
"BRCA1","NP_009234.1","P38398","1N5O","X-ray","2.8","X","1646-1859"
"BRCA1","NP_009234.1","P38398","1OQA","NMR","-","A","1755-1863"
"BRCA1","NP_009234.1","P38398","1T15","X-ray","1.85","A","1649-1859"
"BRCA1","NP_009234.1","P38398","1T29","X-ray","2.3","A","1646-1859"
"BRCA1","NP_009234.1","P38398","1T2U","X-ray","2.8","A","1646-1859"
"BRCA1","NP_009234.1","P38398","1T2V","X-ray","3.3","A/B/C/D/E","1646-1859"
"BRCA1","NP_009234.1","P38398","1Y98","X-ray","2.5","A","1646-1859"
"BRCA1","NP_009234.1","P38398","2ING","X-ray","3.6","X","1649-1859"
"BRCA1","NP_009234.1","P38398","3COJ","X-ray","3.21","A/B/C/D/E/F/G/X","1646-1859"
"BRCA1","NP_009234.1","P38398","3K0H","X-ray","2.7","A","1646-1859"
"BRCA1","NP_009234.1","P38398","3K0K","X-ray","2.7","A","1646-1859"
"BRCA1","NP_009234.1","P38398","3K15","X-ray","2.8","A","1646-1859"
"BRCA1","NP_009234.1","P38398","3K16","X-ray","3","A","1646-1859"
"BRCA1","NP_009225.1","P38398","1JM7","NMR","-","A","1-110"
"BRCA1","NP_009225.1","P38398","1JNX","X-ray","2.5","X","1646-1859"
"BRCA1","NP_009225.1","P38398","1N5O","X-ray","2.8","X","1646-1859"
"BRCA1","NP_009225.1","P38398","1OQA","NMR","-","A","1755-1863"
"BRCA1","NP_009225.1","P38398","1T15","X-ray","1.85","A","1649-1859"
"BRCA1","NP_009225.1","P38398","1T29","X-ray","2.3","A","1646-1859"
"BRCA1","NP_009225.1","P38398","1T2U","X-ray","2.8","A","1646-1859"
"BRCA1","NP_009225.1","P38398","1T2V","X-ray","3.3","A/B/C/D/E","1646-1859"
"BRCA1","NP_009225.1","P38398","1Y98","X-ray","2.5","A","1646-1859"
"BRCA1","NP_009225.1","P38398","2ING","X-ray","3.6","X","1649-1859"
"BRCA1","NP_009225.1","P38398","3COJ","X-ray","3.21","A/B/C/D/E/F/G/X","1646-1859"
"BRCA1","NP_009225.1","P38398","3K0H","X-ray","2.7","A","1646-1859"
"BRCA1","NP_009225.1","P38398","3K0K","X-ray","2.7","A","1646-1859"
"BRCA1","NP_009225.1","P38398","3K15","X-ray","2.8","A","1646-1859"
"BRCA1","NP_009225.1","P38398","3K16","X-ray","3","A","1646-1859"
"BRCA1","NP_009235.2","P38398","1JM7","NMR","-","A","1-110"
"BRCA1","NP_009235.2","P38398","1JNX","X-ray","2.5","X","1646-1859"
"BRCA1","NP_009235.2","P38398","1N5O","X-ray","2.8","X","1646-1859"
"BRCA1","NP_009235.2","P38398","1OQA","NMR","-","A","1755-1863"
"BRCA1","NP_009235.2","P38398","1T15","X-ray","1.85","A","1649-1859"
"BRCA1","NP_009235.2","P38398","1T29","X-ray","2.3","A","1646-1859"
"BRCA1","NP_009235.2","P38398","1T2U","X-ray","2.8","A","1646-1859"
"BRCA1","NP_009235.2","P38398","1T2V","X-ray","3.3","A/B/C/D/E","1646-1859"
"BRCA1","NP_009235.2","P38398","1Y98","X-ray","2.5","A","1646-1859"
"BRCA1","NP_009235.2","P38398","2ING","X-ray","3.6","X","1649-1859"
"BRCA1","NP_009235.2","P38398","3COJ","X-ray","3.21","A/B/C/D/E/F/G/X","1646-1859"
"BRCA1","NP_009235.2","P38398","3K0H","X-ray","2.7","A","1646-1859"
"BRCA1","NP_009235.2","P38398","3K0K","X-ray","2.7","A","1646-1859"
"BRCA1","NP_009235.2","P38398","3K15","X-ray","2.8","A","1646-1859"
"BRCA1","NP_009235.2","P38398","3K16","X-ray","3","A","1646-1859"
"BRCA1","NP_009227.1","P38398","1JM7","NMR","-","A","1-110"
"BRCA1","NP_009227.1","P38398","1JNX","X-ray","2.5","X","1646-1859"
"BRCA1","NP_009227.1","P38398","1N5O","X-ray","2.8","X","1646-1859"
"BRCA1","NP_009227.1","P38398","1OQA","NMR","-","A","1755-1863"
"BRCA1","NP_009227.1","P38398","1T15","X-ray","1.85","A","1649-1859"
"BRCA1","NP_009227.1","P38398","1T29","X-ray","2.3","A","1646-1859"
"BRCA1","NP_009227.1","P38398","1T2U","X-ray","2.8","A","1646-1859"
"BRCA1","NP_009227.1","P38398","1T2V","X-ray","3.3","A/B/C/D/E","1646-1859"
"BRCA1","NP_009227.1","P38398","1Y98","X-ray","2.5","A","1646-1859"
"BRCA1","NP_009227.1","P38398","2ING","X-ray","3.6","X","1649-1859"
"BRCA1","NP_009227.1","P38398","3COJ","X-ray","3.21","A/B/C/D/E/F/G/X","1646-1859"
"BRCA1","NP_009227.1","P38398","3K0H","X-ray","2.7","A","1646-1859"
"BRCA1","NP_009227.1","P38398","3K0K","X-ray","2.7","A","1646-1859"
"BRCA1","NP_009227.1","P38398","3K15","X-ray","2.8","A","1646-1859"
"BRCA1","NP_009227.1","P38398","3K16","X-ray","3","A","1646-1859"
"BRCA1","NP_009226.1","P38398","1JM7","NMR","-","A","1-110"
"BRCA1","NP_009226.1","P38398","1JNX","X-ray","2.5","X","1646-1859"
"BRCA1","NP_009226.1","P38398","1N5O","X-ray","2.8","X","1646-1859"
"BRCA1","NP_009226.1","P38398","1OQA","NMR","-","A","1755-1863"
"BRCA1","NP_009226.1","P38398","1T15","X-ray","1.85","A","1649-1859"
"BRCA1","NP_009226.1","P38398","1T29","X-ray","2.3","A","1646-1859"
"BRCA1","NP_009226.1","P38398","1T2U","X-ray","2.8","A","1646-1859"
"BRCA1","NP_009226.1","P38398","1T2V","X-ray","3.3","A/B/C/D/E","1646-1859"
"BRCA1","NP_009226.1","P38398","1Y98","X-ray","2.5","A","1646-1859"
"BRCA1","NP_009226.1","P38398","2ING","X-ray","3.6","X","1649-1859"
"BRCA1","NP_009226.1","P38398","3COJ","X-ray","3.21","A/B/C/D/E/F/G/X","1646-1859"
"BRCA1","NP_009226.1","P38398","3K0H","X-ray","2.7","A","1646-1859"
"BRCA1","NP_009226.1","P38398","3K0K","X-ray","2.7","A","1646-1859"
"BRCA1","NP_009226.1","P38398","3K15","X-ray","2.8","A","1646-1859"
"BRCA1","NP_009226.1","P38398","3K16","X-ray","3","A","1646-1859"
"BRD9","NP_001009877.2","Q9H8M2","3HME","X-ray","2.23","A/B","134-239"
"BRD9","NP_076413.3","Q9H8M2","3HME","X-ray","2.23","A/B","134-239"
"BST2","NP_004326.1","Q10589","2X7A","X-ray","2.77","A/B/C/D/E/F/G/H/I/J/K","87-147"
"BST2","NP_004326.1","Q10589","3MKX","X-ray","2.6","A/B/C/D","47-152"
"BXDC2","NP_060791.3","Q8TDN6","-","-","-","-","-"
"BZW2","NP_054757.1","Q9Y6E2","-","-","-","-","-"
"C13ORF18","NP_079389.2","Q9H714 ","-","-","-","-","-"
"C15orf48","NP_115789.1","Q9C002","-","-","-","-","-"
"C15orf48","NP_922946.1","Q9C002","-","-","-","-","-"
"C1QBP","NP_001203.1","Q07021","1P32","X-ray","2.25","A/B/C","75-282"
"C20orf20","NP_060740.1","Q9NV56","-","-","-","-","-"
"C20orf30","NP_001009923.1","Q96A57","-","-","-","-","-"
"C20orf30","NP_001009924.1","Q96A57","-","-","-","-","-"
"C20orf30","NP_001009925.1","Q96A57","-","-","-","-","-"
"C20orf30","NP_054864.3","Q96A57","-","-","-","-","-"
"C3","NP_000055.2","P01024","1C3D","X-ray","1.8","A","996-1287"
"C3","NP_000055.2","P01024","1C3D","X-ray","1.8","A","996-1287"
"C3","NP_000055.2","P01024","1GHQ","X-ray","2.04","A","996-1300"
"C3","NP_000055.2","P01024","1W2S","X-ray","-","A","996-1299"
"C3","NP_000055.2","P01024","2A73","X-ray","3.3","A","23-665"
"C3","NP_000055.2","P01024","2A73","X-ray","3.3","B","673-1663"
"C3","NP_000055.2","P01024","2A74","X-ray","2.4","A/D","23-665"
"C3","NP_000055.2","P01024","2A74","X-ray","2.4","B/E","749-936"
"C3","NP_000055.2","P01024","2A74","X-ray","2.4","C/F","1321-1663"
"C3","NP_000055.2","P01024","2GOX","X-ray","2.2","A/C","996-1287"
"C3","NP_000055.2","P01024","2HR0","X-ray","2.26","A","23-667"
"C3","NP_000055.2","P01024","2HR0","X-ray","2.26","B","749-1663"
"C3","NP_000055.2","P01024","2I07","X-ray","4","A","23-667"
"C3","NP_000055.2","P01024","2I07","X-ray","4","B","749-1663"
"C3","NP_000055.2","P01024","2ICE","X-ray","3.1","A/D","23-664"
"C3","NP_000055.2","P01024","2ICE","X-ray","3.1","B/E","749-954"
"C3","NP_000055.2","P01024","2ICE","X-ray","3.1","C/F","1321-1663"
"C3","NP_000055.2","P01024","2ICF","X-ray","4.1","A","23-664"
"C3","NP_000055.2","P01024","2ICF","X-ray","4.1","B","749-1663"
"C3","NP_000055.2","P01024","2NOJ","X-ray","2.7","A/C/E/G","996-1287"
"C3","NP_000055.2","P01024","2QKI","X-ray","2.4","A/D","23-665"
"C3","NP_000055.2","P01024","2QKI","X-ray","2.4","B/E","749-936"
"C3","NP_000055.2","P01024","2QKI","X-ray","2.4","C/F","1321-1663"
"C3","NP_000055.2","P01024","2WII","X-ray","2.7","A","23-667"
"C3","NP_000055.2","P01024","2WII","X-ray","2.7","B","749-1663"
"C3","NP_000055.2","P01024","2WIN","X-ray","3.9","A/C/E/G","23-667"
"C3","NP_000055.2","P01024","2WIN","X-ray","3.9","B/D/F/H","749-1663"
"C3","NP_000055.2","P01024","3D5R","X-ray","2.1","A/B","996-1287"
"C3","NP_000055.2","P01024","3D5S","X-ray","2.3","A/B","996-1287"
"C3","NP_000055.2","P01024","3G6J","X-ray","3.1","A/C","23-666"
"C3","NP_000055.2","P01024","3G6J","X-ray","3.1","B/D","749-1663"
"C4orf41","NP_068761.4","Q7Z392","-","-","-","-","-"
"C4orf41","NP_951008.1","Q7Z392","-","-","-","-","-"
"C5orf22","NP_060826.2","Q49AR2","-","-","-","-","-"
"C5orf28","NP_071928.2","Q0VDI3","-","-","-","-","-"
"CACYBP","NP_001007215.1","Q9HB71","1X5M","NMR","-","A","63-176"
"CACYBP","NP_001007215.1","Q9HB71","2A25","X-ray","2.2","B","58-70"
"CACYBP","NP_001007215.1","Q9HB71","2A26","X-ray","1.2","A/B/C","Jan-47"
"CACYBP","NP_055227.1","Q9HB71","1X5M","NMR","-","A","63-176"
"CACYBP","NP_055227.1","Q9HB71","2A25","X-ray","2.2","B","58-70"
"CACYBP","NP_055227.1","Q9HB71","2A26","X-ray","1.2","A/B/C","Jan-47"
"CADM1","NP_055148.3","Q9BY67 ","3BIN","X-ray","2.3","B","400-411"
"CADM1","NP_001091987.1","Q9BY67","3BIN","X-ray","2.3","B","400-411"
"CADM1","NP_055148.3","Q9BY67","3BIN","X-ray","2.3","B","400-411"
"CALCA","NP_001029124.1","P01258 ","2JXZ","NMR","-","A","85-114"
"CALCA","NP_001029125.1","P06881 ","1LS7","model","-","A","1-125"
"CALCA","NP_001732.1","P01258 ","2JXZ","NMR","-","A","85-114"
"CAMKK2","NP_006540.3","Q96RR4 ","2ZV2","X-ray","2.4","A","158-448"
"CAMKK2","NP_705719.2","Q96RR4 ","2ZV2","X-ray","2.4","A","158-448"
"CAMKK2","NP_705720.1","Q96RR4 ","2ZV2","X-ray","2.4","A","158-448"
"CAMKK2","NP_757363.1","Q96RR4 ","2ZV2","X-ray","2.4","A","158-448"
"CAMKK2","NP_757364.1","Q96RR4 ","2ZV2","X-ray","2.4","A","158-448"
"CAMKK2","NP_757365.1","Q96RR4 ","2ZV2","X-ray","2.4","A","158-448"
"CAMKK2","NP_757380.1","Q96RR4 ","2ZV2","X-ray","2.4","A","158-448"
"CAMKV","NP_076951.2","Q8NCB2 ","-","-","-","-","-"
"CCNA1","NP_001104515.1","P78396 ","-","-","-","-","-"
"CCNA1","NP_001104516.1","P78396 ","-","-","-","-","-"
"CCNA1","NP_001104517.1","P78396 ","-","-","-","-","-"
"CCNA1","NP_003905.1","P78396 ","-","-","-","-","-"
"CCNB1","NP_114172.1","P14635","2B9R","X-ray","2.9","A/B","165-433"
"CCNB1","NP_114172.1","P14635","2JGZ","X-ray","2.9","B","167-426"
"CCND1","NP_444284.1","P24385 ","2W96","X-ray","2.3","A","1-271"
"CCND1","NP_444284.1","P24385 ","2W99","X-ray","2.8","A","1-271"
"CCND1","NP_444284.1","P24385 ","2W9F","X-ray","2.85","A","1-271"
"CCND1","NP_444284.1","P24385 ","2W9Z","X-ray","2.45","A","16-271"
"CCND1","NP_444284.1","P24385 ","2W96","X-ray","2.3","A","1-271"
"CCND1","NP_444284.1","P24385 ","2W99","X-ray","2.8","A","1-271"
"CCND1","NP_444284.1","P24385 ","2W9F","X-ray","2.85","A","1-271"
"CCND1","NP_444284.1","P24385 ","2W9Z","X-ray","2.45","A","16-271"
"CCND2","NP_001750.1","P30279","-","-","-","-","-"
"CCNE1","NP_001229.1","P24864","1W98","X-ray","2.15","B","96-378"
"CCNE1","NP_476530.1","P24864","1W98","X-ray","2.15","B","96-378"
"CCR2","NP_001116513.2","P41597","1KAD","model","-","A","1-343"
"CCR2","NP_001116513.2","P41597","1KP1","model","-","A","1-343"
"CCR2","NP_001116868.1","P41597","1KAD","model","-","A","1-343"
"CCR2","NP_001116868.1","P41597","1KP1","model","-","A","1-343"
"CD28","NP_006130.1","P10747 ","1YJD","X-ray","2.7","C","17-152"
"CD44","NP_000601.3","P16070","1POZ","NMR","-","A","20-178"
"CD44","NP_000601.3","P16070","1UUH","X-ray","2.2","A/B","20-178"
"CD44","NP_000601.3","P16070","2I83","NMR","-","A","20-178"
"CD44","NP_001001389.1","P16070","1POZ","NMR","-","A","20-178"
"CD44","NP_001001389.1","P16070","1UUH","X-ray","2.2","A/B","20-178"
"CD44","NP_001001389.1","P16070","2I83","NMR","-","A","20-178"
"CD44","NP_001001390.1","P16070","1POZ","NMR","-","A","20-178"
"CD44","NP_001001390.1","P16070","1UUH","X-ray","2.2","A/B","20-178"
"CD44","NP_001001390.1","P16070","2I83","NMR","-","A","20-178"
"CD44","NP_001001391.1","P16070","1POZ","NMR","-","A","20-178"
"CD44","NP_001001391.1","P16070","1UUH","X-ray","2.2","A/B","20-178"
"CD44","NP_001001391.1","P16070","2I83","NMR","-","A","20-178"
"CD44","NP_001001392.1","P16070","1POZ","NMR","-","A","20-178"
"CD44","NP_001001392.1","P16070","1UUH","X-ray","2.2","A/B","20-178"
"CD44","NP_001001392.1","P16070","2I83","NMR","-","A","20-178"
"CD63","NP_001035123.1","-","-","-","-","-","-"
"CD63","NP_001771.1","P08962","-","-","-","-","-"
"CD83","NP_001035370.1","-","-","-","-","-","-"
"CD83","NP_004224.1","Q01151","-","-","-","-","-"
"CDA","NP_001776.1","P32320 ","1MQ0","X-ray","2.4","A/B","11-146"
"CDC40","NP_056975.1","O60508","-","-","-","-","-"
"CDH1","NP_004351.1","P12830 ","1O6S","X-ray","1.8","B","156-255"
"CDH1","NP_004351.1","P12830 ","2O72","X-ray","2","A","155-367"
"CDH1","NP_004351.1","P12830 ","2OMT","X-ray","2","B","156-255"
"CDH1","NP_004351.1","P12830 ","2OMU","X-ray","1.8","B","156-255"
"CDH1","NP_004351.1","P12830 ","2OMV","X-ray","1.9","B","156-255"
"CDH1","NP_004351.1","P12830 ","2OMX","X-ray","1.7","B","156-258"
"CDH1","NP_004351.1","P12830 ","2OMY","X-ray","1.7","B","156-255"
"CDH1","NP_004351.1","P12830 ","2OMZ","X-ray","1.6","B","156-255"
"CDH1","NP_004351.1","P12830 ","3FF7","X-ray","1.8","A/B","155-253"
"CDH1","NP_004351.1","P12830 ","3FF8","X-ray","2","A/B","155-254"
"CDH1","NP_004351.1","P12830 ","3L6X","X-ray","2.4","B","756-773"
"CDH1","NP_004351.1","P12830 ","3L6Y","X-ray","3","B/D/F","756-773"
"CDH11","NP_001788.2","P55287","-","-","-","-","-"
"CDH13","NP_001248.1","P55290 ","2V37","NMR","-","A","139-243"
"CDH15","NP_004924.1","P55291","-","-","-","-","-"
"CDH2","NP_001783.2","P19022","-","-","-","-","-"
"CDH3","NP_001784.2","P22223 ","-","-","-","-","-"
"CDH4","NP_001785.2","P55283","-","-","-","-","-"
"CDK2","NP_001789.2","P24941","1AQ1","X-ray","2","A","1-298"
"CDK2","NP_001789.2","P24941","1B38","X-ray","2","A","1-298"
"CDK2","NP_001789.2","P24941","1B39","X-ray","2.1","A","1-298"
"CDK2","NP_001789.2","P24941","1BUH","X-ray","2.6","A","1-298"
"CDK2","NP_001789.2","P24941","1CKP","X-ray","2.05","A","1-298"
"CDK2","NP_001789.2","P24941","1DI8","X-ray","2.2","A","1-298"
"CDK2","NP_001789.2","P24941","1DM2","X-ray","2.1","A","1-298"
"CDK2","NP_001789.2","P24941","1E1V","X-ray","1.95","A","1-298"
"CDK2","NP_001789.2","P24941","1E1X","X-ray","1.85","A","1-298"
"CDK2","NP_001789.2","P24941","1E9H","X-ray","2.5","A/C","1-296"
"CDK2","NP_001789.2","P24941","1F5Q","X-ray","2.5","A/C","1-298"
"CDK2","NP_001789.2","P24941","1FIN","X-ray","2.3","A/C","1-298"
"CDK2","NP_001789.2","P24941","1FQ1","X-ray","3","B","1-298"
"CDK2","NP_001789.2","P24941","1FVT","X-ray","2.2","A","1-298"
"CDK2","NP_001789.2","P24941","1FVV","X-ray","2.8","A/C","1-298"
"CDK2","NP_001789.2","P24941","1G5S","X-ray","2.61","A","1-298"
"CDK2","NP_001789.2","P24941","1GIH","X-ray","2.8","A","1-298"
"CDK2","NP_001789.2","P24941","1GII","X-ray","2","A","1-298"
"CDK2","NP_001789.2","P24941","1GIJ","X-ray","2.2","A","1-298"
"CDK2","NP_001789.2","P24941","1GY3","X-ray","2.7","A/C","1-296"
"CDK2","NP_001789.2","P24941","1GZ8","X-ray","1.3","A","1-298"
"CDK2","NP_001789.2","P24941","1H00","X-ray","1.6","A","1-298"
"CDK2","NP_001789.2","P24941","1H01","X-ray","1.79","A","1-298"
"CDK2","NP_001789.2","P24941","1H07","X-ray","1.85","A","1-298"
"CDK2","NP_001789.2","P24941","1H08","X-ray","1.8","A","1-298"
"CDK2","NP_001789.2","P24941","1H0V","X-ray","1.9","A","1-298"
"CDK2","NP_001789.2","P24941","1H0W","X-ray","2.1","A","1-298"
"CDK2","NP_001789.2","P24941","1H1P","X-ray","2.1","A/C","1-298"
"CDK2","NP_001789.2","P24941","1H1Q","X-ray","2.5","A/C","1-298"
"CDK2","NP_001789.2","P24941","1H1R","X-ray","2","A/C","1-298"
"CDK2","NP_001789.2","P24941","1H1S","X-ray","2","A/C","1-298"
"CDK2","NP_001789.2","P24941","1H24","X-ray","2.5","A/C","1-298"
"CDK2","NP_001789.2","P24941","1H25","X-ray","2.5","A/C","1-298"
"CDK2","NP_001789.2","P24941","1H26","X-ray","2.24","A/C","1-298"
"CDK2","NP_001789.2","P24941","1H27","X-ray","2.2","A/C","1-298"
"CDK2","NP_001789.2","P24941","1H28","X-ray","2.8","A/C","1-298"
"CDK2","NP_001789.2","P24941","1HCK","X-ray","1.9","A","1-298"
"CDK2","NP_001789.2","P24941","1HCL","X-ray","1.8","A","1-298"
"CDK2","NP_001789.2","P24941","1JST","X-ray","2.6","A/C","1-298"
"CDK2","NP_001789.2","P24941","1JSU","X-ray","2.3","A","1-298"
"CDK2","NP_001789.2","P24941","1JSV","X-ray","1.96","A","1-298"
"CDK2","NP_001789.2","P24941","1JVP","X-ray","1.53","P","1-298"
"CDK2","NP_001789.2","P24941","1KE5","X-ray","2.2","A","1-298"
"CDK2","NP_001789.2","P24941","1KE6","X-ray","2","A","1-298"
"CDK2","NP_001789.2","P24941","1KE7","X-ray","2","A","1-298"
"CDK2","NP_001789.2","P24941","1KE8","X-ray","2","A","1-298"
"CDK2","NP_001789.2","P24941","1KE9","X-ray","2","A","1-298"
"CDK2","NP_001789.2","P24941","1OGU","X-ray","2.6","A/C","1-298"
"CDK2","NP_001789.2","P24941","1OI9","X-ray","2.1","A/C","1-298"
"CDK2","NP_001789.2","P24941","1OIQ","X-ray","2.31","A","1-298"
"CDK2","NP_001789.2","P24941","1OIR","X-ray","1.91","A","1-298"
"CDK2","NP_001789.2","P24941","1OIT","X-ray","1.6","A","1-298"
"CDK2","NP_001789.2","P24941","1OIU","X-ray","2","A/C","1-298"
"CDK2","NP_001789.2","P24941","1OIY","X-ray","2.4","A/C","1-298"
"CDK2","NP_001789.2","P24941","1OKV","X-ray","2.4","A/C","1-298"
"CDK2","NP_001789.2","P24941","1OKW","X-ray","2.5","A/C","1-298"
"CDK2","NP_001789.2","P24941","1OL1","X-ray","2.9","A/C","1-298"
"CDK2","NP_001789.2","P24941","1OL2","X-ray","2.6","A/C","1-298"
"CDK2","NP_001789.2","P24941","1P2A","X-ray","2.5","A","1-298"
"CDK2","NP_001789.2","P24941","1P5E","X-ray","2.22","A/C","1-298"
"CDK2","NP_001789.2","P24941","1PF8","X-ray","2.51","A","1-298"
"CDK2","NP_001789.2","P24941","1PKD","X-ray","2.3","A/C","1-296"
"CDK2","NP_001789.2","P24941","1PW2","X-ray","1.95","A","1-298"
"CDK2","NP_001789.2","P24941","1PXI","X-ray","1.95","A","1-298"
"CDK2","NP_001789.2","P24941","1PXJ","X-ray","2.3","A","1-298"
"CDK2","NP_001789.2","P24941","1PXK","X-ray","2.8","A","1-298"
"CDK2","NP_001789.2","P24941","1PXL","X-ray","2.5","A","1-298"
"CDK2","NP_001789.2","P24941","1PXM","X-ray","2.53","A","1-298"
"CDK2","NP_001789.2","P24941","1PXN","X-ray","2.5","A","1-298"
"CDK2","NP_001789.2","P24941","1PXO","X-ray","1.96","A","1-298"
"CDK2","NP_001789.2","P24941","1PXP","X-ray","2.3","A","1-298"
"CDK2","NP_001789.2","P24941","1PYE","X-ray","2","A","1-298"
"CDK2","NP_001789.2","P24941","1QMZ","X-ray","2.2","A/C","1-298"
"CDK2","NP_001789.2","P24941","1R78","X-ray","2","A","1-298"
"CDK2","NP_001789.2","P24941","1URC","X-ray","2.6","A/C","1-298"
"CDK2","NP_001789.2","P24941","1URW","X-ray","1.6","A","1-298"
"CDK2","NP_001789.2","P24941","1V1K","X-ray","2.31","A","1-298"
"CDK2","NP_001789.2","P24941","1VYW","X-ray","2.3","A/C","1-298"
"CDK2","NP_001789.2","P24941","1VYZ","X-ray","2.21","A","1-298"
"CDK2","NP_001789.2","P24941","1W0X","X-ray","2.2","C","1-298"
"CDK2","NP_001789.2","P24941","1W8C","X-ray","2.05","A","1-298"
"CDK2","NP_001789.2","P24941","1W98","X-ray","2.15","A","1-297"
"CDK2","NP_001789.2","P24941","1WCC","X-ray","2.2","A","1-298"
"CDK2","NP_001789.2","P24941","1Y8Y","X-ray","2","A","1-298"
"CDK2","NP_001789.2","P24941","1Y91","X-ray","2.15","A","1-298"
"CDK2","NP_001789.2","P24941","1YKR","X-ray","1.8","A","1-298"
"CDK2","NP_001789.2","P24941","2A0C","X-ray","1.95","X","1-298"
"CDK2","NP_001789.2","P24941","2A4L","X-ray","2.4","A","1-298"
"CDK2","NP_001789.2","P24941","2B52","X-ray","1.88","A","1-298"
"CDK2","NP_001789.2","P24941","2B53","X-ray","2","A","1-298"
"CDK2","NP_001789.2","P24941","2B54","X-ray","1.85","A","1-298"
"CDK2","NP_001789.2","P24941","2B55","X-ray","1.85","A","1-298"
"CDK2","NP_001789.2","P24941","2BHE","X-ray","1.9","A","1-298"
"CDK2","NP_001789.2","P24941","2BHH","X-ray","2.6","A","1-298"
"CDK2","NP_001789.2","P24941","2BKZ","X-ray","2.6","A/C","1-298"
"CDK2","NP_001789.2","P24941","2BPM","X-ray","2.4","A/C","1-298"
"CDK2","NP_001789.2","P24941","2BTR","X-ray","1.85","A","1-298"
"CDK2","NP_001789.2","P24941","2BTS","X-ray","1.99","A","1-298"
"CDK2","NP_001789.2","P24941","2C4G","X-ray","2.7","A/C","1-298"
"CDK2","NP_001789.2","P24941","2C5N","X-ray","2.1","A/C","1-298"
"CDK2","NP_001789.2","P24941","2C5O","X-ray","2.1","A/C","1-298"
"CDK2","NP_001789.2","P24941","2C5V","X-ray","2.9","A/C","1-298"
"CDK2","NP_001789.2","P24941","2C5X","X-ray","2.9","A/C","1-298"
"CDK2","NP_001789.2","P24941","2C5Y","X-ray","2.25","A","1-298"
"CDK2","NP_001789.2","P24941","2C68","X-ray","1.95","A","1-298"
"CDK2","NP_001789.2","P24941","2C69","X-ray","2.1","A","1-298"
"CDK2","NP_001789.2","P24941","2C6I","X-ray","1.8","A","1-298"
"CDK2","NP_001789.2","P24941","2C6K","X-ray","1.9","A","1-298"
"CDK2","NP_001789.2","P24941","2C6L","X-ray","2.3","A","1-298"
"CDK2","NP_001789.2","P24941","2C6M","X-ray","1.9","A","1-298"
"CDK2","NP_001789.2","P24941","2C6O","X-ray","2.1","A","1-298"
"CDK2","NP_001789.2","P24941","2C6T","X-ray","2.61","A/C","1-298"
"CDK2","NP_001789.2","P24941","2CCH","X-ray","1.7","A/C","1-298"
"CDK2","NP_001789.2","P24941","2CCI","X-ray","2.7","A/C","1-298"
"CDK2","NP_001789.2","P24941","2CJM","X-ray","2.3","A/C","1-298"
"CDK2","NP_001789.2","P24941","2CLX","X-ray","1.8","A","1-298"
"CDK2","NP_001789.2","P24941","2DS1","X-ray","2","A","1-298"
"CDK2","NP_001789.2","P24941","2DUV","X-ray","2.2","A","1-298"
"CDK2","NP_001789.2","P24941","2EXM","X-ray","1.8","A","1-298"
"CDK2","NP_001789.2","P24941","2FVD","X-ray","1.85","A","1-298"
"CDK2","NP_001789.2","P24941","2G9X","X-ray","2.5","A/C","1-298"
"CDK2","NP_001789.2","P24941","2HIC","model","-","A","1-298"
"CDK2","NP_001789.2","P24941","2I40","X-ray","2.8","A/C","1-298"
"CDK2","NP_001789.2","P24941","2IW6","X-ray","2.3","A/C","1-298"
"CDK2","NP_001789.2","P24941","2IW8","X-ray","2.3","A/C","1-298"
"CDK2","NP_001789.2","P24941","2IW9","X-ray","2","A/C","1-298"
"CDK2","NP_001789.2","P24941","2J9M","X-ray","2.5","A","1-298"
"CDK2","NP_001789.2","P24941","2JGZ","X-ray","2.9","A","1-288"
"CDK2","NP_001789.2","P24941","2R3F","X-ray","1.5","A","1-298"
"CDK2","NP_001789.2","P24941","2R3G","X-ray","1.55","A","1-298"
"CDK2","NP_001789.2","P24941","2R3H","X-ray","1.5","A","1-298"
"CDK2","NP_001789.2","P24941","2R3I","X-ray","1.28","A","1-298"
"CDK2","NP_001789.2","P24941","2R3J","X-ray","1.65","A","1-298"
"CDK2","NP_001789.2","P24941","2R3K","X-ray","1.7","A","1-298"
"CDK2","NP_001789.2","P24941","2R3L","X-ray","1.65","A","1-298"
"CDK2","NP_001789.2","P24941","2R3M","X-ray","1.7","A","1-298"
"CDK2","NP_001789.2","P24941","2R3N","X-ray","1.63","A","1-298"
"CDK2","NP_001789.2","P24941","2R3O","X-ray","1.8","A","1-298"
"CDK2","NP_001789.2","P24941","2R3P","X-ray","1.66","A","1-298"
"CDK2","NP_001789.2","P24941","2R3Q","X-ray","1.35","A","1-298"
"CDK2","NP_001789.2","P24941","2R3R","X-ray","1.47","A","1-298"
"CDK2","NP_001789.2","P24941","2R64","X-ray","2.3","A","1-298"
"CDK2","NP_001789.2","P24941","2UUE","X-ray","2.06","A/C","1-298"
"CDK2","NP_001789.2","P24941","2UZB","X-ray","2.7","A/C","1-298"
"CDK2","NP_001789.2","P24941","2UZD","X-ray","2.72","A/C","1-298"
"CDK2","NP_001789.2","P24941","2UZE","X-ray","2.4","A/C","1-298"
"CDK2","NP_001789.2","P24941","2UZL","X-ray","2.4","A/C","1-298"
"CDK2","NP_001789.2","P24941","2UZN","X-ray","2.3","A","1-298"
"CDK2","NP_001789.2","P24941","2UZO","X-ray","2.3","A","1-298"
"CDK2","NP_001789.2","P24941","2V0D","X-ray","2.2","A","1-298"
"CDK2","NP_001789.2","P24941","2V22","X-ray","2.6","A/C","1-298"
"CDK2","NP_001789.2","P24941","2VTA","X-ray","2","A","1-298"
"CDK2","NP_001789.2","P24941","2VTH","X-ray","1.9","A","1-298"
"CDK2","NP_001789.2","P24941","2VTI","X-ray","2","A","1-298"
"CDK2","NP_001789.2","P24941","2VTJ","X-ray","2.2","A","1-298"
"CDK2","NP_001789.2","P24941","2VTL","X-ray","2","A","1-298"
"CDK2","NP_001789.2","P24941","2VTM","X-ray","2.25","A","1-298"
"CDK2","NP_001789.2","P24941","2VTN","X-ray","2.2","A","1-298"
"CDK2","NP_001789.2","P24941","2VTO","X-ray","2.19","A","1-298"
"CDK2","NP_001789.2","P24941","2VTP","X-ray","2.15","A","1-298"
"CDK2","NP_001789.2","P24941","2VTQ","X-ray","1.9","A","1-298"
"CDK2","NP_001789.2","P24941","2VTR","X-ray","1.9","A","1-298"
"CDK2","NP_001789.2","P24941","2VTS","X-ray","1.9","A","1-298"
"CDK2","NP_001789.2","P24941","2VTT","X-ray","1.68","A","1-298"
"CDK2","NP_001789.2","P24941","2VU3","X-ray","1.85","A","1-298"
"CDK2","NP_001789.2","P24941","2VV9","X-ray","1.9","A","1-298"
"CDK2","NP_001789.2","P24941","2W05","X-ray","1.9","A","1-298"
"CDK2","NP_001789.2","P24941","2W06","X-ray","2.04","A","1-298"
"CDK2","NP_001789.2","P24941","2W17","X-ray","2.15","A","1-298"
"CDK2","NP_001789.2","P24941","2W1H","X-ray","2.15","A","1-298"
"CDK2","NP_001789.2","P24941","2WEV","X-ray","2.3","A/C","1-298"
"CDK2","NP_001789.2","P24941","2WFY","X-ray","2.53","A/C","1-298"
"CDK2","NP_001789.2","P24941","2WHB","X-ray","2.9","A/C","1-298"
"CDK2","NP_001789.2","P24941","2WIH","X-ray","2.5","A/C","1-298"
"CDK2","NP_001789.2","P24941","2WIP","X-ray","2.8","A/C","1-298"
"CDK2","NP_001789.2","P24941","2WPA","X-ray","2.51","A/C","1-298"
"CDK2","NP_001789.2","P24941","2WXV","X-ray","2.6","A/C","1-298"
"CDK2","NP_001789.2","P24941","2X1N","X-ray","2.75","A/C","1-298"
"CDK2","NP_001789.2","P24941","3BHT","X-ray","2","A/C","1-298"
"CDK2","NP_001789.2","P24941","3BHU","X-ray","2.3","A/C","1-298"
"CDK2","NP_001789.2","P24941","3BHV","X-ray","2.1","A/C","1-298"
"CDK2","NP_001789.2","P24941","3DDP","X-ray","2.7","A/C","1-298"
"CDK2","NP_001789.2","P24941","3DDQ","X-ray","1.8","A/C","1-298"
"CDK2","NP_001789.2","P24941","3DOG","X-ray","2.7","A/C","1-298"
"CDK2","NP_001789.2","P24941","3EID","X-ray","3.15","A/C","1-298"
"CDK2","NP_001789.2","P24941","3EJ1","X-ray","3.22","A/C","1-298"
"CDK2","NP_001789.2","P24941","3EOC","X-ray","3.2","A/C","1-298"
"CDK2","NP_001789.2","P24941","3EZR","X-ray","1.9","A","1-298"
"CDK2","NP_001789.2","P24941","3EZV","X-ray","1.99","A","1-298"
"CDK2","NP_001789.2","P24941","3F5X","X-ray","2.4","A/C","1-298"
"CDK2","NP_001789.2","P24941","3FZ1","X-ray","1.9","A","1-298"
"CDK2","NP_001789.2","P24941","3IG7","X-ray","1.8","A","1-298"
"CDK2","NP_001789.2","P24941","3IGG","X-ray","1.8","A","1-298"
"CDK2","NP_001789.2","P24941","3LFN","X-ray","2.28","A","1-298"
"CDK2","NP_001789.2","P24941","3LFQ","X-ray","2.03","A","1-298"
"CDK2","NP_001789.2","P24941","3LFS","X-ray","2.4","A","1-298"
"CDK2","NP_439892.2","P24941","1AQ1","X-ray","2","A","1-298"
"CDK2","NP_439892.2","P24941","1B38","X-ray","2","A","1-298"
"CDK2","NP_439892.2","P24941","1B39","X-ray","2.1","A","1-298"
"CDK2","NP_439892.2","P24941","1BUH","X-ray","2.6","A","1-298"
"CDK2","NP_439892.2","P24941","1CKP","X-ray","2.05","A","1-298"
"CDK2","NP_439892.2","P24941","1DI8","X-ray","2.2","A","1-298"
"CDK2","NP_439892.2","P24941","1DM2","X-ray","2.1","A","1-298"
"CDK2","NP_439892.2","P24941","1E1V","X-ray","1.95","A","1-298"
"CDK2","NP_439892.2","P24941","1E1X","X-ray","1.85","A","1-298"
"CDK2","NP_439892.2","P24941","1E9H","X-ray","2.5","A/C","1-296"
"CDK2","NP_439892.2","P24941","1F5Q","X-ray","2.5","A/C","1-298"
"CDK2","NP_439892.2","P24941","1FIN","X-ray","2.3","A/C","1-298"
"CDK2","NP_439892.2","P24941","1FQ1","X-ray","3","B","1-298"
"CDK2","NP_439892.2","P24941","1FVT","X-ray","2.2","A","1-298"
"CDK2","NP_439892.2","P24941","1FVV","X-ray","2.8","A/C","1-298"
"CDK2","NP_439892.2","P24941","1G5S","X-ray","2.61","A","1-298"
"CDK2","NP_439892.2","P24941","1GIH","X-ray","2.8","A","1-298"
"CDK2","NP_439892.2","P24941","1GII","X-ray","2","A","1-298"
"CDK2","NP_439892.2","P24941","1GIJ","X-ray","2.2","A","1-298"
"CDK2","NP_439892.2","P24941","1GY3","X-ray","2.7","A/C","1-296"
"CDK2","NP_439892.2","P24941","1GZ8","X-ray","1.3","A","1-298"
"CDK2","NP_439892.2","P24941","1H00","X-ray","1.6","A","1-298"
"CDK2","NP_439892.2","P24941","1H01","X-ray","1.79","A","1-298"
"CDK2","NP_439892.2","P24941","1H07","X-ray","1.85","A","1-298"
"CDK2","NP_439892.2","P24941","1H08","X-ray","1.8","A","1-298"
"CDK2","NP_439892.2","P24941","1H0V","X-ray","1.9","A","1-298"
"CDK2","NP_439892.2","P24941","1H0W","X-ray","2.1","A","1-298"
"CDK2","NP_439892.2","P24941","1H1P","X-ray","2.1","A/C","1-298"
"CDK2","NP_439892.2","P24941","1H1Q","X-ray","2.5","A/C","1-298"
"CDK2","NP_439892.2","P24941","1H1R","X-ray","2","A/C","1-298"
"CDK2","NP_439892.2","P24941","1H1S","X-ray","2","A/C","1-298"
"CDK2","NP_439892.2","P24941","1H24","X-ray","2.5","A/C","1-298"
"CDK2","NP_439892.2","P24941","1H25","X-ray","2.5","A/C","1-298"
"CDK2","NP_439892.2","P24941","1H26","X-ray","2.24","A/C","1-298"
"CDK2","NP_439892.2","P24941","1H27","X-ray","2.2","A/C","1-298"
"CDK2","NP_439892.2","P24941","1H28","X-ray","2.8","A/C","1-298"
"CDK2","NP_439892.2","P24941","1HCK","X-ray","1.9","A","1-298"
"CDK2","NP_439892.2","P24941","1HCL","X-ray","1.8","A","1-298"
"CDK2","NP_439892.2","P24941","1JST","X-ray","2.6","A/C","1-298"
"CDK2","NP_439892.2","P24941","1JSU","X-ray","2.3","A","1-298"
"CDK2","NP_439892.2","P24941","1JSV","X-ray","1.96","A","1-298"
"CDK2","NP_439892.2","P24941","1JVP","X-ray","1.53","P","1-298"
"CDK2","NP_439892.2","P24941","1KE5","X-ray","2.2","A","1-298"
"CDK2","NP_439892.2","P24941","1KE6","X-ray","2","A","1-298"
"CDK2","NP_439892.2","P24941","1KE7","X-ray","2","A","1-298"
"CDK2","NP_439892.2","P24941","1KE8","X-ray","2","A","1-298"
"CDK2","NP_439892.2","P24941","1KE9","X-ray","2","A","1-298"
"CDK2","NP_439892.2","P24941","1OGU","X-ray","2.6","A/C","1-298"
"CDK2","NP_439892.2","P24941","1OI9","X-ray","2.1","A/C","1-298"
"CDK2","NP_439892.2","P24941","1OIQ","X-ray","2.31","A","1-298"
"CDK2","NP_439892.2","P24941","1OIR","X-ray","1.91","A","1-298"
"CDK2","NP_439892.2","P24941","1OIT","X-ray","1.6","A","1-298"
"CDK2","NP_439892.2","P24941","1OIU","X-ray","2","A/C","1-298"
"CDK2","NP_439892.2","P24941","1OIY","X-ray","2.4","A/C","1-298"
"CDK2","NP_439892.2","P24941","1OKV","X-ray","2.4","A/C","1-298"
"CDK2","NP_439892.2","P24941","1OKW","X-ray","2.5","A/C","1-298"
"CDK2","NP_439892.2","P24941","1OL1","X-ray","2.9","A/C","1-298"
"CDK2","NP_439892.2","P24941","1OL2","X-ray","2.6","A/C","1-298"
"CDK2","NP_439892.2","P24941","1P2A","X-ray","2.5","A","1-298"
"CDK2","NP_439892.2","P24941","1P5E","X-ray","2.22","A/C","1-298"
"CDK2","NP_439892.2","P24941","1PF8","X-ray","2.51","A","1-298"
"CDK2","NP_439892.2","P24941","1PKD","X-ray","2.3","A/C","1-296"
"CDK2","NP_439892.2","P24941","1PW2","X-ray","1.95","A","1-298"
"CDK2","NP_439892.2","P24941","1PXI","X-ray","1.95","A","1-298"
"CDK2","NP_439892.2","P24941","1PXJ","X-ray","2.3","A","1-298"
"CDK2","NP_439892.2","P24941","1PXK","X-ray","2.8","A","1-298"
"CDK2","NP_439892.2","P24941","1PXL","X-ray","2.5","A","1-298"
"CDK2","NP_439892.2","P24941","1PXM","X-ray","2.53","A","1-298"
"CDK2","NP_439892.2","P24941","1PXN","X-ray","2.5","A","1-298"
"CDK2","NP_439892.2","P24941","1PXO","X-ray","1.96","A","1-298"
"CDK2","NP_439892.2","P24941","1PXP","X-ray","2.3","A","1-298"
"CDK2","NP_439892.2","P24941","1PYE","X-ray","2","A","1-298"
"CDK2","NP_439892.2","P24941","1QMZ","X-ray","2.2","A/C","1-298"
"CDK2","NP_439892.2","P24941","1R78","X-ray","2","A","1-298"
"CDK2","NP_439892.2","P24941","1URC","X-ray","2.6","A/C","1-298"
"CDK2","NP_439892.2","P24941","1URW","X-ray","1.6","A","1-298"
"CDK2","NP_439892.2","P24941","1V1K","X-ray","2.31","A","1-298"
"CDK2","NP_439892.2","P24941","1VYW","X-ray","2.3","A/C","1-298"
"CDK2","NP_439892.2","P24941","1VYZ","X-ray","2.21","A","1-298"
"CDK2","NP_439892.2","P24941","1W0X","X-ray","2.2","C","1-298"
"CDK2","NP_439892.2","P24941","1W8C","X-ray","2.05","A","1-298"
"CDK2","NP_439892.2","P24941","1W98","X-ray","2.15","A","1-297"
"CDK2","NP_439892.2","P24941","1WCC","X-ray","2.2","A","1-298"
"CDK2","NP_439892.2","P24941","1Y8Y","X-ray","2","A","1-298"
"CDK2","NP_439892.2","P24941","1Y91","X-ray","2.15","A","1-298"
"CDK2","NP_439892.2","P24941","1YKR","X-ray","1.8","A","1-298"
"CDK2","NP_439892.2","P24941","2A0C","X-ray","1.95","X","1-298"
"CDK2","NP_439892.2","P24941","2A4L","X-ray","2.4","A","1-298"
"CDK2","NP_439892.2","P24941","2B52","X-ray","1.88","A","1-298"
"CDK2","NP_439892.2","P24941","2B53","X-ray","2","A","1-298"
"CDK2","NP_439892.2","P24941","2B54","X-ray","1.85","A","1-298"
"CDK2","NP_439892.2","P24941","2B55","X-ray","1.85","A","1-298"
"CDK2","NP_439892.2","P24941","2BHE","X-ray","1.9","A","1-298"
"CDK2","NP_439892.2","P24941","2BHH","X-ray","2.6","A","1-298"
"CDK2","NP_439892.2","P24941","2BKZ","X-ray","2.6","A/C","1-298"
"CDK2","NP_439892.2","P24941","2BPM","X-ray","2.4","A/C","1-298"
"CDK2","NP_439892.2","P24941","2BTR","X-ray","1.85","A","1-298"
"CDK2","NP_439892.2","P24941","2BTS","X-ray","1.99","A","1-298"
"CDK2","NP_439892.2","P24941","2C4G","X-ray","2.7","A/C","1-298"
"CDK2","NP_439892.2","P24941","2C5N","X-ray","2.1","A/C","1-298"
"CDK2","NP_439892.2","P24941","2C5O","X-ray","2.1","A/C","1-298"
"CDK2","NP_439892.2","P24941","2C5V","X-ray","2.9","A/C","1-298"
"CDK2","NP_439892.2","P24941","2C5X","X-ray","2.9","A/C","1-298"
"CDK2","NP_439892.2","P24941","2C5Y","X-ray","2.25","A","1-298"
"CDK2","NP_439892.2","P24941","2C68","X-ray","1.95","A","1-298"
"CDK2","NP_439892.2","P24941","2C69","X-ray","2.1","A","1-298"
"CDK2","NP_439892.2","P24941","2C6I","X-ray","1.8","A","1-298"
"CDK2","NP_439892.2","P24941","2C6K","X-ray","1.9","A","1-298"
"CDK2","NP_439892.2","P24941","2C6L","X-ray","2.3","A","1-298"
"CDK2","NP_439892.2","P24941","2C6M","X-ray","1.9","A","1-298"
"CDK2","NP_439892.2","P24941","2C6O","X-ray","2.1","A","1-298"
"CDK2","NP_439892.2","P24941","2C6T","X-ray","2.61","A/C","1-298"
"CDK2","NP_439892.2","P24941","2CCH","X-ray","1.7","A/C","1-298"
"CDK2","NP_439892.2","P24941","2CCI","X-ray","2.7","A/C","1-298"
"CDK2","NP_439892.2","P24941","2CJM","X-ray","2.3","A/C","1-298"
"CDK2","NP_439892.2","P24941","2CLX","X-ray","1.8","A","1-298"
"CDK2","NP_439892.2","P24941","2DS1","X-ray","2","A","1-298"
"CDK2","NP_439892.2","P24941","2DUV","X-ray","2.2","A","1-298"
"CDK2","NP_439892.2","P24941","2EXM","X-ray","1.8","A","1-298"
"CDK2","NP_439892.2","P24941","2FVD","X-ray","1.85","A","1-298"
"CDK2","NP_439892.2","P24941","2G9X","X-ray","2.5","A/C","1-298"
"CDK2","NP_439892.2","P24941","2HIC","model","-","A","1-298"
"CDK2","NP_439892.2","P24941","2I40","X-ray","2.8","A/C","1-298"
"CDK2","NP_439892.2","P24941","2IW6","X-ray","2.3","A/C","1-298"
"CDK2","NP_439892.2","P24941","2IW8","X-ray","2.3","A/C","1-298"
"CDK2","NP_439892.2","P24941","2IW9","X-ray","2","A/C","1-298"
"CDK2","NP_439892.2","P24941","2J9M","X-ray","2.5","A","1-298"
"CDK2","NP_439892.2","P24941","2JGZ","X-ray","2.9","A","1-288"
"CDK2","NP_439892.2","P24941","2R3F","X-ray","1.5","A","1-298"
"CDK2","NP_439892.2","P24941","2R3G","X-ray","1.55","A","1-298"
"CDK2","NP_439892.2","P24941","2R3H","X-ray","1.5","A","1-298"
"CDK2","NP_439892.2","P24941","2R3I","X-ray","1.28","A","1-298"
"CDK2","NP_439892.2","P24941","2R3J","X-ray","1.65","A","1-298"
"CDK2","NP_439892.2","P24941","2R3K","X-ray","1.7","A","1-298"
"CDK2","NP_439892.2","P24941","2R3L","X-ray","1.65","A","1-298"
"CDK2","NP_439892.2","P24941","2R3M","X-ray","1.7","A","1-298"
"CDK2","NP_439892.2","P24941","2R3N","X-ray","1.63","A","1-298"
"CDK2","NP_439892.2","P24941","2R3O","X-ray","1.8","A","1-298"
"CDK2","NP_439892.2","P24941","2R3P","X-ray","1.66","A","1-298"
"CDK2","NP_439892.2","P24941","2R3Q","X-ray","1.35","A","1-298"
"CDK2","NP_439892.2","P24941","2R3R","X-ray","1.47","A","1-298"
"CDK2","NP_439892.2","P24941","2R64","X-ray","2.3","A","1-298"
"CDK2","NP_439892.2","P24941","2UUE","X-ray","2.06","A/C","1-298"
"CDK2","NP_439892.2","P24941","2UZB","X-ray","2.7","A/C","1-298"
"CDK2","NP_439892.2","P24941","2UZD","X-ray","2.72","A/C","1-298"
"CDK2","NP_439892.2","P24941","2UZE","X-ray","2.4","A/C","1-298"
"CDK2","NP_439892.2","P24941","2UZL","X-ray","2.4","A/C","1-298"
"CDK2","NP_439892.2","P24941","2UZN","X-ray","2.3","A","1-298"
"CDK2","NP_439892.2","P24941","2UZO","X-ray","2.3","A","1-298"
"CDK2","NP_439892.2","P24941","2V0D","X-ray","2.2","A","1-298"
"CDK2","NP_439892.2","P24941","2V22","X-ray","2.6","A/C","1-298"
"CDK2","NP_439892.2","P24941","2VTA","X-ray","2","A","1-298"
"CDK2","NP_439892.2","P24941","2VTH","X-ray","1.9","A","1-298"
"CDK2","NP_439892.2","P24941","2VTI","X-ray","2","A","1-298"
"CDK2","NP_439892.2","P24941","2VTJ","X-ray","2.2","A","1-298"
"CDK2","NP_439892.2","P24941","2VTL","X-ray","2","A","1-298"
"CDK2","NP_439892.2","P24941","2VTM","X-ray","2.25","A","1-298"
"CDK2","NP_439892.2","P24941","2VTN","X-ray","2.2","A","1-298"
"CDK2","NP_439892.2","P24941","2VTO","X-ray","2.19","A","1-298"
"CDK2","NP_439892.2","P24941","2VTP","X-ray","2.15","A","1-298"
"CDK2","NP_439892.2","P24941","2VTQ","X-ray","1.9","A","1-298"
"CDK2","NP_439892.2","P24941","2VTR","X-ray","1.9","A","1-298"
"CDK2","NP_439892.2","P24941","2VTS","X-ray","1.9","A","1-298"
"CDK2","NP_439892.2","P24941","2VTT","X-ray","1.68","A","1-298"
"CDK2","NP_439892.2","P24941","2VU3","X-ray","1.85","A","1-298"
"CDK2","NP_439892.2","P24941","2VV9","X-ray","1.9","A","1-298"
"CDK2","NP_439892.2","P24941","2W05","X-ray","1.9","A","1-298"
"CDK2","NP_439892.2","P24941","2W06","X-ray","2.04","A","1-298"
"CDK2","NP_439892.2","P24941","2W17","X-ray","2.15","A","1-298"
"CDK2","NP_439892.2","P24941","2W1H","X-ray","2.15","A","1-298"
"CDK2","NP_439892.2","P24941","2WEV","X-ray","2.3","A/C","1-298"
"CDK2","NP_439892.2","P24941","2WFY","X-ray","2.53","A/C","1-298"
"CDK2","NP_439892.2","P24941","2WHB","X-ray","2.9","A/C","1-298"
"CDK2","NP_439892.2","P24941","2WIH","X-ray","2.5","A/C","1-298"
"CDK2","NP_439892.2","P24941","2WIP","X-ray","2.8","A/C","1-298"
"CDK2","NP_439892.2","P24941","2WPA","X-ray","2.51","A/C","1-298"
"CDK2","NP_439892.2","P24941","2WXV","X-ray","2.6","A/C","1-298"
"CDK2","NP_439892.2","P24941","2X1N","X-ray","2.75","A/C","1-298"
"CDK2","NP_439892.2","P24941","3BHT","X-ray","2","A/C","1-298"
"CDK2","NP_439892.2","P24941","3BHU","X-ray","2.3","A/C","1-298"
"CDK2","NP_439892.2","P24941","3BHV","X-ray","2.1","A/C","1-298"
"CDK2","NP_439892.2","P24941","3DDP","X-ray","2.7","A/C","1-298"
"CDK2","NP_439892.2","P24941","3DDQ","X-ray","1.8","A/C","1-298"
"CDK2","NP_439892.2","P24941","3DOG","X-ray","2.7","A/C","1-298"
"CDK2","NP_439892.2","P24941","3EID","X-ray","3.15","A/C","1-298"
"CDK2","NP_439892.2","P24941","3EJ1","X-ray","3.22","A/C","1-298"
"CDK2","NP_439892.2","P24941","3EOC","X-ray","3.2","A/C","1-298"
"CDK2","NP_439892.2","P24941","3EZR","X-ray","1.9","A","1-298"
"CDK2","NP_439892.2","P24941","3EZV","X-ray","1.99","A","1-298"
"CDK2","NP_439892.2","P24941","3F5X","X-ray","2.4","A/C","1-298"
"CDK2","NP_439892.2","P24941","3FZ1","X-ray","1.9","A","1-298"
"CDK2","NP_439892.2","P24941","3IG7","X-ray","1.8","A","1-298"
"CDK2","NP_439892.2","P24941","3IGG","X-ray","1.8","A","1-298"
"CDK2","NP_439892.2","P24941","3LFN","X-ray","2.28","A","1-298"
"CDK2","NP_439892.2","P24941","3LFQ","X-ray","2.03","A","1-298"
"CDK2","NP_439892.2","P24941","3LFS","X-ray","2.4","A","1-298"
"CDK6","NP_001138778.1","Q00534","1BI7","X-ray","3.4","A","1-326"
"CDK6","NP_001138778.1","Q00534","1BI8","X-ray","2.8","A/C","1-326"
"CDK6","NP_001138778.1","Q00534","1BLX","X-ray","1.9","A","1-326"
"CDK6","NP_001138778.1","Q00534","1G3N","X-ray","2.9","A/E","1-326"
"CDK6","NP_001138778.1","Q00534","1JOW","X-ray","3.1","B","1-308"
"CDK6","NP_001138778.1","Q00534","1XO2","X-ray","2.9","B","1-308"
"CDK6","NP_001138778.1","Q00534","2EUF","X-ray","3","B","1-308"
"CDK6","NP_001138778.1","Q00534","2F2C","X-ray","2.8","B","1-308"
"CDK6","NP_001250.1","Q00534","1BI7","X-ray","3.4","A","1-326"
"CDK6","NP_001250.1","Q00534","1BI8","X-ray","2.8","A/C","1-326"
"CDK6","NP_001250.1","Q00534","1BLX","X-ray","1.9","A","1-326"
"CDK6","NP_001250.1","Q00534","1G3N","X-ray","2.9","A/E","1-326"
"CDK6","NP_001250.1","Q00534","1JOW","X-ray","3.1","B","1-308"
"CDK6","NP_001250.1","Q00534","1XO2","X-ray","2.9","B","1-308"
"CDK6","NP_001250.1","Q00534","2EUF","X-ray","3","B","1-308"
"CDK6","NP_001250.1","Q00534","2F2C","X-ray","2.8","B","1-308"
"CDKN1A","NP_000380.1","P38936 ","1AXC","X-ray","2.6","B/D/F","139-160"
"CDKN1A","NP_000380.1","P38936 ","2ZVV","X-ray","2","X/Y","139-160"
"CDKN1A","NP_000380.1","P38936 ","2ZVW","X-ray","2.5","I/J/K/L/M/N/O/P","139-160"
"CDKN1A","NP_510867.1","P38936 ","1AXC","X-ray","2.6","B/D/F","139-160"
"CDKN1A","NP_510867.1","P38936 ","2ZVV","X-ray","2","X/Y","139-160"
"CDKN1A","NP_510867.1","P38936 ","2ZVW","X-ray","2.5","I/J/K/L/M/N/O/P","139-160"
"CDKN1B","NP_004055.1","P46527","1H27","X-ray","2.2","E","25-35"
"CDKN1B","NP_004055.1","P46527","1JSU","X-ray","2.3","C","23-106"
"CDKN1B","NP_004055.1","P46527","2AST","X-ray","2.3","D","181-190"
"CDKN2A","NP_000068.1","P42771","1A5E","NMR","-","A","1-156"
"CDKN2A","NP_000068.1","P42771","1BI7","X-ray","3.4","B","1-156"
"CDKN2A","NP_000068.1","P42771","1DC2","NMR","-","A","1-156"
"CDKN2A","NP_000068.1","P42771","2A5E","NMR","-","A","1-156"
"CDKN2A","NP_478102.1","Q8N726 ","-","-","-","-","-"
"CDKN2A","NP_478104.2","P42771 ","1A5E","NMR","-","A","1-156"
"CDKN2A","NP_478104.2","P42771 ","1BI7","X-ray","3.4","B","1-156"
"CDKN2A","NP_478104.2","P42771 ","1DC2","NMR","-","A","1-156"
"CDKN2A","NP_478104.2","P42771 ","2A5E","NMR","-","A","1-156"
"CDKN2A","NP_000068.1","Q8N726 ","-","-","-","-","-"
"CDKN2B","NP_004927.2","P42772 ","-","-","-","-","-"
"CDKN2B","NP_511042.1","P42772 ","-","-","-","-","-"
"CEACAM1","NP_001020083.1","-","-","-","-","-","-"
"CEACAM1","NP_001703.2","P13688","2GK2","X-ray","2.2","A/B","34-141"
"CEACAM5","NP_004354.2","P06731","1.00E+07","X-ray","-","A","35-676"
"CEACAM5","NP_004354.2","P06731","2QSQ","X-ray","1.95","A/B","34-144"
"CEACAM5","NP_004354.2","P06731","2QST","X-ray","2.9","A/B","34-144"
"CEACAM5","NP_004354.2","P06731","2VER","NMR","-","N","35-144"
"CEACAM6","NP_002474.3","P40199","-","-","-","-","-"
"CEACAM7","NP_008821.1","Q14002","-","-","-","-","-"
"CEBPB","NP_005185.2","P17676 ","1GTW","X-ray","1.85","A/B","259-336"
"CEBPB","NP_005185.2","P17676 ","1GU4","X-ray","1.8","A/B","259-336"
"CEBPB","NP_005185.2","P17676 ","1GU5","X-ray","2.1","A/B","259-336"
"CEBPB","NP_005185.2","P17676 ","1H88","X-ray","2.8","A/B","259-336"
"CEBPB","NP_005185.2","P17676 ","1H89","X-ray","2.45","A/B","273-336"
"CEBPB","NP_005185.2","P17676 ","1H8A","X-ray","2.23","A/B","259-336"
"CEBPB","NP_005185.2","P17676 ","1HJB","X-ray","3","A/B/D/E","259-345"
"CEBPB","NP_005185.2","P17676 ","1IO4","X-ray","3","A/B","259-336"
"CEBPB","NP_005185.2","P17676 ","2.00E+42","X-ray","1.8","A/B","259-336"
"CEBPB","NP_005185.2","P17676 ","2.00E+43","X-ray","2.1","A/B","259-336"
"CELA2A","NP_254275.1","P08217","-","-","-","-","-"
"CELSR1","NP_055061.1","Q9NYQ6 ","-","-","-","-","-"
"CES1","NP_001020365.1","P23141","1MX1","X-ray","2.4","A/B/C/D/E/F","19-567"
"CES1","NP_001020365.1","P23141","1MX5","X-ray","2.8","A/B/C/D/E/F","19-567"
"CES1","NP_001020365.1","P23141","1MX9","X-ray","2.9","A/B/C/D/E/F/G/H/I/J/K/L","19-567"
"CES1","NP_001020365.1","P23141","1YA4","X-ray","3.2","A/B/C","21-553"
"CES1","NP_001020365.1","P23141","1YA8","X-ray","3","A/B/C","21-553"
"CES1","NP_001020365.1","P23141","1YAH","X-ray","3","A/B/C","21-553"
"CES1","NP_001020365.1","P23141","1YAJ","X-ray","3.2","A/B/C/D/E/F/G/H/I/J/K/L","21-553"
"CES1","NP_001020365.1","P23141","2DQY","X-ray","3","A/B/C","19-561"
"CES1","NP_001020365.1","P23141","2DQZ","X-ray","2.8","A/B/C","19-561"
"CES1","NP_001020365.1","P23141","2DR0","X-ray","3.2","A/B/C","19-561"
"CES1","NP_001020365.1","P23141","2H7C","X-ray","2","A/B/C/D/E/F","19-561"
"CES1","NP_001020365.1","P23141","2HRQ","X-ray","2.7","A/B/C/D/E/F","21-553"
"CES1","NP_001020365.1","P23141","2HRR","X-ray","2.7","A/B/C","21-553"
"CES1","NP_001020365.1","P23141","3K9B","X-ray","3.1","A/B/C","24-553"
"CES1","NP_001020366.1","P23141","1MX1","X-ray","2.4","A/B/C/D/E/F","19-567"
"CES1","NP_001020366.1","P23141","1MX5","X-ray","2.8","A/B/C/D/E/F","19-567"
"CES1","NP_001020366.1","P23141","1MX9","X-ray","2.9","A/B/C/D/E/F/G/H/I/J/K/L","19-567"
"CES1","NP_001020366.1","P23141","1YA4","X-ray","3.2","A/B/C","21-553"
"CES1","NP_001020366.1","P23141","1YA8","X-ray","3","A/B/C","21-553"
"CES1","NP_001020366.1","P23141","1YAH","X-ray","3","A/B/C","21-553"
"CES1","NP_001020366.1","P23141","1YAJ","X-ray","3.2","A/B/C/D/E/F/G/H/I/J/K/L","21-553"
"CES1","NP_001020366.1","P23141","2DQY","X-ray","3","A/B/C","19-561"
"CES1","NP_001020366.1","P23141","2DQZ","X-ray","2.8","A/B/C","19-561"
"CES1","NP_001020366.1","P23141","2DR0","X-ray","3.2","A/B/C","19-561"
"CES1","NP_001020366.1","P23141","2H7C","X-ray","2","A/B/C/D/E/F","19-561"
"CES1","NP_001020366.1","P23141","2HRQ","X-ray","2.7","A/B/C/D/E/F","21-553"
"CES1","NP_001020366.1","P23141","2HRR","X-ray","2.7","A/B/C","21-553"
"CES1","NP_001020366.1","P23141","3K9B","X-ray","3.1","A/B/C","24-553"
"CES1","NP_001257.4","P23141","1MX1","X-ray","2.4","A/B/C/D/E/F","19-567"
"CES1","NP_001257.4","P23141","1MX5","X-ray","2.8","A/B/C/D/E/F","19-567"
"CES1","NP_001257.4","P23141","1MX9","X-ray","2.9","A/B/C/D/E/F/G/H/I/J/K/L","19-567"
"CES1","NP_001257.4","P23141","1YA4","X-ray","3.2","A/B/C","21-553"
"CES1","NP_001257.4","P23141","1YA8","X-ray","3","A/B/C","21-553"
"CES1","NP_001257.4","P23141","1YAH","X-ray","3","A/B/C","21-553"
"CES1","NP_001257.4","P23141","1YAJ","X-ray","3.2","A/B/C/D/E/F/G/H/I/J/K/L","21-553"
"CES1","NP_001257.4","P23141","2DQY","X-ray","3","A/B/C","19-561"
"CES1","NP_001257.4","P23141","2DQZ","X-ray","2.8","A/B/C","19-561"
"CES1","NP_001257.4","P23141","2DR0","X-ray","3.2","A/B/C","19-561"
"CES1","NP_001257.4","P23141","2H7C","X-ray","2","A/B/C/D/E/F","19-561"
"CES1","NP_001257.4","P23141","2HRQ","X-ray","2.7","A/B/C/D/E/F","21-553"
"CES1","NP_001257.4","P23141","2HRR","X-ray","2.7","A/B/C","21-553"
"CES1","NP_001257.4","P23141","3K9B","X-ray","3.1","A/B/C","24-553"
"CHFR","NP_060693.2","Q96EP1 ","1LGP","X-ray","2","A","14-128"
"CHFR","NP_060693.2","Q96EP1 ","1LGQ","X-ray","2.1","A/B","14-124"
"CITED2","NP_006070.2","Q99967 ","1P4Q","NMR","-","A","216-259"
"CITED2","NP_006070.2","Q99967 ","1R8U","NMR","-","A","220-269"
"CKS2","NP_001818.1","P33552 ","1CKS","X-ray","2.1","A/B/C","Jan-79"
"CLDN1","NP_066924.1","O95832","-","-","-","-","-"
"CLEC2B","NP_005118.2","Q92478","-","-","-","-","-"
"CLIC3","NP_004660.2","O95833 ","3FY7","X-ray","1.95","A/B","1-230"
"CLIC3","NP_004660.2","O95833 ","3KJY","X-ray","1.95","A/B","1-230"
"CNOT1","NP_057368.3","A5YKK6","-","-","-","-","-"
"CNOT1","NP_996882.1","A5YKK6","-","-","-","-","-"
"COL1A1","NP_000079.2","P02452","1Q7D","X-ray","1.8","A/B/C","914-930"
"COL1A1","NP_000079.2","P02452","3EJH","X-ray","2.1","E/F","956-977"
"COL1A1","NP_000079.2","P02452","3GXE","X-ray","2.6","E/F","254-275"
"CPE","NP_001864.1","P16870","-","-","-","-","-"
"CPEB1","NP_001073001.1","Q9BZB8 ","-","-","-","-","-"
"CPEB1","NP_001073002.1","Q9BZB8 ","-","-","-","-","-"
"CPEB1","NP_001073003.1","Q9BZB8 ","-","-","-","-","-"
"CPEB1","NP_085097.3","Q9BZB8 ","-","-","-","-","-"
"CPEB3","NP_055727.3","Q8NE35","2DNL","NMR","-","A","440-540"
"CR1","NP_000564.2","P17927","1GKG","NMR","-","A","1002-1133"
"CR1","NP_000564.2","P17927","1GKN","NMR","-","A","942-1065"
"CR1","NP_000564.2","P17927","1GOP","model","-","A","942-1133"
"CR1","NP_000564.2","P17927","1PPQ","NMR","-","A","1002-1065"
"CR1","NP_000564.2","P17927","2Q7Z","X-ray","-","A","42-1972"
"CR1","NP_000642.3","P17927","1GKG","NMR","-","A","1002-1133"
"CR1","NP_000642.3","P17927","1GKN","NMR","-","A","942-1065"
"CR1","NP_000642.3","P17927","1GOP","model","-","A","942-1133"
"CR1","NP_000642.3","P17927","1PPQ","NMR","-","A","1002-1065"
"CR1","NP_000642.3","P17927","2Q7Z","X-ray","-","A","42-1972"
"CRABP2","NP_001869.1","P29373","1BLR","NMR","-","A","2-138"
"CRABP2","NP_001869.1","P29373","1BM5","NMR","-","A","2-138"
"CRABP2","NP_001869.1","P29373","1CBQ","X-ray","2.2","A","2-138"
"CRABP2","NP_001869.1","P29373","1CBS","X-ray","1.8","A","2-138"
"CRABP2","NP_001869.1","P29373","1XCA","X-ray","2.3","A/B","2-138"
"CRABP2","NP_001869.1","P29373","2CBS","X-ray","2.1","A","2-138"
"CRABP2","NP_001869.1","P29373","2FR3","X-ray","1.48","A","2-138"
"CRABP2","NP_001869.1","P29373","2FRS","X-ray","1.51","A/B","2-138"
"CRABP2","NP_001869.1","P29373","2FS6","X-ray","1.35","A/B","2-138"
"CRABP2","NP_001869.1","P29373","2FS7","X-ray","1.55","A/B","2-138"
"CRABP2","NP_001869.1","P29373","2G78","X-ray","1.7","A","2-138"
"CRABP2","NP_001869.1","P29373","2G79","X-ray","1.69","A","2-138"
"CRABP2","NP_001869.1","P29373","2G7B","X-ray","1.18","A","2-138"
"CRABP2","NP_001869.1","P29373","3CBS","X-ray","2","A","2-138"
"CRABP2","NP_001869.1","P29373","3CR6","X-ray","1.22","A","2-138"
"CRABP2","NP_001869.1","P29373","3CWK","X-ray","1.6","A","2-138"
"CRABP2","NP_001869.1","P29373","3D95","X-ray","1.2","A/B","2-138"
"CRABP2","NP_001869.1","P29373","3D96","X-ray","1.71","A/B","2-138"
"CRABP2","NP_001869.1","P29373","3D97","X-ray","1.5","A/B","2-138"
"CRABP2","NP_001869.1","P29373","3F8A","X-ray","1.95","A","2-138"
"CRABP2","NP_001869.1","P29373","3F9D","X-ray","2","A/B","2-138"
"CRABP2","NP_001869.1","P29373","3FA6","X-ray","1.54","A/B","2-138"
"CRABP2","NP_001869.1","P29373","3FA7","X-ray","1.9","A/B","2-138"
"CRABP2","NP_001869.1","P29373","3FA8","X-ray","1.78","A/B","2-138"
"CRABP2","NP_001869.1","P29373","3FA9","X-ray","1.94","A/B","2-138"
"CRABP2","NP_001869.1","P29373","3FEK","X-ray","1.51","A/B","2-138"
"CRABP2","NP_001869.1","P29373","3FEL","X-ray","1.85","A/B","2-138"
"CRABP2","NP_001869.1","P29373","3FEN","X-ray","1.56","A/B","2-138"
"CRABP2","NP_001869.1","P29373","3FEP","X-ray","2.6","A","2-138"
"CRABP2","NP_001869.1","P29373","3I17","X-ray","1.68","A/B","2-138"
"CRCT1","NP_061933.1","Q9UGL9 ","-","-","-","-","-"
"CRISP3","NP_006052.1","P54108 ","-","-","-","-","-"
"CRNN","NP_057274.1","Q9UBG3 ","-","-","-","-","-"
"CRYAB","NP_001876.1","P02511 ","2WJ7","X-ray","2.63","A/B/C/D/E","67-157"
"CRYAB","NP_001876.1","P02511 ","3L1G","X-ray","3.32","A","68-162"
"CSE1L","NP_001307.2","P55060","-","-","-","-","-"
"CSF1","NP_000748.3","P09603","1HMC","X-ray","2.5","A/B","36-181"
"CSF1","NP_757349.1","P09603","1HMC","X-ray","2.5","A/B","36-181"
"CSF1","NP_757350.1","P09603","1HMC","X-ray","2.5","A/B","36-181"
"CSF1","NP_757351.1","P09603","1HMC","X-ray","2.5","A/B","36-181"
"CSF1R","NP_005202.2","P07333","2I0V","X-ray","2.8","A","538-922"
"CSF1R","NP_005202.2","P07333","2I0Y","X-ray","1.9","A","538-922"
"CSF1R","NP_005202.2","P07333","2I1M","X-ray","1.8","A","538-922"
"CSF1R","NP_005202.2","P07333","2OGV","X-ray","2.7","A","543-918"
"CSF1R","NP_005202.2","P07333","3BEA","X-ray","2.02","A","538-922"
"CSF1R","NP_005202.2","P07333","3DPK","X-ray","1.95","A","538-922"
"CSF1R","NP_005202.2","P07333","3LCD","X-ray","2.5","A","538-922"
"CTGF","NP_001892.1","P29279 ","-","-","-","-","-"
"CTNNB1","NP_001091679.1","P35222","1G3J","X-ray","2.1","A/C","133-664"
"CTNNB1","NP_001091679.1","P35222","1JDH","X-ray","1.9","A","135-663"
"CTNNB1","NP_001091679.1","P35222","1JPW","X-ray","2.5","A/B/C","134-670"
"CTNNB1","NP_001091679.1","P35222","1LUJ","X-ray","2.5","A","150-663"
"CTNNB1","NP_001091679.1","P35222","1P22","X-ray","2.95","C","19-44"
"CTNNB1","NP_001091679.1","P35222","1QZ7","X-ray","2.2","A","133-665"
"CTNNB1","NP_001091679.1","P35222","1T08","X-ray","2.1","A","146-664"
"CTNNB1","NP_001091679.1","P35222","1TH1","X-ray","2.5","A/B","133-664"
"CTNNB1","NP_001091679.1","P35222","2G57","NMR","-","A","19-44"
"CTNNB1","NP_001091679.1","P35222","2GL7","X-ray","2.6","A/D","138-686"
"CTNNB1","NP_001091679.1","P35222","2Z6H","X-ray","2.2","A","138-781"
"CTNNB1","NP_001091679.1","P35222","3DIW","X-ray","2.1","C/D","772-781"
"CTNNB1","NP_001091679.1","P35222","3FQN","X-ray","1.65","C","30-39"
"CTNNB1","NP_001091679.1","P35222","3FQR","X-ray","1.7","C","30-39"
"CTNNB1","NP_001091680.1","P35222","1G3J","X-ray","2.1","A/C","133-664"
"CTNNB1","NP_001091680.1","P35222","1JDH","X-ray","1.9","A","135-663"
"CTNNB1","NP_001091680.1","P35222","1JPW","X-ray","2.5","A/B/C","134-670"
"CTNNB1","NP_001091680.1","P35222","1LUJ","X-ray","2.5","A","150-663"
"CTNNB1","NP_001091680.1","P35222","1P22","X-ray","2.95","C","19-44"
"CTNNB1","NP_001091680.1","P35222","1QZ7","X-ray","2.2","A","133-665"
"CTNNB1","NP_001091680.1","P35222","1T08","X-ray","2.1","A","146-664"
"CTNNB1","NP_001091680.1","P35222","1TH1","X-ray","2.5","A/B","133-664"
"CTNNB1","NP_001091680.1","P35222","2G57","NMR","-","A","19-44"
"CTNNB1","NP_001091680.1","P35222","2GL7","X-ray","2.6","A/D","138-686"
"CTNNB1","NP_001091680.1","P35222","2Z6H","X-ray","2.2","A","138-781"
"CTNNB1","NP_001091680.1","P35222","3DIW","X-ray","2.1","C/D","772-781"
"CTNNB1","NP_001091680.1","P35222","3FQN","X-ray","1.65","C","30-39"
"CTNNB1","NP_001091680.1","P35222","3FQR","X-ray","1.7","C","30-39"
"CTNNB1","NP_001895.1","P35222","1G3J","X-ray","2.1","A/C","133-664"
"CTNNB1","NP_001895.1","P35222","1JDH","X-ray","1.9","A","135-663"
"CTNNB1","NP_001895.1","P35222","1JPW","X-ray","2.5","A/B/C","134-670"
"CTNNB1","NP_001895.1","P35222","1LUJ","X-ray","2.5","A","150-663"
"CTNNB1","NP_001895.1","P35222","1P22","X-ray","2.95","C","19-44"
"CTNNB1","NP_001895.1","P35222","1QZ7","X-ray","2.2","A","133-665"
"CTNNB1","NP_001895.1","P35222","1T08","X-ray","2.1","A","146-664"
"CTNNB1","NP_001895.1","P35222","1TH1","X-ray","2.5","A/B","133-664"
"CTNNB1","NP_001895.1","P35222","2G57","NMR","-","A","19-44"
"CTNNB1","NP_001895.1","P35222","2GL7","X-ray","2.6","A/D","138-686"
"CTNNB1","NP_001895.1","P35222","2Z6H","X-ray","2.2","A","138-781"
"CTNNB1","NP_001895.1","P35222","3DIW","X-ray","2.1","C/D","772-781"
"CTNNB1","NP_001895.1","P35222","3FQN","X-ray","1.65","C","30-39"
"CTNNB1","NP_001895.1","P35222","3FQR","X-ray","1.7","C","30-39"
"CTSC","NP_001107645.1","-","-","-","-","-","-"
"CTSC","NP_001805.3","P53634","1K3B","X-ray","2.15","A","25-143"
"CTSC","NP_001805.3","P53634","1K3B","X-ray","2.15","B","231-394"
"CTSC","NP_001805.3","P53634","1K3B","X-ray","2.15","C","395-463"
"CTSC","NP_001805.3","P53634","2DJF","X-ray","2","A","25-143"
"CTSC","NP_001805.3","P53634","2DJF","X-ray","2","B","231-394"
"CTSC","NP_001805.3","P53634","2DJF","X-ray","2","C","395-463"
"CTSC","NP_001805.3","P53634","2DJG","X-ray","2.05","A","25-143"
"CTSC","NP_001805.3","P53634","2DJG","X-ray","2.05","B","231-394"
"CTSC","NP_001805.3","P53634","2DJG","X-ray","2.05","C","395-463"
"CTSC","NP_680475.1","-","-","-","-","-","-"
"CTSF","NP_003784.2","Q9UBX1","1D5U","model","-","A","271-484"
"CTSF","NP_003784.2","Q9UBX1","1M6D","X-ray","1.7","A/B","271-484"
"CTSH","NP_004381.2","-","-","-","-","-","-"
"CTSH","NP_683880.1","P09668","1BZN","model","-","B","116-335"
"CTSL1","NP_001903.1","P07711","1CJL","X-ray","2.2","A","22-333"
"CTSL1","NP_001903.1","P07711","1CS8","X-ray","1.8","A","19-333"
"CTSL1","NP_001903.1","P07711","1ICF","X-ray","2","A/C","114-288"
"CTSL1","NP_001903.1","P07711","1ICF","X-ray","2","B/D","292-333"
"CTSL1","NP_001903.1","P07711","1MHW","X-ray","1.9","A/B","114-288"
"CTSL1","NP_001903.1","P07711","1MHW","X-ray","1.9","C/D","292-333"
"CTSL1","NP_001903.1","P07711","2NQD","X-ray","1.75","B","113-333"
"CTSL1","NP_001903.1","P07711","2VHS","X-ray","1.5","A/B/C/D","114-333"
"CTSL1","NP_001903.1","P07711","3BC3","X-ray","2.2","A/B","114-333"
"CTSL1","NP_001903.1","P07711","3H89","X-ray","2.5","A/B/C/D/E/F","114-333"
"CTSL1","NP_001903.1","P07711","3H8B","X-ray","1.8","A/B/C/D/E/F","114-333"
"CTSL1","NP_001903.1","P07711","3H8C","X-ray","2.5","A/B","114-333"
"CTSL1","NP_001903.1","P07711","3HHA","X-ray","1.27","A/B/C/D","114-333"
"CTSL1","NP_001903.1","P07711","3HWN","X-ray","2.33","A/B/C/D","76-333"
"CTSL1","NP_001903.1","P07711","3IV2","X-ray","2.2","A/B","114-333"
"CTSL1","NP_001903.1","P07711","3K24","X-ray","2.5","A/B","114-333"
"CTSL1","NP_666023.1","P07711","1CJL","X-ray","2.2","A","22-333"
"CTSL1","NP_666023.1","P07711","1CS8","X-ray","1.8","A","19-333"
"CTSL1","NP_666023.1","P07711","1ICF","X-ray","2","A/C","114-288"
"CTSL1","NP_666023.1","P07711","1ICF","X-ray","2","B/D","292-333"
"CTSL1","NP_666023.1","P07711","1MHW","X-ray","1.9","A/B","114-288"
"CTSL1","NP_666023.1","P07711","1MHW","X-ray","1.9","C/D","292-333"
"CTSL1","NP_666023.1","P07711","2NQD","X-ray","1.75","B","113-333"
"CTSL1","NP_666023.1","P07711","2VHS","X-ray","1.5","A/B/C/D","114-333"
"CTSL1","NP_666023.1","P07711","3BC3","X-ray","2.2","A/B","114-333"
"CTSL1","NP_666023.1","P07711","3H89","X-ray","2.5","A/B/C/D/E/F","114-333"
"CTSL1","NP_666023.1","P07711","3H8B","X-ray","1.8","A/B/C/D/E/F","114-333"
"CTSL1","NP_666023.1","P07711","3H8C","X-ray","2.5","A/B","114-333"
"CTSL1","NP_666023.1","P07711","3HHA","X-ray","1.27","A/B/C/D","114-333"
"CTSL1","NP_666023.1","P07711","3HWN","X-ray","2.33","A/B/C/D","76-333"
"CTSL1","NP_666023.1","P07711","3IV2","X-ray","2.2","A/B","114-333"
"CTSL1","NP_666023.1","P07711","3K24","X-ray","2.5","A/B","114-333"
"CTSS","NP_004070.3","P25774","1BXF","model","-","A","115-331"
"CTSS","NP_004070.3","P25774","1GLO","X-ray","2.2","A","115-331"
"CTSS","NP_004070.3","P25774","1MS6","X-ray","1.9","A","115-331"
"CTSS","NP_004070.3","P25774","1NPZ","X-ray","2","A/B","115-331"
"CTSS","NP_004070.3","P25774","1NQC","X-ray","1.8","A","115-331"
"CTSS","NP_004070.3","P25774","2C0Y","X-ray","2.1","A","17-331"
"CTSS","NP_004070.3","P25774","2F1G","X-ray","1.9","A/B","112-331"
"CTSS","NP_004070.3","P25774","2FQ9","X-ray","1.65","A/B","114-331"
"CTSS","NP_004070.3","P25774","2FRA","X-ray","1.9","A/B","114-330"
"CTSS","NP_004070.3","P25774","2FRQ","X-ray","1.6","A/B","115-331"
"CTSS","NP_004070.3","P25774","2FT2","X-ray","1.7","A/B","114-331"
"CTSS","NP_004070.3","P25774","2FUD","X-ray","1.95","A/B","115-331"
"CTSS","NP_004070.3","P25774","2FYE","X-ray","2.2","A","115-331"
"CTSS","NP_004070.3","P25774","2G6D","X-ray","2.5","A","115-331"
"CTSS","NP_004070.3","P25774","2G7Y","X-ray","2","A/B","114-330"
"CTSS","NP_004070.3","P25774","2H7J","X-ray","1.5","A/B","112-331"
"CTSS","NP_004070.3","P25774","2HH5","X-ray","1.8","A/B","112-331"
"CTSS","NP_004070.3","P25774","2HHN","X-ray","1.55","A/B","112-331"
"CTSS","NP_004070.3","P25774","2HXZ","X-ray","1.9","A/B/C","112-331"
"CTSS","NP_004070.3","P25774","2OP3","X-ray","1.6","A/B","112-331"
"CTSS","NP_004070.3","P25774","2R9M","X-ray","1.97","A/B","115-331"
"CTSS","NP_004070.3","P25774","2R9N","X-ray","2","A/B","115-331"
"CTSS","NP_004070.3","P25774","2R9O","X-ray","2","A/B","115-331"
"CTSS","NP_004070.3","P25774","3IEJ","X-ray","2.18","A/B","115-331"
"CTSS","NP_004070.3","P25774","3KWN","X-ray","2.1","A/B","115-331"
"CUEDC1","NP_060419.1","Q9NWM3","2DHY","NMR","-","A","37-96"
"CWH43","NP_079363.2","Q9H720","-","-","-","-","-"
"CXCR2","NP_001548.1","P25025 ","-","-","-","-","-"
"CYBA","NP_000092.2","P13498","1WLP","NMR","-","A","149-167"
"CYR61","NP_001545.2","O00622","-","-","-","-","-"
"DAP3","NP_004623.1","P51398","-","-","-","-","-"
"DAP3","NP_387506.1","P51398","-","-","-","-","-"
"DAPK1","NP_004929.2","P53355 ","1IG1","X-ray","1.8","A","2-285"
"DAPK1","NP_004929.2","P53355 ","1JKK","X-ray","2.4","A","2-285"
"DAPK1","NP_004929.2","P53355 ","1JKL","X-ray","1.62","A","2-285"
"DAPK1","NP_004929.2","P53355 ","1JKS","X-ray","1.5","A","2-285"
"DAPK1","NP_004929.2","P53355 ","1JKT","X-ray","3.5","A/B","2-285"
"DAPK1","NP_004929.2","P53355 ","1P4F","X-ray","1.9","A","2-285"
"DAPK1","NP_004929.2","P53355 ","1WVW","X-ray","2.4","A","1-278"
"DAPK1","NP_004929.2","P53355 ","1WVX","X-ray","2.6","A","1-278"
"DAPK1","NP_004929.2","P53355 ","1WVY","X-ray","2.8","A","1-278"
"DAPK1","NP_004929.2","P53355 ","1YR5","X-ray","1.7","B","302-320"
"DAPK1","NP_004929.2","P53355 ","2W4J","X-ray","1.3","A","1-277"
"DAPK1","NP_004929.2","P53355 ","2W4K","X-ray","1.9","A","1-302"
"DAPK1","NP_004929.2","P53355 ","2X0G","X-ray","2.2","A","1-334"
"DAPK1","NP_004929.2","P53355 ","3DFC","X-ray","1.9","B","1-285"
"DAPK1","NP_004929.2","P53355 ","3DGK","X-ray","1.7","A","1-285"
"DAPK1","NP_004929.2","P53355 ","3EH9","X-ray","1.7","A","2-285"
"DAPK1","NP_004929.2","P53355 ","3EHA","X-ray","1.6","A","2-285"
"DAPK1","NP_004929.2","P53355 ","3F5G","X-ray","1.85","A","2-285"
"DAPK1","NP_004929.2","P53355 ","3F5U","X-ray","2","A","1-285"
"DAPK1","NP_004929.2","P53355 ","3GU4","X-ray","1.35","A","1-285"
"DAPK1","NP_004929.2","P53355 ","3GU5","X-ray","1.65","A","1-285"
"DAPK1","NP_004929.2","P53355 ","3GU6","X-ray","1.49","A","1-285"
"DAPK1","NP_004929.2","P53355 ","3GU7","X-ray","1.9","A","1-285"
"DAPK1","NP_004929.2","P53355 ","3GU8","X-ray","1.6","A","1-285"
"DAPK1","NP_004929.2","P53355 ","3GUB","X-ray","1.71","A","1-285"
"DDIT3","NP_004074.2","P35638 ","-","-","-","-","-"
"DDOST","NP_005207.2","P39656","-","-","-","-","-"
"DDX27","NP_060365.7","Q96GQ7","-","-","-","-","-"
"DEK","NP_001128181.1","P35659","1Q1V","NMR","-","A","309-375"
"DEK","NP_001128181.1","P35659","2JX3","NMR","-","A","78-208"
"DEK","NP_003463.1","P35659","1Q1V","NMR","-","A","309-375"
"DEK","NP_003463.1","P35659","2JX3","NMR","-","A","78-208"
"DHFR","NP_000782.1","P00374","1BOZ","X-ray","2.1","A","2-187"
"DHFR","NP_000782.1","P00374","1DHF","X-ray","2.3","A/B","2-187"
"DHFR","NP_000782.1","P00374","1DLR","X-ray","2.3","A","2-186"
"DHFR","NP_000782.1","P00374","1DLS","X-ray","2.3","A","2-186"
"DHFR","NP_000782.1","P00374","1DRF","X-ray","2","A","2-187"
"DHFR","NP_000782.1","P00374","1HFP","X-ray","2.1","A","2-186"
"DHFR","NP_000782.1","P00374","1HFQ","X-ray","2.1","A","2-186"
"DHFR","NP_000782.1","P00374","1HFR","X-ray","2.1","A","2-186"
"DHFR","NP_000782.1","P00374","1KMS","X-ray","1.09","A","2-186"
"DHFR","NP_000782.1","P00374","1KMV","X-ray","1.05","A","2-186"
"DHFR","NP_000782.1","P00374","1MVS","X-ray","1.9","A","1-187"
"DHFR","NP_000782.1","P00374","1MVT","X-ray","1.8","A","1-187"
"DHFR","NP_000782.1","P00374","1OHJ","X-ray","2.5","A","2-187"
"DHFR","NP_000782.1","P00374","1OHK","X-ray","2.5","A","2-187"
"DHFR","NP_000782.1","P00374","1PD8","X-ray","2.1","A","2-186"
"DHFR","NP_000782.1","P00374","1PD9","X-ray","2.2","A","2-186"
"DHFR","NP_000782.1","P00374","1PDB","X-ray","2.2","A","2-186"
"DHFR","NP_000782.1","P00374","1S3U","X-ray","2.5","A","2-186"
"DHFR","NP_000782.1","P00374","1S3V","X-ray","1.8","A","2-186"
"DHFR","NP_000782.1","P00374","1S3W","X-ray","1.9","A","2-186"
"DHFR","NP_000782.1","P00374","1U71","X-ray","2.2","A","2-186"
"DHFR","NP_000782.1","P00374","1U72","X-ray","1.9","A","2-186"
"DHFR","NP_000782.1","P00374","1YHO","NMR","-","A","2-186"
"DHFR","NP_000782.1","P00374","2C2S","X-ray","1.4","A/B","2-186"
"DHFR","NP_000782.1","P00374","2C2T","X-ray","1.5","A/B","2-186"
"DHFR","NP_000782.1","P00374","2DHF","X-ray","2.3","A/B","2-187"
"DHFR","NP_000782.1","P00374","2W3A","X-ray","1.5","A/B","1-187"
"DHFR","NP_000782.1","P00374","2W3B","X-ray","1.27","A/B","1-187"
"DHFR","NP_000782.1","P00374","2W3M","X-ray","1.6","A/B","1-187"
"DHFR","NP_000782.1","P00374","3EIG","X-ray","1.7","A","2-187"
"DHFR","NP_000782.1","P00374","3F8Y","X-ray","1.45","A","1-187"
"DHFR","NP_000782.1","P00374","3F8Z","X-ray","2.01","A","1-187"
"DHFR","NP_000782.1","P00374","3F91","X-ray","1.9","A","1-187"
"DHFR","NP_000782.1","P00374","3FS6","X-ray","1.23","A","1-187"
"DHFR","NP_000782.1","P00374","3GHC","X-ray","1.3","A","2-187"
"DHFR","NP_000782.1","P00374","3GHV","X-ray","1.3","A","2-187"
"DHFR","NP_000782.1","P00374","3GHW","X-ray","1.24","A","2-187"
"DHFR","NP_000782.1","P00374","3GI2","X-ray","1.53","A","1-187"
"DHFR","NP_000782.1","P00374","3GYF","X-ray","1.7","A","1-187"
"DLC1","NP_001157743.1","Q96QB1","2KAP","NMR","-","A","454-513"
"DLC1","NP_001157743.1","Q96QB1","3KUQ","X-ray","2.3","A","1074-1283"
"DLC1","NP_001157743.1","Q96QB1","2DKY","NMR","-","A","451-515"
"DLC1","NP_001157743.1","Q96QB1","2GYT","NMR","-","A","451-513"
"DLC1","NP_006085.2","Q96QB1","2KAP","NMR","-","A","454-513"
"DLC1","NP_006085.2","Q96QB1","3KUQ","X-ray","2.3","A","1074-1283"
"DLC1","NP_006085.2","Q96QB1","2DKY","NMR","-","A","451-515"
"DLC1","NP_006085.2","Q96QB1","2GYT","NMR","-","A","451-513"
"DLC1","NP_006085.2","Q96QB1","2KAP","NMR","-","A","454-513"
"DLC1","NP_006085.2","Q96QB1","3KUQ","X-ray","2.3","A","1074-1283"
"DLC1","NP_079043.2","-","-","-","-","-","-"
"DLC1","NP_872584.2","Q96QB1","2DKY","NMR","-","A","451-515"
"DLC1","NP_872584.2","Q96QB1","2GYT","NMR","-","A","451-513"
"DLC1","NP_872584.2","Q96QB1","2KAP","NMR","-","A","454-513"
"DLC1","NP_872584.2","Q96QB1","3KUQ","X-ray","2.3","A","1074-1283"
"DMC1","NP_008999.2","Q14565","1V5W","X-ray","3.2","A/B","1-340"
"DMC1","NP_008999.2","Q14565","2ZJB","X-ray","3.5","A/B","1-340"
"DNAJC9","NP_056005.1","Q8WXX5 ","-","-","-","-","-"
"DNMT1","NP_001124295.1","P26358 ","3EPZ","X-ray","2.31","A/B","351-600"
"DNMT1","NP_001370.1","P26358 ","3EPZ","X-ray","2.31","A/B","351-600"
"DNMT3L","NP_037501.2","Q9UJW3","2PV0","X-ray","3.3","A/B/C","1-387"
"DNMT3L","NP_037501.2","Q9UJW3","2PVC","X-ray","3.69","A/B/C","1-387"
"DNMT3L","NP_037501.2","Q9UJW3","2QRV","X-ray","2.89","B/C/F/G","160-387"
"DNMT3L","NP_787063.1","Q9UJW3","2PV0","X-ray","3.3","A/B/C","1-387"
"DNMT3L","NP_787063.1","Q9UJW3","2PVC","X-ray","3.69","A/B/C","1-387"
"DNMT3L","NP_787063.1","Q9UJW3","2QRV","X-ray","2.89","B/C/F/G","160-387"
"DSG1","NP_001933.2","Q02413 ","-","-","-","-","-"
"DSG2","NP_001934.2","Q14126","2YQG","NMR","-","A","47-162"
"DTL","NP_057532.2","Q9NZJ0 ","-","-","-","-","-"
"DUSP1","NP_004408.1","P28562","-","-","-","-","-"
"DUSP26","NP_076930.1","Q9BV47","2E0T","X-ray","1.67","A","61-211"
"DUT","NP_001020419.1","P33316","1Q5H","X-ray","2","A/B/C","112-252"
"DUT","NP_001020419.1","P33316","1Q5U","X-ray","2","X/Y/Z","112-252"
"DUT","NP_001020419.1","P33316","2HQU","X-ray","2.2","A/B/C","94-252"
"DUT","NP_001020419.1","P33316","3EHW","X-ray","1.8","A/B/C/X/Y/Z","94-252"
"DUT","NP_001020420.1","P33316","1Q5H","X-ray","2","A/B/C","112-252"
"DUT","NP_001020420.1","P33316","1Q5U","X-ray","2","X/Y/Z","112-252"
"DUT","NP_001020420.1","P33316","2HQU","X-ray","2.2","A/B/C","94-252"
"DUT","NP_001020420.1","P33316","3EHW","X-ray","1.8","A/B/C/X/Y/Z","94-252"
"DUT","NP_001939.1","P33316","1Q5H","X-ray","2","A/B/C","112-252"
"DUT","NP_001939.1","P33316","1Q5U","X-ray","2","X/Y/Z","112-252"
"DUT","NP_001939.1","P33316","2HQU","X-ray","2.2","A/B/C","94-252"
"DUT","NP_001939.1","P33316","3EHW","X-ray","1.8","A/B/C/X/Y/Z","94-252"
"E2F1","NP_005216.1","Q01094 ","1H24","X-ray","2.5","E","87-95"
"E2F1","NP_005216.1","Q01094 ","1O9K","X-ray","2.6","P/Q/R/S","409-426"
"E2F1","NP_005216.1","Q01094 ","2AZE","X-ray","2.55","B","200-301"
"E2F2","NP_004082.1","Q14209","1N4M","X-ray","2.2","C/D/E","410-427"
"E2F3","NP_001940.1","O00716","-","-","-","-","-"
"E2F4","NP_001941.2","Q16254","1CF7","X-ray","2.6","A","Nov-86"
"E2F5","NP_001077057.1","Q15329","-","-","-","-","-"
"E2F5","NP_001077058.1","Q15329","-","-","-","-","-"
"E2F5","NP_001942.2","Q15329","-","-","-","-","-"
"ECT2","NP_060568.3","Q9H8V3 ","3L46","X-ray","1.48","A/B","237-330"
"EDN1","NP_001946.3","P05305","1EDN","X-ray","2.18","A","53-73"
"EDN1","NP_001946.3","P05305","1EDP","NMR","-","A","53-69"
"EDN1","NP_001946.3","P05305","1T7H","X-ray","1.13","A/B","51-68"
"EDN1","NP_001946.3","P05305","1V6R","NMR","-","A","53-73"
"EDN2","NP_001947.1","P20800 ","-","-","-","-","-"
"EDN3","NP_996915.1","P14138 ","-","-","-","-","-"
"EDN3","NP_996916.1","P14138 ","-","-","-","-","-"
"EDN3","NP_996917.1","P14138 ","-","-","-","-","-"
"EDNRA","NP_001948.1","P25101","-","-","-","-","-"
"EFNA1","NP_004419.2","P20827","3CZU","X-ray","2.65","B","17-171"
"EFNA1","NP_004419.2","P20827","3HEI","X-ray","2","B/D/F/H/J/L/N/P","18-147"
"EFNA1","NP_004419.2","P20827","3MBW","X-ray","2.81","B","17-171"
"EFNA1","NP_872626.1","P20827","3CZU","X-ray","2.65","B","17-171"
"EFNA1","NP_872626.1","P20827","3HEI","X-ray","2","B/D/F/H/J/L/N/P","18-147"
"EFNA1","NP_872626.1","P20827","3MBW","X-ray","2.81","B","17-171"
"EGFR","NP_005219.2","P00533 ","1DNQ","model","-","A","25-336"
"EGFR","NP_005219.2","P00533 ","1DNR","model","-","A","337-645"
"EGFR","NP_005219.2","P00533 ","1IVO","X-ray","3.3","A/B","25-646"
"EGFR","NP_005219.2","P00533 ","1M14","X-ray","2.6","A","695-1022"
"EGFR","NP_005219.2","P00533 ","1M17","X-ray","2.6","A","695-1022"
"EGFR","NP_005219.2","P00533 ","1MOX","X-ray","2.5","A/B","25-525"
"EGFR","NP_005219.2","P00533 ","1NQL","X-ray","2.8","A","25-642"
"EGFR","NP_005219.2","P00533 ","1XKK","X-ray","2.4","A","695-1022"
"EGFR","NP_005219.2","P00533 ","1YY9","X-ray","2.6","A","25-642"
"EGFR","NP_005219.2","P00533 ","1Z9I","NMR","-","A","669-721"
"EGFR","NP_005219.2","P00533 ","2EB2","X-ray","2.5","A","695-1022"
"EGFR","NP_005219.2","P00533 ","2EB3","X-ray","2.84","A","695-1022"
"EGFR","NP_005219.2","P00533 ","2EXP","model","-","A","311-326"
"EGFR","NP_005219.2","P00533 ","2EXQ","model","-","A","27-536"
"EGFR","NP_005219.2","P00533 ","2GS2","X-ray","2.8","A","696-1022"
"EGFR","NP_005219.2","P00533 ","2GS6","X-ray","2.6","A","696-1022"
"EGFR","NP_005219.2","P00533 ","2GS7","X-ray","2.6","A/B","696-1022"
"EGFR","NP_005219.2","P00533 ","2ITN","X-ray","2.47","A","696-1019"
"EGFR","NP_005219.2","P00533 ","2ITO","X-ray","3.25","A","696-1022"
"EGFR","NP_005219.2","P00533 ","2ITP","X-ray","2.74","A","696-1022"
"EGFR","NP_005219.2","P00533 ","2ITQ","X-ray","2.68","A","696-1022"
"EGFR","NP_005219.2","P00533 ","2ITT","X-ray","2.73","A","696-1022"
"EGFR","NP_005219.2","P00533 ","2ITU","X-ray","2.8","A","696-1022"
"EGFR","NP_005219.2","P00533 ","2ITV","X-ray","2.47","A","696-1022"
"EGFR","NP_005219.2","P00533 ","2ITW","X-ray","2.88","A","696-1022"
"EGFR","NP_005219.2","P00533 ","2ITX","X-ray","2.98","A","696-1022"
"EGFR","NP_005219.2","P00533 ","2ITY","X-ray","3.42","A","696-1022"
"EGFR","NP_005219.2","P00533 ","2ITZ","X-ray","2.72","A","696-1022"
"EGFR","NP_005219.2","P00533 ","2J5E","X-ray","3.1","A","696-1022"
"EGFR","NP_005219.2","P00533 ","2J5F","X-ray","3","A","696-1022"
"EGFR","NP_005219.2","P00533 ","2J6M","X-ray","3.1","A","696-1022"
"EGFR","NP_005219.2","P00533 ","2JIT","X-ray","3.1","A/B","696-1022"
"EGFR","NP_005219.2","P00533 ","2JIU","X-ray","3.05","A/B","695-1022"
"EGFR","NP_005219.2","P00533 ","2JIV","X-ray","3.5","A/B","695-1022"
"EGFR","NP_005219.2","P00533 ","2RF9","X-ray","3.5","A/B","696-1022"
"EGFR","NP_005219.2","P00533 ","2RFD","X-ray","3.6","A/B","702-1022"
"EGFR","NP_005219.2","P00533 ","2RFE","X-ray","2.9","A/B/C/D","702-1022"
"EGFR","NP_005219.2","P00533 ","2RGP","X-ray","2","A","702-1016"
"EGFR","NP_005219.2","P00533 ","3B2U","X-ray","2.58","A/B/E/I/M/P/S/V","335-538"
"EGFR","NP_005219.2","P00533 ","3B2V","X-ray","3.3","A","25-642"
"EGFR","NP_005219.2","P00533 ","3BEL","X-ray","2.3","A","702-1016"
"EGFR","NP_005219.2","P00533 ","3BUO","X-ray","2.6","A/C","1063-1075"
"EGFR","NP_005219.2","P00533 ","3C09","X-ray","3.2","A/D","335-538"
"EGFR","NP_005219.2","P00533 ","3G5V","X-ray","2","C","311-326"
"EGFR","NP_005219.2","P00533 ","3G5Y","X-ray","1.59","E","311-326"
"EGFR","NP_005219.2","P00533 ","3GOP","X-ray","2.8","A","669-1022"
"EGFR","NP_005219.2","P00533 ","3GT8","X-ray","2.96","A/B/C/D","696-1022"
"EGFR","NP_005219.2","P00533 ","3IKA","X-ray","2.9","A/B","694-1022"
"EGFR","NP_958439.1","P00533 ","1DNQ","model","-","A","25-336"
"EGFR","NP_958439.1","P00533 ","1DNR","model","-","A","337-645"
"EGFR","NP_958439.1","P00533 ","1IVO","X-ray","3.3","A/B","25-646"
"EGFR","NP_958439.1","P00533 ","1M14","X-ray","2.6","A","695-1022"
"EGFR","NP_958439.1","P00533 ","1M17","X-ray","2.6","A","695-1022"
"EGFR","NP_958439.1","P00533 ","1MOX","X-ray","2.5","A/B","25-525"
"EGFR","NP_958439.1","P00533 ","1NQL","X-ray","2.8","A","25-642"
"EGFR","NP_958439.1","P00533 ","1XKK","X-ray","2.4","A","695-1022"
"EGFR","NP_958439.1","P00533 ","1YY9","X-ray","2.6","A","25-642"
"EGFR","NP_958439.1","P00533 ","1Z9I","NMR","-","A","669-721"
"EGFR","NP_958439.1","P00533 ","2EB2","X-ray","2.5","A","695-1022"
"EGFR","NP_958439.1","P00533 ","2EB3","X-ray","2.84","A","695-1022"
"EGFR","NP_958439.1","P00533 ","2EXP","model","-","A","311-326"
"EGFR","NP_958439.1","P00533 ","2EXQ","model","-","A","27-536"
"EGFR","NP_958439.1","P00533 ","2GS2","X-ray","2.8","A","696-1022"
"EGFR","NP_958439.1","P00533 ","2GS6","X-ray","2.6","A","696-1022"
"EGFR","NP_958439.1","P00533 ","2GS7","X-ray","2.6","A/B","696-1022"
"EGFR","NP_958439.1","P00533 ","2ITN","X-ray","2.47","A","696-1019"
"EGFR","NP_958439.1","P00533 ","2ITO","X-ray","3.25","A","696-1022"
"EGFR","NP_958439.1","P00533 ","2ITP","X-ray","2.74","A","696-1022"
"EGFR","NP_958439.1","P00533 ","2ITQ","X-ray","2.68","A","696-1022"
"EGFR","NP_958439.1","P00533 ","2ITT","X-ray","2.73","A","696-1022"
"EGFR","NP_958439.1","P00533 ","2ITU","X-ray","2.8","A","696-1022"
"EGFR","NP_958439.1","P00533 ","2ITV","X-ray","2.47","A","696-1022"
"EGFR","NP_958439.1","P00533 ","2ITW","X-ray","2.88","A","696-1022"
"EGFR","NP_958439.1","P00533 ","2ITX","X-ray","2.98","A","696-1022"
"EGFR","NP_958439.1","P00533 ","2ITY","X-ray","3.42","A","696-1022"
"EGFR","NP_958439.1","P00533 ","2ITZ","X-ray","2.72","A","696-1022"
"EGFR","NP_958439.1","P00533 ","2J5E","X-ray","3.1","A","696-1022"
"EGFR","NP_958439.1","P00533 ","2J5F","X-ray","3","A","696-1022"
"EGFR","NP_958439.1","P00533 ","2J6M","X-ray","3.1","A","696-1022"
"EGFR","NP_958439.1","P00533 ","2JIT","X-ray","3.1","A/B","696-1022"
"EGFR","NP_958439.1","P00533 ","2JIU","X-ray","3.05","A/B","695-1022"
"EGFR","NP_958439.1","P00533 ","2JIV","X-ray","3.5","A/B","695-1022"
"EGFR","NP_958439.1","P00533 ","2RF9","X-ray","3.5","A/B","696-1022"
"EGFR","NP_958439.1","P00533 ","2RFD","X-ray","3.6","A/B","702-1022"
"EGFR","NP_958439.1","P00533 ","2RFE","X-ray","2.9","A/B/C/D","702-1022"
"EGFR","NP_958439.1","P00533 ","2RGP","X-ray","2","A","702-1016"
"EGFR","NP_958439.1","P00533 ","3B2U","X-ray","2.58","A/B/E/I/M/P/S/V","335-538"
"EGFR","NP_958439.1","P00533 ","3B2V","X-ray","3.3","A","25-642"
"EGFR","NP_958439.1","P00533 ","3BEL","X-ray","2.3","A","702-1016"
"EGFR","NP_958439.1","P00533 ","3BUO","X-ray","2.6","A/C","1063-1075"
"EGFR","NP_958439.1","P00533 ","3C09","X-ray","3.2","A/D","335-538"
"EGFR","NP_958439.1","P00533 ","3G5V","X-ray","2","C","311-326"
"EGFR","NP_958439.1","P00533 ","3G5Y","X-ray","1.59","E","311-326"
"EGFR","NP_958439.1","P00533 ","3GOP","X-ray","2.8","A","669-1022"
"EGFR","NP_958439.1","P00533 ","3GT8","X-ray","2.96","A/B/C/D","696-1022"
"EGFR","NP_958439.1","P00533 ","3IKA","X-ray","2.9","A/B","694-1022"
"EGFR","NP_958440.1","P00533 ","1DNQ","model","-","A","25-336"
"EGFR","NP_958440.1","P00533 ","1DNR","model","-","A","337-645"
"EGFR","NP_958440.1","P00533 ","1IVO","X-ray","3.3","A/B","25-646"
"EGFR","NP_958440.1","P00533 ","1M14","X-ray","2.6","A","695-1022"
"EGFR","NP_958440.1","P00533 ","1M17","X-ray","2.6","A","695-1022"
"EGFR","NP_958440.1","P00533 ","1MOX","X-ray","2.5","A/B","25-525"
"EGFR","NP_958440.1","P00533 ","1NQL","X-ray","2.8","A","25-642"
"EGFR","NP_958440.1","P00533 ","1XKK","X-ray","2.4","A","695-1022"
"EGFR","NP_958440.1","P00533 ","1YY9","X-ray","2.6","A","25-642"
"EGFR","NP_958440.1","P00533 ","1Z9I","NMR","-","A","669-721"
"EGFR","NP_958440.1","P00533 ","2EB2","X-ray","2.5","A","695-1022"
"EGFR","NP_958440.1","P00533 ","2EB3","X-ray","2.84","A","695-1022"
"EGFR","NP_958440.1","P00533 ","2EXP","model","-","A","311-326"
"EGFR","NP_958440.1","P00533 ","2EXQ","model","-","A","27-536"
"EGFR","NP_958440.1","P00533 ","2GS2","X-ray","2.8","A","696-1022"
"EGFR","NP_958440.1","P00533 ","2GS6","X-ray","2.6","A","696-1022"
"EGFR","NP_958440.1","P00533 ","2GS7","X-ray","2.6","A/B","696-1022"
"EGFR","NP_958440.1","P00533 ","2ITN","X-ray","2.47","A","696-1019"
"EGFR","NP_958440.1","P00533 ","2ITO","X-ray","3.25","A","696-1022"
"EGFR","NP_958440.1","P00533 ","2ITP","X-ray","2.74","A","696-1022"
"EGFR","NP_958440.1","P00533 ","2ITQ","X-ray","2.68","A","696-1022"
"EGFR","NP_958440.1","P00533 ","2ITT","X-ray","2.73","A","696-1022"
"EGFR","NP_958440.1","P00533 ","2ITU","X-ray","2.8","A","696-1022"
"EGFR","NP_958440.1","P00533 ","2ITV","X-ray","2.47","A","696-1022"
"EGFR","NP_958440.1","P00533 ","2ITW","X-ray","2.88","A","696-1022"
"EGFR","NP_958440.1","P00533 ","2ITX","X-ray","2.98","A","696-1022"
"EGFR","NP_958440.1","P00533 ","2ITY","X-ray","3.42","A","696-1022"
"EGFR","NP_958440.1","P00533 ","2ITZ","X-ray","2.72","A","696-1022"
"EGFR","NP_958440.1","P00533 ","2J5E","X-ray","3.1","A","696-1022"
"EGFR","NP_958440.1","P00533 ","2J5F","X-ray","3","A","696-1022"
"EGFR","NP_958440.1","P00533 ","2J6M","X-ray","3.1","A","696-1022"
"EGFR","NP_958440.1","P00533 ","2JIT","X-ray","3.1","A/B","696-1022"
"EGFR","NP_958440.1","P00533 ","2JIU","X-ray","3.05","A/B","695-1022"
"EGFR","NP_958440.1","P00533 ","2JIV","X-ray","3.5","A/B","695-1022"
"EGFR","NP_958440.1","P00533 ","2RF9","X-ray","3.5","A/B","696-1022"
"EGFR","NP_958440.1","P00533 ","2RFD","X-ray","3.6","A/B","702-1022"
"EGFR","NP_958440.1","P00533 ","2RFE","X-ray","2.9","A/B/C/D","702-1022"
"EGFR","NP_958440.1","P00533 ","2RGP","X-ray","2","A","702-1016"
"EGFR","NP_958440.1","P00533 ","3B2U","X-ray","2.58","A/B/E/I/M/P/S/V","335-538"
"EGFR","NP_958440.1","P00533 ","3B2V","X-ray","3.3","A","25-642"
"EGFR","NP_958440.1","P00533 ","3BEL","X-ray","2.3","A","702-1016"
"EGFR","NP_958440.1","P00533 ","3BUO","X-ray","2.6","A/C","1063-1075"
"EGFR","NP_958440.1","P00533 ","3C09","X-ray","3.2","A/D","335-538"
"EGFR","NP_958440.1","P00533 ","3G5V","X-ray","2","C","311-326"
"EGFR","NP_958440.1","P00533 ","3G5Y","X-ray","1.59","E","311-326"
"EGFR","NP_958440.1","P00533 ","3GOP","X-ray","2.8","A","669-1022"
"EGFR","NP_958440.1","P00533 ","3GT8","X-ray","2.96","A/B/C/D","696-1022"
"EGFR","NP_958440.1","P00533 ","3IKA","X-ray","2.9","A/B","694-1022"
"EGFR","NP_958441.1","P00533 ","1DNQ","model","-","A","25-336"
"EGFR","NP_958441.1","P00533 ","1DNR","model","-","A","337-645"
"EGFR","NP_958441.1","P00533 ","1IVO","X-ray","3.3","A/B","25-646"
"EGFR","NP_958441.1","P00533 ","1M14","X-ray","2.6","A","695-1022"
"EGFR","NP_958441.1","P00533 ","1M17","X-ray","2.6","A","695-1022"
"EGFR","NP_958441.1","P00533 ","1MOX","X-ray","2.5","A/B","25-525"
"EGFR","NP_958441.1","P00533 ","1NQL","X-ray","2.8","A","25-642"
"EGFR","NP_958441.1","P00533 ","1XKK","X-ray","2.4","A","695-1022"
"EGFR","NP_958441.1","P00533 ","1YY9","X-ray","2.6","A","25-642"
"EGFR","NP_958441.1","P00533 ","1Z9I","NMR","-","A","669-721"
"EGFR","NP_958441.1","P00533 ","2EB2","X-ray","2.5","A","695-1022"
"EGFR","NP_958441.1","P00533 ","2EB3","X-ray","2.84","A","695-1022"
"EGFR","NP_958441.1","P00533 ","2EXP","model","-","A","311-326"
"EGFR","NP_958441.1","P00533 ","2EXQ","model","-","A","27-536"
"EGFR","NP_958441.1","P00533 ","2GS2","X-ray","2.8","A","696-1022"
"EGFR","NP_958441.1","P00533 ","2GS6","X-ray","2.6","A","696-1022"
"EGFR","NP_958441.1","P00533 ","2GS7","X-ray","2.6","A/B","696-1022"
"EGFR","NP_958441.1","P00533 ","2ITN","X-ray","2.47","A","696-1019"
"EGFR","NP_958441.1","P00533 ","2ITO","X-ray","3.25","A","696-1022"
"EGFR","NP_958441.1","P00533 ","2ITP","X-ray","2.74","A","696-1022"
"EGFR","NP_958441.1","P00533 ","2ITQ","X-ray","2.68","A","696-1022"
"EGFR","NP_958441.1","P00533 ","2ITT","X-ray","2.73","A","696-1022"
"EGFR","NP_958441.1","P00533 ","2ITU","X-ray","2.8","A","696-1022"
"EGFR","NP_958441.1","P00533 ","2ITV","X-ray","2.47","A","696-1022"
"EGFR","NP_958441.1","P00533 ","2ITW","X-ray","2.88","A","696-1022"
"EGFR","NP_958441.1","P00533 ","2ITX","X-ray","2.98","A","696-1022"
"EGFR","NP_958441.1","P00533 ","2ITY","X-ray","3.42","A","696-1022"
"EGFR","NP_958441.1","P00533 ","2ITZ","X-ray","2.72","A","696-1022"
"EGFR","NP_958441.1","P00533 ","2J5E","X-ray","3.1","A","696-1022"
"EGFR","NP_958441.1","P00533 ","2J5F","X-ray","3","A","696-1022"
"EGFR","NP_958441.1","P00533 ","2J6M","X-ray","3.1","A","696-1022"
"EGFR","NP_958441.1","P00533 ","2JIT","X-ray","3.1","A/B","696-1022"
"EGFR","NP_958441.1","P00533 ","2JIU","X-ray","3.05","A/B","695-1022"
"EGFR","NP_958441.1","P00533 ","2JIV","X-ray","3.5","A/B","695-1022"
"EGFR","NP_958441.1","P00533 ","2RF9","X-ray","3.5","A/B","696-1022"
"EGFR","NP_958441.1","P00533 ","2RFD","X-ray","3.6","A/B","702-1022"
"EGFR","NP_958441.1","P00533 ","2RFE","X-ray","2.9","A/B/C/D","702-1022"
"EGFR","NP_958441.1","P00533 ","2RGP","X-ray","2","A","702-1016"
"EGFR","NP_958441.1","P00533 ","3B2U","X-ray","2.58","A/B/E/I/M/P/S/V","335-538"
"EGFR","NP_958441.1","P00533 ","3B2V","X-ray","3.3","A","25-642"
"EGFR","NP_958441.1","P00533 ","3BEL","X-ray","2.3","A","702-1016"
"EGFR","NP_958441.1","P00533 ","3BUO","X-ray","2.6","A/C","1063-1075"
"EGFR","NP_958441.1","P00533 ","3C09","X-ray","3.2","A/D","335-538"
"EGFR","NP_958441.1","P00533 ","3G5V","X-ray","2","C","311-326"
"EGFR","NP_958441.1","P00533 ","3G5Y","X-ray","1.59","E","311-326"
"EGFR","NP_958441.1","P00533 ","3GOP","X-ray","2.8","A","669-1022"
"EGFR","NP_958441.1","P00533 ","3GT8","X-ray","2.96","A/B/C/D","696-1022"
"EGFR","NP_958441.1","P00533 ","3IKA","X-ray","2.9","A/B","694-1022"
"EMP1","NP_001414.1","P54849 ","-","-","-","-","-"
"ENDOU","NP_006016.1","P21128","-","-","-","-","-"
"ENG","NP_000109.1","P17813","-","-","-","-","-"
"ENG","NP_001108225.1","P17813","-","-","-","-","-"
"EPB41L3","NP_036439.2","Q9Y2J2 ","2HE7","X-ray","2","A","108-390"
"EPB41L3","NP_036439.2","Q9Y2J2 ","3BIN","X-ray","2.3","A","109-390"
"EPB41L4B ","NP_060894.2","Q9H329","-","-","-","-","-"
"EPB41L4B ","NP_061987.3","Q9H329","-","-","-","-","-"
"EPCAM","NP_002345.2","P16422","-","-","-","-","-"
"EPS8","NP_004438.3","Q12929","2E8M","NMR","-","A","699-784"
"ERBB2","NP_001005862.1","P04626","1MFG","X-ray","1.25","B","1247-1255"
"ERBB2","NP_001005862.1","P04626","1MFL","X-ray","1.88","B","1247-1255"
"ERBB2","NP_001005862.1","P04626","1MW4","NMR","-","B","1135-1144"
"ERBB2","NP_001005862.1","P04626","1N8Z","X-ray","2.52","C","23-629"
"ERBB2","NP_001005862.1","P04626","1OVC","model","-","A","737-1031"
"ERBB2","NP_001005862.1","P04626","1QR1","X-ray","2.4","C/F","654-662"
"ERBB2","NP_001005862.1","P04626","1S78","X-ray","3.25","A/B","23-646"
"ERBB2","NP_001005862.1","P04626","2A91","X-ray","2.5","A","22-530"
"ERBB2","NP_001005862.1","P04626","2JWA","NMR","-","A/B","641-684"
"ERBB2","NP_001005862.1","P04626","3BE1","X-ray","2.9","A","23-646"
"ERBB2","NP_001005862.1","P04626","3H3B","X-ray","2.45","A/B","22-214"
"ERBB2","NP_004439.2","P04626","1MFG","X-ray","1.25","B","1247-1255"
"ERBB2","NP_004439.2","P04626","1MFL","X-ray","1.88","B","1247-1255"
"ERBB2","NP_004439.2","P04626","1MW4","NMR","-","B","1135-1144"
"ERBB2","NP_004439.2","P04626","1N8Z","X-ray","2.52","C","23-629"
"ERBB2","NP_004439.2","P04626","1OVC","model","-","A","737-1031"
"ERBB2","NP_004439.2","P04626","1QR1","X-ray","2.4","C/F","654-662"
"ERBB2","NP_004439.2","P04626","1S78","X-ray","3.25","A/B","23-646"
"ERBB2","NP_004439.2","P04626","2A91","X-ray","2.5","A","22-530"
"ERBB2","NP_004439.2","P04626","2JWA","NMR","-","A/B","641-684"
"ERBB2","NP_004439.2","P04626","3BE1","X-ray","2.9","A","23-646"
"ERBB2","NP_004439.2","P04626","3H3B","X-ray","2.45","A/B","22-214"
"ERBB4","NP_001036064.1","Q15303 ","2AHX","X-ray","2.4","A/B","26-641"
"ERBB4","NP_001036064.1","Q15303 ","2R4B","X-ray","2.4","A/B","690-999"
"ERBB4","NP_001036064.1","Q15303 ","3BBT","X-ray","2.8","B/D","702-1029"
"ERBB4","NP_001036064.1","Q15303 ","3BBW","X-ray","4","A/B","702-1029"
"ERBB4","NP_001036064.1","Q15303 ","3BCE","X-ray","2.5","A/B/C","702-1029"
"ERBB4","NP_005226.1","Q15303 ","2AHX","X-ray","2.4","A/B","26-641"
"ERBB4","NP_005226.1","Q15303 ","2R4B","X-ray","2.4","A/B","690-999"
"ERBB4","NP_005226.1","Q15303 ","3BBT","X-ray","2.8","B/D","702-1029"
"ERBB4","NP_005226.1","Q15303 ","3BBW","X-ray","4","A/B","702-1029"
"ERBB4","NP_005226.1","Q15303 ","3BCE","X-ray","2.5","A/B/C","702-1029"
"EREG","NP_001423.1","O14944 ","1K36","NMR","-","A","63-108"
"EREG","NP_001423.1","O14944 ","1K37","NMR","-","A","63-108"
"ESR1","NP_000116.2","P03372 ","1A52","X-ray","2.8","A/B","297-554"
"ESR1","NP_000116.2","P03372 ","1AKF","model","-","A","309-547"
"ESR1","NP_000116.2","P03372 ","1ERE","X-ray","3.1","A/B/C/D/E/F","301-553"
"ESR1","NP_000116.2","P03372 ","1ERR","X-ray","2.6","A/B","301-553"
"ESR1","NP_000116.2","P03372 ","1G50","X-ray","2.9","A/B/C","304-550"
"ESR1","NP_000116.2","P03372 ","1GWQ","X-ray","2.45","A/B","301-548"
"ESR1","NP_000116.2","P03372 ","1GWR","X-ray","2.4","A/B","305-549"
"ESR1","NP_000116.2","P03372 ","1HCP","NMR","-","A","180-254"
"ESR1","NP_000116.2","P03372 ","1HCQ","X-ray","2.4","A/B/E/F","180-262"
"ESR1","NP_000116.2","P03372 ","1L2I","X-ray","1.95","A/B","297-554"
"ESR1","NP_000116.2","P03372 ","1PCG","X-ray","2.7","A/B","304-547"
"ESR1","NP_000116.2","P03372 ","1QKT","X-ray","2.2","A","304-551"
"ESR1","NP_000116.2","P03372 ","1QKU","X-ray","3.2","A/B/C","301-550"
"ESR1","NP_000116.2","P03372 ","1R5K","X-ray","2.7","A/B/C","297-554"
"ESR1","NP_000116.2","P03372 ","1SJ0","X-ray","1.9","A","307-554"
"ESR1","NP_000116.2","P03372 ","1UOM","X-ray","2.28","A","301-553"
"ESR1","NP_000116.2","P03372 ","1X7E","X-ray","2.8","A/B","305-549"
"ESR1","NP_000116.2","P03372 ","1X7R","X-ray","2","A","305-549"
"ESR1","NP_000116.2","P03372 ","1XP1","X-ray","1.8","A","307-554"
"ESR1","NP_000116.2","P03372 ","1XP6","X-ray","1.7","A","307-554"
"ESR1","NP_000116.2","P03372 ","1XP9","X-ray","1.8","A","307-554"
"ESR1","NP_000116.2","P03372 ","1XPC","X-ray","1.6","A","307-554"
"ESR1","NP_000116.2","P03372 ","1XQC","X-ray","2.05","A/B/C/D","301-553"
"ESR1","NP_000116.2","P03372 ","1YIM","X-ray","1.9","A","307-554"
"ESR1","NP_000116.2","P03372 ","1YIN","X-ray","2.2","A","307-554"
"ESR1","NP_000116.2","P03372 ","1ZKY","X-ray","2.25","A/B","298-554"
"ESR1","NP_000116.2","P03372 ","2AYR","X-ray","1.9","A","304-551"
"ESR1","NP_000116.2","P03372 ","2B1V","X-ray","1.8","A/B","298-554"
"ESR1","NP_000116.2","P03372 ","2B1Z","X-ray","1.78","A/B","298-554"
"ESR1","NP_000116.2","P03372 ","2B23","X-ray","2.1","A/B","298-554"
"ESR1","NP_000116.2","P03372 ","2BJ4","X-ray","2","A/B","304-533"
"ESR1","NP_000116.2","P03372 ","2FAI","X-ray","2.1","A/B","298-554"
"ESR1","NP_000116.2","P03372 ","2G44","X-ray","2.65","A/B","298-554"
"ESR1","NP_000116.2","P03372 ","2G5O","X-ray","2.3","A/B","298-554"
"ESR1","NP_000116.2","P03372 ","2I0J","X-ray","2.9","A/B/C/D","304-547"
"ESR1","NP_000116.2","P03372 ","2IOG","X-ray","1.6","A","309-554"
"ESR1","NP_000116.2","P03372 ","2IOK","X-ray","2.4","A/B","301-554"
"ESR1","NP_000116.2","P03372 ","2JF9","X-ray","2.1","A/B/C","304-533"
"ESR1","NP_000116.2","P03372 ","2JFA","X-ray","2.55","A/B","304-533"
"ESR1","NP_000116.2","P03372 ","2OCF","X-ray","2.95","A","298-595"
"ESR1","NP_000116.2","P03372 ","2OUZ","X-ray","2","A","301-553"
"ESR1","NP_000116.2","P03372 ","2P15","X-ray","1.94","A/B","298-554"
"ESR1","NP_000116.2","P03372 ","2POG","X-ray","1.84","A/B","304-551"
"ESR1","NP_000116.2","P03372 ","2Q6J","X-ray","2.7","A/B","298-554"
"ESR1","NP_000116.2","P03372 ","2Q70","X-ray","1.95","A/B","304-551"
"ESR1","NP_000116.2","P03372 ","2QA6","X-ray","2.6","A/B","298-554"
"ESR1","NP_000116.2","P03372 ","2QA8","X-ray","1.85","A/B","298-554"
"ESR1","NP_000116.2","P03372 ","2QAB","X-ray","1.89","A/B","298-554"
"ESR1","NP_000116.2","P03372 ","2QE4","X-ray","2.4","A/B","304-551"
"ESR1","NP_000116.2","P03372 ","2QGT","X-ray","2.15","A/B","298-554"
"ESR1","NP_000116.2","P03372 ","2QGW","X-ray","2.39","A/B","298-554"
"ESR1","NP_000116.2","P03372 ","2QH6","X-ray","2.7","A/B","298-554"
"ESR1","NP_000116.2","P03372 ","2QR9","X-ray","2","A/B","298-554"
"ESR1","NP_000116.2","P03372 ","2QSE","X-ray","1.85","A/B","298-554"
"ESR1","NP_000116.2","P03372 ","2QXM","X-ray","2.3","A/B","298-554"
"ESR1","NP_000116.2","P03372 ","2QXS","X-ray","1.7","A/B","298-554"
"ESR1","NP_000116.2","P03372 ","2QZO","X-ray","1.72","A/B","298-554"
"ESR1","NP_000116.2","P03372 ","2R6W","X-ray","2","A/B","304-551"
"ESR1","NP_000116.2","P03372 ","2R6Y","X-ray","2","A/B","304-551"
"ESR1","NP_000116.2","P03372 ","3CBM","X-ray","1.69","B","298-307"
"ESR1","NP_000116.2","P03372 ","3CBO","X-ray","1.65","B","298-307"
"ESR1","NP_000116.2","P03372 ","3CBP","X-ray","1.42","B","298-307"
"ESR1","NP_000116.2","P03372 ","3DT3","X-ray","2.4","A/B","299-551"
"ESR1","NP_000116.2","P03372 ","3ERD","X-ray","2.03","A/B","297-554"
"ESR1","NP_000116.2","P03372 ","3ERT","X-ray","1.9","A","297-554"
"ESR1","NP_000116.2","P03372 ","3HLV","X-ray","3","A/B","298-550"
"ESR1","NP_000116.2","P03372 ","3HM1","X-ray","2.23","A/B","298-550"
"ESR1","NP_001116212.1","P03372 ","1A52","X-ray","2.8","A/B","297-554"
"ESR1","NP_001116212.1","P03372 ","1AKF","model","-","A","309-547"
"ESR1","NP_001116212.1","P03372 ","1ERE","X-ray","3.1","A/B/C/D/E/F","301-553"
"ESR1","NP_001116212.1","P03372 ","1ERR","X-ray","2.6","A/B","301-553"
"ESR1","NP_001116212.1","P03372 ","1G50","X-ray","2.9","A/B/C","304-550"
"ESR1","NP_001116212.1","P03372 ","1GWQ","X-ray","2.45","A/B","301-548"
"ESR1","NP_001116212.1","P03372 ","1GWR","X-ray","2.4","A/B","305-549"
"ESR1","NP_001116212.1","P03372 ","1HCP","NMR","-","A","180-254"
"ESR1","NP_001116212.1","P03372 ","1HCQ","X-ray","2.4","A/B/E/F","180-262"
"ESR1","NP_001116212.1","P03372 ","1L2I","X-ray","1.95","A/B","297-554"
"ESR1","NP_001116212.1","P03372 ","1PCG","X-ray","2.7","A/B","304-547"
"ESR1","NP_001116212.1","P03372 ","1QKT","X-ray","2.2","A","304-551"
"ESR1","NP_001116212.1","P03372 ","1QKU","X-ray","3.2","A/B/C","301-550"
"ESR1","NP_001116212.1","P03372 ","1R5K","X-ray","2.7","A/B/C","297-554"
"ESR1","NP_001116212.1","P03372 ","1SJ0","X-ray","1.9","A","307-554"
"ESR1","NP_001116212.1","P03372 ","1UOM","X-ray","2.28","A","301-553"
"ESR1","NP_001116212.1","P03372 ","1X7E","X-ray","2.8","A/B","305-549"
"ESR1","NP_001116212.1","P03372 ","1X7R","X-ray","2","A","305-549"
"ESR1","NP_001116212.1","P03372 ","1XP1","X-ray","1.8","A","307-554"
"ESR1","NP_001116212.1","P03372 ","1XP6","X-ray","1.7","A","307-554"
"ESR1","NP_001116212.1","P03372 ","1XP9","X-ray","1.8","A","307-554"
"ESR1","NP_001116212.1","P03372 ","1XPC","X-ray","1.6","A","307-554"
"ESR1","NP_001116212.1","P03372 ","1XQC","X-ray","2.05","A/B/C/D","301-553"
"ESR1","NP_001116212.1","P03372 ","1YIM","X-ray","1.9","A","307-554"
"ESR1","NP_001116212.1","P03372 ","1YIN","X-ray","2.2","A","307-554"
"ESR1","NP_001116212.1","P03372 ","1ZKY","X-ray","2.25","A/B","298-554"
"ESR1","NP_001116212.1","P03372 ","2AYR","X-ray","1.9","A","304-551"
"ESR1","NP_001116212.1","P03372 ","2B1V","X-ray","1.8","A/B","298-554"
"ESR1","NP_001116212.1","P03372 ","2B1Z","X-ray","1.78","A/B","298-554"
"ESR1","NP_001116212.1","P03372 ","2B23","X-ray","2.1","A/B","298-554"
"ESR1","NP_001116212.1","P03372 ","2BJ4","X-ray","2","A/B","304-533"
"ESR1","NP_001116212.1","P03372 ","2FAI","X-ray","2.1","A/B","298-554"
"ESR1","NP_001116212.1","P03372 ","2G44","X-ray","2.65","A/B","298-554"
"ESR1","NP_001116212.1","P03372 ","2G5O","X-ray","2.3","A/B","298-554"
"ESR1","NP_001116212.1","P03372 ","2I0J","X-ray","2.9","A/B/C/D","304-547"
"ESR1","NP_001116212.1","P03372 ","2IOG","X-ray","1.6","A","309-554"
"ESR1","NP_001116212.1","P03372 ","2IOK","X-ray","2.4","A/B","301-554"
"ESR1","NP_001116212.1","P03372 ","2JF9","X-ray","2.1","A/B/C","304-533"
"ESR1","NP_001116212.1","P03372 ","2JFA","X-ray","2.55","A/B","304-533"
"ESR1","NP_001116212.1","P03372 ","2OCF","X-ray","2.95","A","298-595"
"ESR1","NP_001116212.1","P03372 ","2OUZ","X-ray","2","A","301-553"
"ESR1","NP_001116212.1","P03372 ","2P15","X-ray","1.94","A/B","298-554"
"ESR1","NP_001116212.1","P03372 ","2POG","X-ray","1.84","A/B","304-551"
"ESR1","NP_001116212.1","P03372 ","2Q6J","X-ray","2.7","A/B","298-554"
"ESR1","NP_001116212.1","P03372 ","2Q70","X-ray","1.95","A/B","304-551"
"ESR1","NP_001116212.1","P03372 ","2QA6","X-ray","2.6","A/B","298-554"
"ESR1","NP_001116212.1","P03372 ","2QA8","X-ray","1.85","A/B","298-554"
"ESR1","NP_001116212.1","P03372 ","2QAB","X-ray","1.89","A/B","298-554"
"ESR1","NP_001116212.1","P03372 ","2QE4","X-ray","2.4","A/B","304-551"
"ESR1","NP_001116212.1","P03372 ","2QGT","X-ray","2.15","A/B","298-554"
"ESR1","NP_001116212.1","P03372 ","2QGW","X-ray","2.39","A/B","298-554"
"ESR1","NP_001116212.1","P03372 ","2QH6","X-ray","2.7","A/B","298-554"
"ESR1","NP_001116212.1","P03372 ","2QR9","X-ray","2","A/B","298-554"
"ESR1","NP_001116212.1","P03372 ","2QSE","X-ray","1.85","A/B","298-554"
"ESR1","NP_001116212.1","P03372 ","2QXM","X-ray","2.3","A/B","298-554"
"ESR1","NP_001116212.1","P03372 ","2QXS","X-ray","1.7","A/B","298-554"
"ESR1","NP_001116212.1","P03372 ","2QZO","X-ray","1.72","A/B","298-554"
"ESR1","NP_001116212.1","P03372 ","2R6W","X-ray","2","A/B","304-551"
"ESR1","NP_001116212.1","P03372 ","2R6Y","X-ray","2","A/B","304-551"
"ESR1","NP_001116212.1","P03372 ","3CBM","X-ray","1.69","B","298-307"
"ESR1","NP_001116212.1","P03372 ","3CBO","X-ray","1.65","B","298-307"
"ESR1","NP_001116212.1","P03372 ","3CBP","X-ray","1.42","B","298-307"
"ESR1","NP_001116212.1","P03372 ","3DT3","X-ray","2.4","A/B","299-551"
"ESR1","NP_001116212.1","P03372 ","3ERD","X-ray","2.03","A/B","297-554"
"ESR1","NP_001116212.1","P03372 ","3ERT","X-ray","1.9","A","297-554"
"ESR1","NP_001116212.1","P03372 ","3HLV","X-ray","3","A/B","298-550"
"ESR1","NP_001116212.1","P03372 ","3HM1","X-ray","2.23","A/B","298-550"
"ESR1","NP_001116213.1","P03372 ","1A52","X-ray","2.8","A/B","297-554"
"ESR1","NP_001116213.1","P03372 ","1AKF","model","-","A","309-547"
"ESR1","NP_001116213.1","P03372 ","1ERE","X-ray","3.1","A/B/C/D/E/F","301-553"
"ESR1","NP_001116213.1","P03372 ","1ERR","X-ray","2.6","A/B","301-553"
"ESR1","NP_001116213.1","P03372 ","1G50","X-ray","2.9","A/B/C","304-550"
"ESR1","NP_001116213.1","P03372 ","1GWQ","X-ray","2.45","A/B","301-548"
"ESR1","NP_001116213.1","P03372 ","1GWR","X-ray","2.4","A/B","305-549"
"ESR1","NP_001116213.1","P03372 ","1HCP","NMR","-","A","180-254"
"ESR1","NP_001116213.1","P03372 ","1HCQ","X-ray","2.4","A/B/E/F","180-262"
"ESR1","NP_001116213.1","P03372 ","1L2I","X-ray","1.95","A/B","297-554"
"ESR1","NP_001116213.1","P03372 ","1PCG","X-ray","2.7","A/B","304-547"
"ESR1","NP_001116213.1","P03372 ","1QKT","X-ray","2.2","A","304-551"
"ESR1","NP_001116213.1","P03372 ","1QKU","X-ray","3.2","A/B/C","301-550"
"ESR1","NP_001116213.1","P03372 ","1R5K","X-ray","2.7","A/B/C","297-554"
"ESR1","NP_001116213.1","P03372 ","1SJ0","X-ray","1.9","A","307-554"
"ESR1","NP_001116213.1","P03372 ","1UOM","X-ray","2.28","A","301-553"
"ESR1","NP_001116213.1","P03372 ","1X7E","X-ray","2.8","A/B","305-549"
"ESR1","NP_001116213.1","P03372 ","1X7R","X-ray","2","A","305-549"
"ESR1","NP_001116213.1","P03372 ","1XP1","X-ray","1.8","A","307-554"
"ESR1","NP_001116213.1","P03372 ","1XP6","X-ray","1.7","A","307-554"
"ESR1","NP_001116213.1","P03372 ","1XP9","X-ray","1.8","A","307-554"
"ESR1","NP_001116213.1","P03372 ","1XPC","X-ray","1.6","A","307-554"
"ESR1","NP_001116213.1","P03372 ","1XQC","X-ray","2.05","A/B/C/D","301-553"
"ESR1","NP_001116213.1","P03372 ","1YIM","X-ray","1.9","A","307-554"
"ESR1","NP_001116213.1","P03372 ","1YIN","X-ray","2.2","A","307-554"
"ESR1","NP_001116213.1","P03372 ","1ZKY","X-ray","2.25","A/B","298-554"
"ESR1","NP_001116213.1","P03372 ","2AYR","X-ray","1.9","A","304-551"
"ESR1","NP_001116213.1","P03372 ","2B1V","X-ray","1.8","A/B","298-554"
"ESR1","NP_001116213.1","P03372 ","2B1Z","X-ray","1.78","A/B","298-554"
"ESR1","NP_001116213.1","P03372 ","2B23","X-ray","2.1","A/B","298-554"
"ESR1","NP_001116213.1","P03372 ","2BJ4","X-ray","2","A/B","304-533"
"ESR1","NP_001116213.1","P03372 ","2FAI","X-ray","2.1","A/B","298-554"
"ESR1","NP_001116213.1","P03372 ","2G44","X-ray","2.65","A/B","298-554"
"ESR1","NP_001116213.1","P03372 ","2G5O","X-ray","2.3","A/B","298-554"
"ESR1","NP_001116213.1","P03372 ","2I0J","X-ray","2.9","A/B/C/D","304-547"
"ESR1","NP_001116213.1","P03372 ","2IOG","X-ray","1.6","A","309-554"
"ESR1","NP_001116213.1","P03372 ","2IOK","X-ray","2.4","A/B","301-554"
"ESR1","NP_001116213.1","P03372 ","2JF9","X-ray","2.1","A/B/C","304-533"
"ESR1","NP_001116213.1","P03372 ","2JFA","X-ray","2.55","A/B","304-533"
"ESR1","NP_001116213.1","P03372 ","2OCF","X-ray","2.95","A","298-595"
"ESR1","NP_001116213.1","P03372 ","2OUZ","X-ray","2","A","301-553"
"ESR1","NP_001116213.1","P03372 ","2P15","X-ray","1.94","A/B","298-554"
"ESR1","NP_001116213.1","P03372 ","2POG","X-ray","1.84","A/B","304-551"
"ESR1","NP_001116213.1","P03372 ","2Q6J","X-ray","2.7","A/B","298-554"
"ESR1","NP_001116213.1","P03372 ","2Q70","X-ray","1.95","A/B","304-551"
"ESR1","NP_001116213.1","P03372 ","2QA6","X-ray","2.6","A/B","298-554"
"ESR1","NP_001116213.1","P03372 ","2QA8","X-ray","1.85","A/B","298-554"
"ESR1","NP_001116213.1","P03372 ","2QAB","X-ray","1.89","A/B","298-554"
"ESR1","NP_001116213.1","P03372 ","2QE4","X-ray","2.4","A/B","304-551"
"ESR1","NP_001116213.1","P03372 ","2QGT","X-ray","2.15","A/B","298-554"
"ESR1","NP_001116213.1","P03372 ","2QGW","X-ray","2.39","A/B","298-554"
"ESR1","NP_001116213.1","P03372 ","2QH6","X-ray","2.7","A/B","298-554"
"ESR1","NP_001116213.1","P03372 ","2QR9","X-ray","2","A/B","298-554"
"ESR1","NP_001116213.1","P03372 ","2QSE","X-ray","1.85","A/B","298-554"
"ESR1","NP_001116213.1","P03372 ","2QXM","X-ray","2.3","A/B","298-554"
"ESR1","NP_001116213.1","P03372 ","2QXS","X-ray","1.7","A/B","298-554"
"ESR1","NP_001116213.1","P03372 ","2QZO","X-ray","1.72","A/B","298-554"
"ESR1","NP_001116213.1","P03372 ","2R6W","X-ray","2","A/B","304-551"
"ESR1","NP_001116213.1","P03372 ","2R6Y","X-ray","2","A/B","304-551"
"ESR1","NP_001116213.1","P03372 ","3CBM","X-ray","1.69","B","298-307"
"ESR1","NP_001116213.1","P03372 ","3CBO","X-ray","1.65","B","298-307"
"ESR1","NP_001116213.1","P03372 ","3CBP","X-ray","1.42","B","298-307"
"ESR1","NP_001116213.1","P03372 ","3DT3","X-ray","2.4","A/B","299-551"
"ESR1","NP_001116213.1","P03372 ","3ERD","X-ray","2.03","A/B","297-554"
"ESR1","NP_001116213.1","P03372 ","3ERT","X-ray","1.9","A","297-554"
"ESR1","NP_001116213.1","P03372 ","3HLV","X-ray","3","A/B","298-550"
"ESR1","NP_001116213.1","P03372 ","3HM1","X-ray","2.23","A/B","298-550"
"ESR1","NP_001116214.1","P03372 ","1A52","X-ray","2.8","A/B","297-554"
"ESR1","NP_001116214.1","P03372 ","1AKF","model","-","A","309-547"
"ESR1","NP_001116214.1","P03372 ","1ERE","X-ray","3.1","A/B/C/D/E/F","301-553"
"ESR1","NP_001116214.1","P03372 ","1ERR","X-ray","2.6","A/B","301-553"
"ESR1","NP_001116214.1","P03372 ","1G50","X-ray","2.9","A/B/C","304-550"
"ESR1","NP_001116214.1","P03372 ","1GWQ","X-ray","2.45","A/B","301-548"
"ESR1","NP_001116214.1","P03372 ","1GWR","X-ray","2.4","A/B","305-549"
"ESR1","NP_001116214.1","P03372 ","1HCP","NMR","-","A","180-254"
"ESR1","NP_001116214.1","P03372 ","1HCQ","X-ray","2.4","A/B/E/F","180-262"
"ESR1","NP_001116214.1","P03372 ","1L2I","X-ray","1.95","A/B","297-554"
"ESR1","NP_001116214.1","P03372 ","1PCG","X-ray","2.7","A/B","304-547"
"ESR1","NP_001116214.1","P03372 ","1QKT","X-ray","2.2","A","304-551"
"ESR1","NP_001116214.1","P03372 ","1QKU","X-ray","3.2","A/B/C","301-550"
"ESR1","NP_001116214.1","P03372 ","1R5K","X-ray","2.7","A/B/C","297-554"
"ESR1","NP_001116214.1","P03372 ","1SJ0","X-ray","1.9","A","307-554"
"ESR1","NP_001116214.1","P03372 ","1UOM","X-ray","2.28","A","301-553"
"ESR1","NP_001116214.1","P03372 ","1X7E","X-ray","2.8","A/B","305-549"
"ESR1","NP_001116214.1","P03372 ","1X7R","X-ray","2","A","305-549"
"ESR1","NP_001116214.1","P03372 ","1XP1","X-ray","1.8","A","307-554"
"ESR1","NP_001116214.1","P03372 ","1XP6","X-ray","1.7","A","307-554"
"ESR1","NP_001116214.1","P03372 ","1XP9","X-ray","1.8","A","307-554"
"ESR1","NP_001116214.1","P03372 ","1XPC","X-ray","1.6","A","307-554"
"ESR1","NP_001116214.1","P03372 ","1XQC","X-ray","2.05","A/B/C/D","301-553"
"ESR1","NP_001116214.1","P03372 ","1YIM","X-ray","1.9","A","307-554"
"ESR1","NP_001116214.1","P03372 ","1YIN","X-ray","2.2","A","307-554"
"ESR1","NP_001116214.1","P03372 ","1ZKY","X-ray","2.25","A/B","298-554"
"ESR1","NP_001116214.1","P03372 ","2AYR","X-ray","1.9","A","304-551"
"ESR1","NP_001116214.1","P03372 ","2B1V","X-ray","1.8","A/B","298-554"
"ESR1","NP_001116214.1","P03372 ","2B1Z","X-ray","1.78","A/B","298-554"
"ESR1","NP_001116214.1","P03372 ","2B23","X-ray","2.1","A/B","298-554"
"ESR1","NP_001116214.1","P03372 ","2BJ4","X-ray","2","A/B","304-533"
"ESR1","NP_001116214.1","P03372 ","2FAI","X-ray","2.1","A/B","298-554"
"ESR1","NP_001116214.1","P03372 ","2G44","X-ray","2.65","A/B","298-554"
"ESR1","NP_001116214.1","P03372 ","2G5O","X-ray","2.3","A/B","298-554"
"ESR1","NP_001116214.1","P03372 ","2I0J","X-ray","2.9","A/B/C/D","304-547"
"ESR1","NP_001116214.1","P03372 ","2IOG","X-ray","1.6","A","309-554"
"ESR1","NP_001116214.1","P03372 ","2IOK","X-ray","2.4","A/B","301-554"
"ESR1","NP_001116214.1","P03372 ","2JF9","X-ray","2.1","A/B/C","304-533"
"ESR1","NP_001116214.1","P03372 ","2JFA","X-ray","2.55","A/B","304-533"
"ESR1","NP_001116214.1","P03372 ","2OCF","X-ray","2.95","A","298-595"
"ESR1","NP_001116214.1","P03372 ","2OUZ","X-ray","2","A","301-553"
"ESR1","NP_001116214.1","P03372 ","2P15","X-ray","1.94","A/B","298-554"
"ESR1","NP_001116214.1","P03372 ","2POG","X-ray","1.84","A/B","304-551"
"ESR1","NP_001116214.1","P03372 ","2Q6J","X-ray","2.7","A/B","298-554"
"ESR1","NP_001116214.1","P03372 ","2Q70","X-ray","1.95","A/B","304-551"
"ESR1","NP_001116214.1","P03372 ","2QA6","X-ray","2.6","A/B","298-554"
"ESR1","NP_001116214.1","P03372 ","2QA8","X-ray","1.85","A/B","298-554"
"ESR1","NP_001116214.1","P03372 ","2QAB","X-ray","1.89","A/B","298-554"
"ESR1","NP_001116214.1","P03372 ","2QE4","X-ray","2.4","A/B","304-551"
"ESR1","NP_001116214.1","P03372 ","2QGT","X-ray","2.15","A/B","298-554"
"ESR1","NP_001116214.1","P03372 ","2QGW","X-ray","2.39","A/B","298-554"
"ESR1","NP_001116214.1","P03372 ","2QH6","X-ray","2.7","A/B","298-554"
"ESR1","NP_001116214.1","P03372 ","2QR9","X-ray","2","A/B","298-554"
"ESR1","NP_001116214.1","P03372 ","2QSE","X-ray","1.85","A/B","298-554"
"ESR1","NP_001116214.1","P03372 ","2QXM","X-ray","2.3","A/B","298-554"
"ESR1","NP_001116214.1","P03372 ","2QXS","X-ray","1.7","A/B","298-554"
"ESR1","NP_001116214.1","P03372 ","2QZO","X-ray","1.72","A/B","298-554"
"ESR1","NP_001116214.1","P03372 ","2R6W","X-ray","2","A/B","304-551"
"ESR1","NP_001116214.1","P03372 ","2R6Y","X-ray","2","A/B","304-551"
"ESR1","NP_001116214.1","P03372 ","3CBM","X-ray","1.69","B","298-307"
"ESR1","NP_001116214.1","P03372 ","3CBO","X-ray","1.65","B","298-307"
"ESR1","NP_001116214.1","P03372 ","3CBP","X-ray","1.42","B","298-307"
"ESR1","NP_001116214.1","P03372 ","3DT3","X-ray","2.4","A/B","299-551"
"ESR1","NP_001116214.1","P03372 ","3ERD","X-ray","2.03","A/B","297-554"
"ESR1","NP_001116214.1","P03372 ","3ERT","X-ray","1.9","A","297-554"
"ESR1","NP_001116214.1","P03372 ","3HLV","X-ray","3","A/B","298-550"
"ESR1","NP_001116214.1","P03372 ","3HM1","X-ray","2.23","A/B","298-550"
"ESR2","NP_001035365.1","Q92731 ","1L2J","X-ray","2.95","A/B","256-505"
"ESR2","NP_001035365.1","Q92731 ","1NDE","X-ray","3","A","256-501"
"ESR2","NP_001035365.1","Q92731 ","1QKM","X-ray","1.8","A","255-509"
"ESR2","NP_001035365.1","Q92731 ","1U3Q","X-ray","2.4","A/B/C/D","261-500"
"ESR2","NP_001035365.1","Q92731 ","1U3R","X-ray","2.21","A/B","261-501"
"ESR2","NP_001035365.1","Q92731 ","1U3S","X-ray","2.5","A/B","261-500"
"ESR2","NP_001035365.1","Q92731 ","1U9E","X-ray","2.4","A/B","261-501"
"ESR2","NP_001035365.1","Q92731 ","1X76","X-ray","2.2","A/B","261-500"
"ESR2","NP_001035365.1","Q92731 ","1X78","X-ray","2.3","A/B","261-500"
"ESR2","NP_001035365.1","Q92731 ","1X7B","X-ray","2.3","A/B","261-500"
"ESR2","NP_001035365.1","Q92731 ","1X7J","X-ray","2.3","A/B","261-500"
"ESR2","NP_001035365.1","Q92731 ","1YY4","X-ray","2.7","A/B","263-530"
"ESR2","NP_001035365.1","Q92731 ","1YYE","X-ray","2.03","A/B","263-530"
"ESR2","NP_001035365.1","Q92731 ","1ZAF","X-ray","2.2","A/B","263-500"
"ESR2","NP_001035365.1","Q92731 ","2FSZ","X-ray","2.2","A/B","257-502"
"ESR2","NP_001035365.1","Q92731 ","2GIU","X-ray","2.2","A","260-500"
"ESR2","NP_001035365.1","Q92731 ","2I0G","X-ray","2.5","A/B","256-505"
"ESR2","NP_001035365.1","Q92731 ","2JJ3","X-ray","2.28","A/B","256-505"
"ESR2","NP_001035365.1","Q92731 ","2NV7","X-ray","2.1","A/B","263-500"
"ESR2","NP_001035365.1","Q92731 ","2QTU","X-ray","2.53","A/B","256-505"
"ESR2","NP_001035365.1","Q92731 ","2Z4B","X-ray","2.34","A/B","256-505"
"ESR2","NP_001035366.1","Q92731 ","1L2J","X-ray","2.95","A/B","256-505"
"ESR2","NP_001035366.1","Q92731 ","1NDE","X-ray","3","A","256-501"
"ESR2","NP_001035366.1","Q92731 ","1QKM","X-ray","1.8","A","255-509"
"ESR2","NP_001035366.1","Q92731 ","1U3Q","X-ray","2.4","A/B/C/D","261-500"
"ESR2","NP_001035366.1","Q92731 ","1U3R","X-ray","2.21","A/B","261-501"
"ESR2","NP_001035366.1","Q92731 ","1U3S","X-ray","2.5","A/B","261-500"
"ESR2","NP_001035366.1","Q92731 ","1U9E","X-ray","2.4","A/B","261-501"
"ESR2","NP_001035366.1","Q92731 ","1X76","X-ray","2.2","A/B","261-500"
"ESR2","NP_001035366.1","Q92731 ","1X78","X-ray","2.3","A/B","261-500"
"ESR2","NP_001035366.1","Q92731 ","1X7B","X-ray","2.3","A/B","261-500"
"ESR2","NP_001035366.1","Q92731 ","1X7J","X-ray","2.3","A/B","261-500"
"ESR2","NP_001035366.1","Q92731 ","1YY4","X-ray","2.7","A/B","263-530"
"ESR2","NP_001035366.1","Q92731 ","1YYE","X-ray","2.03","A/B","263-530"
"ESR2","NP_001035366.1","Q92731 ","1ZAF","X-ray","2.2","A/B","263-500"
"ESR2","NP_001035366.1","Q92731 ","2FSZ","X-ray","2.2","A/B","257-502"
"ESR2","NP_001035366.1","Q92731 ","2GIU","X-ray","2.2","A","260-500"
"ESR2","NP_001035366.1","Q92731 ","2I0G","X-ray","2.5","A/B","256-505"
"ESR2","NP_001035366.1","Q92731 ","2JJ3","X-ray","2.28","A/B","256-505"
"ESR2","NP_001035366.1","Q92731 ","2NV7","X-ray","2.1","A/B","263-500"
"ESR2","NP_001035366.1","Q92731 ","2QTU","X-ray","2.53","A/B","256-505"
"ESR2","NP_001035366.1","Q92731 ","2Z4B","X-ray","2.34","A/B","256-505"
"ESR2","NP_001428.1","Q92731 ","1L2J","X-ray","2.95","A/B","256-505"
"ESR2","NP_001428.1","Q92731 ","1NDE","X-ray","3","A","256-501"
"ESR2","NP_001428.1","Q92731 ","1QKM","X-ray","1.8","A","255-509"
"ESR2","NP_001428.1","Q92731 ","1U3Q","X-ray","2.4","A/B/C/D","261-500"
"ESR2","NP_001428.1","Q92731 ","1U3R","X-ray","2.21","A/B","261-501"
"ESR2","NP_001428.1","Q92731 ","1U3S","X-ray","2.5","A/B","261-500"
"ESR2","NP_001428.1","Q92731 ","1U9E","X-ray","2.4","A/B","261-501"
"ESR2","NP_001428.1","Q92731 ","1X76","X-ray","2.2","A/B","261-500"
"ESR2","NP_001428.1","Q92731 ","1X78","X-ray","2.3","A/B","261-500"
"ESR2","NP_001428.1","Q92731 ","1X7B","X-ray","2.3","A/B","261-500"
"ESR2","NP_001428.1","Q92731 ","1X7J","X-ray","2.3","A/B","261-500"
"ESR2","NP_001428.1","Q92731 ","1YY4","X-ray","2.7","A/B","263-530"
"ESR2","NP_001428.1","Q92731 ","1YYE","X-ray","2.03","A/B","263-530"
"ESR2","NP_001428.1","Q92731 ","1ZAF","X-ray","2.2","A/B","263-500"
"ESR2","NP_001428.1","Q92731 ","2FSZ","X-ray","2.2","A/B","257-502"
"ESR2","NP_001428.1","Q92731 ","2GIU","X-ray","2.2","A","260-500"
"ESR2","NP_001428.1","Q92731 ","2I0G","X-ray","2.5","A/B","256-505"
"ESR2","NP_001428.1","Q92731 ","2JJ3","X-ray","2.28","A/B","256-505"
"ESR2","NP_001428.1","Q92731 ","2NV7","X-ray","2.1","A/B","263-500"
"ESR2","NP_001428.1","Q92731 ","2QTU","X-ray","2.53","A/B","256-505"
"ESR2","NP_001428.1","Q92731 ","2Z4B","X-ray","2.34","A/B","256-505"
"EXO1","NP_003677.3","Q9UQ84","-","-","-","-","-"
"EXO1","NP_006018.3","Q9UQ84","-","-","-","-","-"
"EXO1","NP_569082.1","Q9UQ84","-","-","-","-","-"
"EZH2","NP_004447.2","-","-","-","-","-","-"
"EZH2","NP_694543.1","-","-","-","-","-","-"
"FANCA","NP_000126.2","O15360 ","-","-","-","-","-"
"FANCA","NP_001018122.1","O15360 ","-","-","-","-","-"
"FANCF","NP_073562.1","Q9NPI8","2IQC","X-ray","2.4","A","156-357"
"FASTKD3 ","NP_076996.2","Q14CZ7","-","-","-","-","-"
"FGF1","NP_000791.1","P05230 ","1AXM","X-ray","3","A/B/C/D/E/F","21-155"
"FGF1","NP_000791.1","P05230 ","1DJS","X-ray","2.4","B","21-155"
"FGF1","NP_000791.1","P05230 ","1DZC","NMR","-","A","28-155"
"FGF1","NP_000791.1","P05230 ","1DZD","NMR","-","A","29-155"
"FGF1","NP_000791.1","P05230 ","1E0O","X-ray","2.8","A/C","16-155"
"FGF1","NP_000791.1","P05230 ","1EVT","X-ray","2.8","A/B","22-155"
"FGF1","NP_000791.1","P05230 ","1HKN","X-ray","2","A/B/C/D/E/F","17-155"
"FGF1","NP_000791.1","P05230 ","1JQZ","X-ray","1.65","A/B","16-155"
"FGF1","NP_000791.1","P05230 ","1JT3","X-ray","1.95","A/B","16-155"
"FGF1","NP_000791.1","P05230 ","1JT4","X-ray","1.78","A/B","16-155"
"FGF1","NP_000791.1","P05230 ","1JT5","X-ray","1.85","A/B","16-155"
"FGF1","NP_000791.1","P05230 ","1JT7","X-ray","1.7","A/B/C/D","16-155"
"FGF1","NP_000791.1","P05230 ","1JTC","X-ray","1.7","A/B/C/D","16-155"
"FGF1","NP_000791.1","P05230 ","1JY0","X-ray","1.7","A/B","16-155"
"FGF1","NP_000791.1","P05230 ","1K5U","X-ray","2","A/B/C","16-155"
"FGF1","NP_000791.1","P05230 ","1K5V","X-ray","2.1","A/B","16-155"
"FGF1","NP_000791.1","P05230 ","1M16","X-ray","1.7","A/B","16-155"
"FGF1","NP_000791.1","P05230 ","1NZK","X-ray","1.95","A/B/C/D","16-152"
"FGF1","NP_000791.1","P05230 ","1P63","X-ray","1.6","A/B","16-155"
"FGF1","NP_000791.1","P05230 ","1PZZ","X-ray","2","A/B","16-155"
"FGF1","NP_000791.1","P05230 ","1Q03","X-ray","2.05","A/B","16-152"
"FGF1","NP_000791.1","P05230 ","1Q04","X-ray","1.8","A/B","16-155"
"FGF1","NP_000791.1","P05230 ","1QCT","model","-","A/D","24-153"
"FGF1","NP_000791.1","P05230 ","1RG8","X-ray","1.1","A/B","16-155"
"FGF1","NP_000791.1","P05230 ","1RML","NMR","-","A","1-155"
"FGF1","NP_000791.1","P05230 ","1RY7","X-ray","3.2","A","1-155"
"FGF1","NP_000791.1","P05230 ","1YTO","X-ray","2.1","A/B/C/D","16-155"
"FGF1","NP_000791.1","P05230 ","1Z2V","X-ray","1.9","A/B","16-155"
"FGF1","NP_000791.1","P05230 ","1Z4S","X-ray","2.6","A/B/C/D","16-155"
"FGF1","NP_000791.1","P05230 ","2AFG","X-ray","2","A/B/C/D","16-155"
"FGF1","NP_000791.1","P05230 ","2AQZ","X-ray","1.85","A/B","16-155"
"FGF1","NP_000791.1","P05230 ","2AXM","X-ray","3","A/B","21-155"
"FGF1","NP_000791.1","P05230 ","2ERM","NMR","-","A","17-155"
"FGF1","NP_000791.1","P05230 ","2HW9","X-ray","1.6","A/B","16-155"
"FGF1","NP_000791.1","P05230 ","2HWA","X-ray","1.65","A/B","16-155"
"FGF1","NP_000791.1","P05230 ","2HWM","X-ray","1.6","A/B","16-155"
"FGF1","NP_000791.1","P05230 ","2HZ9","X-ray","1.7","A/B","16-155"
"FGF1","NP_000791.1","P05230 ","2K43","NMR","-","A","23-155"
"FGF1","NP_000791.1","P05230 ","2K4A","NMR","-","B","23-155"
"FGF1","NP_000791.1","P05230 ","2K8R","NMR","-","A","23-155"
"FGF1","NP_000791.1","P05230 ","2KI4","NMR","-","A/D","23-155"
"FGF1","NP_000791.1","P05230 ","2KI6","NMR","-","B/E","23-155"
"FGF1","NP_000791.1","P05230 ","2NTD","X-ray","2.52","A/B/C/D","16-155"
"FGF1","NP_000791.1","P05230 ","2Q9X","X-ray","1.7","A","16-155"
"FGF1","NP_000791.1","P05230 ","2RQ9","NMR","-","A","22-155"
"FGF1","NP_000791.1","P05230 ","3B9U","X-ray","1.55","A","16-155"
"FGF1","NP_000791.1","P05230 ","3BA4","X-ray","1.8","A/B","16-155"
"FGF1","NP_000791.1","P05230 ","3BA5","X-ray","1.75","A/B","16-155"
"FGF1","NP_000791.1","P05230 ","3BA7","X-ray","1.6","A/B","16-155"
"FGF1","NP_000791.1","P05230 ","3BAD","X-ray","2","A/B","16-155"
"FGF1","NP_000791.1","P05230 ","3BAG","X-ray","1.75","A/B","16-155"
"FGF1","NP_000791.1","P05230 ","3BAH","X-ray","1.65","A/B","16-155"
"FGF1","NP_000791.1","P05230 ","3BAO","X-ray","1.55","A/B","16-155"
"FGF1","NP_000791.1","P05230 ","3BAQ","X-ray","1.8","A/B","16-155"
"FGF1","NP_000791.1","P05230 ","3BAU","X-ray","1.6","A/B","16-155"
"FGF1","NP_000791.1","P05230 ","3BAV","X-ray","1.62","A/B","16-155"
"FGF1","NP_000791.1","P05230 ","3BB2","X-ray","1.5","A/B","16-155"
"FGF1","NP_000791.1","P05230 ","3CQA","X-ray","1.8","A/B","16-155"
"FGF1","NP_000791.1","P05230 ","3CRG","X-ray","1.85","A/B","16-155"
"FGF1","NP_000791.1","P05230 ","3CRH","X-ray","2.15","A/B","16-155"
"FGF1","NP_000791.1","P05230 ","3CRI","X-ray","2.1","A/B","16-155"
"FGF1","NP_000791.1","P05230 ","3CU1","X-ray","2.6","B/D","22-152"
"FGF1","NP_000791.1","P05230 ","3FGM","X-ray","1.95","A/B","16-155"
"FGF1","NP_000791.1","P05230 ","3FJ8","X-ray","2","A/B","16-155"
"FGF1","NP_000791.1","P05230 ","3FJ9","X-ray","1.9","A/B","16-155"
"FGF1","NP_000791.1","P05230 ","3FJA","X-ray","1.95","A/B","16-155"
"FGF1","NP_000791.1","P05230 ","3FJB","X-ray","2","A/B","16-155"
"FGF1","NP_000791.1","P05230 ","3FJC","X-ray","2","A/B","16-155"
"FGF1","NP_000791.1","P05230 ","3FJD","X-ray","1.9","A/B","16-155"
"FGF1","NP_000791.1","P05230 ","3FJE","X-ray","2.1","A/B","16-155"
"FGF1","NP_000791.1","P05230 ","3FJF","X-ray","1.9","A/B","16-155"
"FGF1","NP_000791.1","P05230 ","3FJH","X-ray","1.9","A/B","16-155"
"FGF1","NP_000791.1","P05230 ","3FJI","X-ray","2.55","A/B/C/D","16-155"
"FGF1","NP_000791.1","P05230 ","3FJJ","X-ray","1.9","A/B","16-155"
"FGF1","NP_000791.1","P05230 ","3FJK","X-ray","2.15","A/B/C/D","16-155"
"FGF1","NP_000791.1","P05230 ","3HOM","X-ray","2.3","A/B","16-155"
"FGF1","NP_000791.1","P05230 ","3JUT","X-ray","2.25","A/B/C/D/E/F","24-153"
"FGF1","NP_000791.1","P05230 ","3K1X","X-ray","1.98","A/B/C/D/E/F","24-153"
"FGF1","NP_001138364.1","P05230 ","1AXM","X-ray","3","A/B/C/D/E/F","21-155"
"FGF1","NP_001138364.1","P05230 ","1DJS","X-ray","2.4","B","21-155"
"FGF1","NP_001138364.1","P05230 ","1DZC","NMR","-","A","28-155"
"FGF1","NP_001138364.1","P05230 ","1DZD","NMR","-","A","29-155"
"FGF1","NP_001138364.1","P05230 ","1E0O","X-ray","2.8","A/C","16-155"
"FGF1","NP_001138364.1","P05230 ","1EVT","X-ray","2.8","A/B","22-155"
"FGF1","NP_001138364.1","P05230 ","1HKN","X-ray","2","A/B/C/D/E/F","17-155"
"FGF1","NP_001138364.1","P05230 ","1JQZ","X-ray","1.65","A/B","16-155"
"FGF1","NP_001138364.1","P05230 ","1JT3","X-ray","1.95","A/B","16-155"
"FGF1","NP_001138364.1","P05230 ","1JT4","X-ray","1.78","A/B","16-155"
"FGF1","NP_001138364.1","P05230 ","1JT5","X-ray","1.85","A/B","16-155"
"FGF1","NP_001138364.1","P05230 ","1JT7","X-ray","1.7","A/B/C/D","16-155"
"FGF1","NP_001138364.1","P05230 ","1JTC","X-ray","1.7","A/B/C/D","16-155"
"FGF1","NP_001138364.1","P05230 ","1JY0","X-ray","1.7","A/B","16-155"
"FGF1","NP_001138364.1","P05230 ","1K5U","X-ray","2","A/B/C","16-155"
"FGF1","NP_001138364.1","P05230 ","1K5V","X-ray","2.1","A/B","16-155"
"FGF1","NP_001138364.1","P05230 ","1M16","X-ray","1.7","A/B","16-155"
"FGF1","NP_001138364.1","P05230 ","1NZK","X-ray","1.95","A/B/C/D","16-152"
"FGF1","NP_001138364.1","P05230 ","1P63","X-ray","1.6","A/B","16-155"
"FGF1","NP_001138364.1","P05230 ","1PZZ","X-ray","2","A/B","16-155"
"FGF1","NP_001138364.1","P05230 ","1Q03","X-ray","2.05","A/B","16-152"
"FGF1","NP_001138364.1","P05230 ","1Q04","X-ray","1.8","A/B","16-155"
"FGF1","NP_001138364.1","P05230 ","1QCT","model","-","A/D","24-153"
"FGF1","NP_001138364.1","P05230 ","1RG8","X-ray","1.1","A/B","16-155"
"FGF1","NP_001138364.1","P05230 ","1RML","NMR","-","A","1-155"
"FGF1","NP_001138364.1","P05230 ","1RY7","X-ray","3.2","A","1-155"
"FGF1","NP_001138364.1","P05230 ","1YTO","X-ray","2.1","A/B/C/D","16-155"
"FGF1","NP_001138364.1","P05230 ","1Z2V","X-ray","1.9","A/B","16-155"
"FGF1","NP_001138364.1","P05230 ","1Z4S","X-ray","2.6","A/B/C/D","16-155"
"FGF1","NP_001138364.1","P05230 ","2AFG","X-ray","2","A/B/C/D","16-155"
"FGF1","NP_001138364.1","P05230 ","2AQZ","X-ray","1.85","A/B","16-155"
"FGF1","NP_001138364.1","P05230 ","2AXM","X-ray","3","A/B","21-155"
"FGF1","NP_001138364.1","P05230 ","2ERM","NMR","-","A","17-155"
"FGF1","NP_001138364.1","P05230 ","2HW9","X-ray","1.6","A/B","16-155"
"FGF1","NP_001138364.1","P05230 ","2HWA","X-ray","1.65","A/B","16-155"
"FGF1","NP_001138364.1","P05230 ","2HWM","X-ray","1.6","A/B","16-155"
"FGF1","NP_001138364.1","P05230 ","2HZ9","X-ray","1.7","A/B","16-155"
"FGF1","NP_001138364.1","P05230 ","2K43","NMR","-","A","23-155"
"FGF1","NP_001138364.1","P05230 ","2K4A","NMR","-","B","23-155"
"FGF1","NP_001138364.1","P05230 ","2K8R","NMR","-","A","23-155"
"FGF1","NP_001138364.1","P05230 ","2KI4","NMR","-","A/D","23-155"
"FGF1","NP_001138364.1","P05230 ","2KI6","NMR","-","B/E","23-155"
"FGF1","NP_001138364.1","P05230 ","2NTD","X-ray","2.52","A/B/C/D","16-155"
"FGF1","NP_001138364.1","P05230 ","2Q9X","X-ray","1.7","A","16-155"
"FGF1","NP_001138364.1","P05230 ","2RQ9","NMR","-","A","22-155"
"FGF1","NP_001138364.1","P05230 ","3B9U","X-ray","1.55","A","16-155"
"FGF1","NP_001138364.1","P05230 ","3BA4","X-ray","1.8","A/B","16-155"
"FGF1","NP_001138364.1","P05230 ","3BA5","X-ray","1.75","A/B","16-155"
"FGF1","NP_001138364.1","P05230 ","3BA7","X-ray","1.6","A/B","16-155"
"FGF1","NP_001138364.1","P05230 ","3BAD","X-ray","2","A/B","16-155"
"FGF1","NP_001138364.1","P05230 ","3BAG","X-ray","1.75","A/B","16-155"
"FGF1","NP_001138364.1","P05230 ","3BAH","X-ray","1.65","A/B","16-155"
"FGF1","NP_001138364.1","P05230 ","3BAO","X-ray","1.55","A/B","16-155"
"FGF1","NP_001138364.1","P05230 ","3BAQ","X-ray","1.8","A/B","16-155"
"FGF1","NP_001138364.1","P05230 ","3BAU","X-ray","1.6","A/B","16-155"
"FGF1","NP_001138364.1","P05230 ","3BAV","X-ray","1.62","A/B","16-155"
"FGF1","NP_001138364.1","P05230 ","3BB2","X-ray","1.5","A/B","16-155"
"FGF1","NP_001138364.1","P05230 ","3CQA","X-ray","1.8","A/B","16-155"
"FGF1","NP_001138364.1","P05230 ","3CRG","X-ray","1.85","A/B","16-155"
"FGF1","NP_001138364.1","P05230 ","3CRH","X-ray","2.15","A/B","16-155"
"FGF1","NP_001138364.1","P05230 ","3CRI","X-ray","2.1","A/B","16-155"
"FGF1","NP_001138364.1","P05230 ","3CU1","X-ray","2.6","B/D","22-152"
"FGF1","NP_001138364.1","P05230 ","3FGM","X-ray","1.95","A/B","16-155"
"FGF1","NP_001138364.1","P05230 ","3FJ8","X-ray","2","A/B","16-155"
"FGF1","NP_001138364.1","P05230 ","3FJ9","X-ray","1.9","A/B","16-155"
"FGF1","NP_001138364.1","P05230 ","3FJA","X-ray","1.95","A/B","16-155"
"FGF1","NP_001138364.1","P05230 ","3FJB","X-ray","2","A/B","16-155"
"FGF1","NP_001138364.1","P05230 ","3FJC","X-ray","2","A/B","16-155"
"FGF1","NP_001138364.1","P05230 ","3FJD","X-ray","1.9","A/B","16-155"
"FGF1","NP_001138364.1","P05230 ","3FJE","X-ray","2.1","A/B","16-155"
"FGF1","NP_001138364.1","P05230 ","3FJF","X-ray","1.9","A/B","16-155"
"FGF1","NP_001138364.1","P05230 ","3FJH","X-ray","1.9","A/B","16-155"
"FGF1","NP_001138364.1","P05230 ","3FJI","X-ray","2.55","A/B/C/D","16-155"
"FGF1","NP_001138364.1","P05230 ","3FJJ","X-ray","1.9","A/B","16-155"
"FGF1","NP_001138364.1","P05230 ","3FJK","X-ray","2.15","A/B/C/D","16-155"
"FGF1","NP_001138364.1","P05230 ","3HOM","X-ray","2.3","A/B","16-155"
"FGF1","NP_001138364.1","P05230 ","3JUT","X-ray","2.25","A/B/C/D/E/F","24-153"
"FGF1","NP_001138364.1","P05230 ","3K1X","X-ray","1.98","A/B/C/D/E/F","24-153"
"FGF1","NP_001138406.1","P05230 ","1AXM","X-ray","3","A/B/C/D/E/F","21-155"
"FGF1","NP_001138406.1","P05230 ","1DJS","X-ray","2.4","B","21-155"
"FGF1","NP_001138406.1","P05230 ","1DZC","NMR","-","A","28-155"
"FGF1","NP_001138406.1","P05230 ","1DZD","NMR","-","A","29-155"
"FGF1","NP_001138406.1","P05230 ","1E0O","X-ray","2.8","A/C","16-155"
"FGF1","NP_001138406.1","P05230 ","1EVT","X-ray","2.8","A/B","22-155"
"FGF1","NP_001138406.1","P05230 ","1HKN","X-ray","2","A/B/C/D/E/F","17-155"
"FGF1","NP_001138406.1","P05230 ","1JQZ","X-ray","1.65","A/B","16-155"
"FGF1","NP_001138406.1","P05230 ","1JT3","X-ray","1.95","A/B","16-155"
"FGF1","NP_001138406.1","P05230 ","1JT4","X-ray","1.78","A/B","16-155"
"FGF1","NP_001138406.1","P05230 ","1JT5","X-ray","1.85","A/B","16-155"
"FGF1","NP_001138406.1","P05230 ","1JT7","X-ray","1.7","A/B/C/D","16-155"
"FGF1","NP_001138406.1","P05230 ","1JTC","X-ray","1.7","A/B/C/D","16-155"
"FGF1","NP_001138406.1","P05230 ","1JY0","X-ray","1.7","A/B","16-155"
"FGF1","NP_001138406.1","P05230 ","1K5U","X-ray","2","A/B/C","16-155"
"FGF1","NP_001138406.1","P05230 ","1K5V","X-ray","2.1","A/B","16-155"
"FGF1","NP_001138406.1","P05230 ","1M16","X-ray","1.7","A/B","16-155"
"FGF1","NP_001138406.1","P05230 ","1NZK","X-ray","1.95","A/B/C/D","16-152"
"FGF1","NP_001138406.1","P05230 ","1P63","X-ray","1.6","A/B","16-155"
"FGF1","NP_001138406.1","P05230 ","1PZZ","X-ray","2","A/B","16-155"
"FGF1","NP_001138406.1","P05230 ","1Q03","X-ray","2.05","A/B","16-152"
"FGF1","NP_001138406.1","P05230 ","1Q04","X-ray","1.8","A/B","16-155"
"FGF1","NP_001138406.1","P05230 ","1QCT","model","-","A/D","24-153"
"FGF1","NP_001138406.1","P05230 ","1RG8","X-ray","1.1","A/B","16-155"
"FGF1","NP_001138406.1","P05230 ","1RML","NMR","-","A","1-155"
"FGF1","NP_001138406.1","P05230 ","1RY7","X-ray","3.2","A","1-155"
"FGF1","NP_001138406.1","P05230 ","1YTO","X-ray","2.1","A/B/C/D","16-155"
"FGF1","NP_001138406.1","P05230 ","1Z2V","X-ray","1.9","A/B","16-155"
"FGF1","NP_001138406.1","P05230 ","1Z4S","X-ray","2.6","A/B/C/D","16-155"
"FGF1","NP_001138406.1","P05230 ","2AFG","X-ray","2","A/B/C/D","16-155"
"FGF1","NP_001138406.1","P05230 ","2AQZ","X-ray","1.85","A/B","16-155"
"FGF1","NP_001138406.1","P05230 ","2AXM","X-ray","3","A/B","21-155"
"FGF1","NP_001138406.1","P05230 ","2ERM","NMR","-","A","17-155"
"FGF1","NP_001138406.1","P05230 ","2HW9","X-ray","1.6","A/B","16-155"
"FGF1","NP_001138406.1","P05230 ","2HWA","X-ray","1.65","A/B","16-155"
"FGF1","NP_001138406.1","P05230 ","2HWM","X-ray","1.6","A/B","16-155"
"FGF1","NP_001138406.1","P05230 ","2HZ9","X-ray","1.7","A/B","16-155"
"FGF1","NP_001138406.1","P05230 ","2K43","NMR","-","A","23-155"
"FGF1","NP_001138406.1","P05230 ","2K4A","NMR","-","B","23-155"
"FGF1","NP_001138406.1","P05230 ","2K8R","NMR","-","A","23-155"
"FGF1","NP_001138406.1","P05230 ","2KI4","NMR","-","A/D","23-155"
"FGF1","NP_001138406.1","P05230 ","2KI6","NMR","-","B/E","23-155"
"FGF1","NP_001138406.1","P05230 ","2NTD","X-ray","2.52","A/B/C/D","16-155"
"FGF1","NP_001138406.1","P05230 ","2Q9X","X-ray","1.7","A","16-155"
"FGF1","NP_001138406.1","P05230 ","2RQ9","NMR","-","A","22-155"
"FGF1","NP_001138406.1","P05230 ","3B9U","X-ray","1.55","A","16-155"
"FGF1","NP_001138406.1","P05230 ","3BA4","X-ray","1.8","A/B","16-155"
"FGF1","NP_001138406.1","P05230 ","3BA5","X-ray","1.75","A/B","16-155"
"FGF1","NP_001138406.1","P05230 ","3BA7","X-ray","1.6","A/B","16-155"
"FGF1","NP_001138406.1","P05230 ","3BAD","X-ray","2","A/B","16-155"
"FGF1","NP_001138406.1","P05230 ","3BAG","X-ray","1.75","A/B","16-155"
"FGF1","NP_001138406.1","P05230 ","3BAH","X-ray","1.65","A/B","16-155"
"FGF1","NP_001138406.1","P05230 ","3BAO","X-ray","1.55","A/B","16-155"
"FGF1","NP_001138406.1","P05230 ","3BAQ","X-ray","1.8","A/B","16-155"
"FGF1","NP_001138406.1","P05230 ","3BAU","X-ray","1.6","A/B","16-155"
"FGF1","NP_001138406.1","P05230 ","3BAV","X-ray","1.62","A/B","16-155"
"FGF1","NP_001138406.1","P05230 ","3BB2","X-ray","1.5","A/B","16-155"
"FGF1","NP_001138406.1","P05230 ","3CQA","X-ray","1.8","A/B","16-155"
"FGF1","NP_001138406.1","P05230 ","3CRG","X-ray","1.85","A/B","16-155"
"FGF1","NP_001138406.1","P05230 ","3CRH","X-ray","2.15","A/B","16-155"
"FGF1","NP_001138406.1","P05230 ","3CRI","X-ray","2.1","A/B","16-155"
"FGF1","NP_001138406.1","P05230 ","3CU1","X-ray","2.6","B/D","22-152"
"FGF1","NP_001138406.1","P05230 ","3FGM","X-ray","1.95","A/B","16-155"
"FGF1","NP_001138406.1","P05230 ","3FJ8","X-ray","2","A/B","16-155"
"FGF1","NP_001138406.1","P05230 ","3FJ9","X-ray","1.9","A/B","16-155"
"FGF1","NP_001138406.1","P05230 ","3FJA","X-ray","1.95","A/B","16-155"
"FGF1","NP_001138406.1","P05230 ","3FJB","X-ray","2","A/B","16-155"
"FGF1","NP_001138406.1","P05230 ","3FJC","X-ray","2","A/B","16-155"
"FGF1","NP_001138406.1","P05230 ","3FJD","X-ray","1.9","A/B","16-155"
"FGF1","NP_001138406.1","P05230 ","3FJE","X-ray","2.1","A/B","16-155"
"FGF1","NP_001138406.1","P05230 ","3FJF","X-ray","1.9","A/B","16-155"
"FGF1","NP_001138406.1","P05230 ","3FJH","X-ray","1.9","A/B","16-155"
"FGF1","NP_001138406.1","P05230 ","3FJI","X-ray","2.55","A/B/C/D","16-155"
"FGF1","NP_001138406.1","P05230 ","3FJJ","X-ray","1.9","A/B","16-155"
"FGF1","NP_001138406.1","P05230 ","3FJK","X-ray","2.15","A/B/C/D","16-155"
"FGF1","NP_001138406.1","P05230 ","3HOM","X-ray","2.3","A/B","16-155"
"FGF1","NP_001138406.1","P05230 ","3JUT","X-ray","2.25","A/B/C/D/E/F","24-153"
"FGF1","NP_001138406.1","P05230 ","3K1X","X-ray","1.98","A/B/C/D/E/F","24-153"
"FGF1","NP_001138407.1","P05230 ","1AXM","X-ray","3","A/B/C/D/E/F","21-155"
"FGF1","NP_001138407.1","P05230 ","1DJS","X-ray","2.4","B","21-155"
"FGF1","NP_001138407.1","P05230 ","1DZC","NMR","-","A","28-155"
"FGF1","NP_001138407.1","P05230 ","1DZD","NMR","-","A","29-155"
"FGF1","NP_001138407.1","P05230 ","1E0O","X-ray","2.8","A/C","16-155"
"FGF1","NP_001138407.1","P05230 ","1EVT","X-ray","2.8","A/B","22-155"
"FGF1","NP_001138407.1","P05230 ","1HKN","X-ray","2","A/B/C/D/E/F","17-155"
"FGF1","NP_001138407.1","P05230 ","1JQZ","X-ray","1.65","A/B","16-155"
"FGF1","NP_001138407.1","P05230 ","1JT3","X-ray","1.95","A/B","16-155"
"FGF1","NP_001138407.1","P05230 ","1JT4","X-ray","1.78","A/B","16-155"
"FGF1","NP_001138407.1","P05230 ","1JT5","X-ray","1.85","A/B","16-155"
"FGF1","NP_001138407.1","P05230 ","1JT7","X-ray","1.7","A/B/C/D","16-155"
"FGF1","NP_001138407.1","P05230 ","1JTC","X-ray","1.7","A/B/C/D","16-155"
"FGF1","NP_001138407.1","P05230 ","1JY0","X-ray","1.7","A/B","16-155"
"FGF1","NP_001138407.1","P05230 ","1K5U","X-ray","2","A/B/C","16-155"
"FGF1","NP_001138407.1","P05230 ","1K5V","X-ray","2.1","A/B","16-155"
"FGF1","NP_001138407.1","P05230 ","1M16","X-ray","1.7","A/B","16-155"
"FGF1","NP_001138407.1","P05230 ","1NZK","X-ray","1.95","A/B/C/D","16-152"
"FGF1","NP_001138407.1","P05230 ","1P63","X-ray","1.6","A/B","16-155"
"FGF1","NP_001138407.1","P05230 ","1PZZ","X-ray","2","A/B","16-155"
"FGF1","NP_001138407.1","P05230 ","1Q03","X-ray","2.05","A/B","16-152"
"FGF1","NP_001138407.1","P05230 ","1Q04","X-ray","1.8","A/B","16-155"
"FGF1","NP_001138407.1","P05230 ","1QCT","model","-","A/D","24-153"
"FGF1","NP_001138407.1","P05230 ","1RG8","X-ray","1.1","A/B","16-155"
"FGF1","NP_001138407.1","P05230 ","1RML","NMR","-","A","1-155"
"FGF1","NP_001138407.1","P05230 ","1RY7","X-ray","3.2","A","1-155"
"FGF1","NP_001138407.1","P05230 ","1YTO","X-ray","2.1","A/B/C/D","16-155"
"FGF1","NP_001138407.1","P05230 ","1Z2V","X-ray","1.9","A/B","16-155"
"FGF1","NP_001138407.1","P05230 ","1Z4S","X-ray","2.6","A/B/C/D","16-155"
"FGF1","NP_001138407.1","P05230 ","2AFG","X-ray","2","A/B/C/D","16-155"
"FGF1","NP_001138407.1","P05230 ","2AQZ","X-ray","1.85","A/B","16-155"
"FGF1","NP_001138407.1","P05230 ","2AXM","X-ray","3","A/B","21-155"
"FGF1","NP_001138407.1","P05230 ","2ERM","NMR","-","A","17-155"
"FGF1","NP_001138407.1","P05230 ","2HW9","X-ray","1.6","A/B","16-155"
"FGF1","NP_001138407.1","P05230 ","2HWA","X-ray","1.65","A/B","16-155"
"FGF1","NP_001138407.1","P05230 ","2HWM","X-ray","1.6","A/B","16-155"
"FGF1","NP_001138407.1","P05230 ","2HZ9","X-ray","1.7","A/B","16-155"
"FGF1","NP_001138407.1","P05230 ","2K43","NMR","-","A","23-155"
"FGF1","NP_001138407.1","P05230 ","2K4A","NMR","-","B","23-155"
"FGF1","NP_001138407.1","P05230 ","2K8R","NMR","-","A","23-155"
"FGF1","NP_001138407.1","P05230 ","2KI4","NMR","-","A/D","23-155"
"FGF1","NP_001138407.1","P05230 ","2KI6","NMR","-","B/E","23-155"
"FGF1","NP_001138407.1","P05230 ","2NTD","X-ray","2.52","A/B/C/D","16-155"
"FGF1","NP_001138407.1","P05230 ","2Q9X","X-ray","1.7","A","16-155"
"FGF1","NP_001138407.1","P05230 ","2RQ9","NMR","-","A","22-155"
"FGF1","NP_001138407.1","P05230 ","3B9U","X-ray","1.55","A","16-155"
"FGF1","NP_001138407.1","P05230 ","3BA4","X-ray","1.8","A/B","16-155"
"FGF1","NP_001138407.1","P05230 ","3BA5","X-ray","1.75","A/B","16-155"
"FGF1","NP_001138407.1","P05230 ","3BA7","X-ray","1.6","A/B","16-155"
"FGF1","NP_001138407.1","P05230 ","3BAD","X-ray","2","A/B","16-155"
"FGF1","NP_001138407.1","P05230 ","3BAG","X-ray","1.75","A/B","16-155"
"FGF1","NP_001138407.1","P05230 ","3BAH","X-ray","1.65","A/B","16-155"
"FGF1","NP_001138407.1","P05230 ","3BAO","X-ray","1.55","A/B","16-155"
"FGF1","NP_001138407.1","P05230 ","3BAQ","X-ray","1.8","A/B","16-155"
"FGF1","NP_001138407.1","P05230 ","3BAU","X-ray","1.6","A/B","16-155"
"FGF1","NP_001138407.1","P05230 ","3BAV","X-ray","1.62","A/B","16-155"
"FGF1","NP_001138407.1","P05230 ","3BB2","X-ray","1.5","A/B","16-155"
"FGF1","NP_001138407.1","P05230 ","3CQA","X-ray","1.8","A/B","16-155"
"FGF1","NP_001138407.1","P05230 ","3CRG","X-ray","1.85","A/B","16-155"
"FGF1","NP_001138407.1","P05230 ","3CRH","X-ray","2.15","A/B","16-155"
"FGF1","NP_001138407.1","P05230 ","3CRI","X-ray","2.1","A/B","16-155"
"FGF1","NP_001138407.1","P05230 ","3CU1","X-ray","2.6","B/D","22-152"
"FGF1","NP_001138407.1","P05230 ","3FGM","X-ray","1.95","A/B","16-155"
"FGF1","NP_001138407.1","P05230 ","3FJ8","X-ray","2","A/B","16-155"
"FGF1","NP_001138407.1","P05230 ","3FJ9","X-ray","1.9","A/B","16-155"
"FGF1","NP_001138407.1","P05230 ","3FJA","X-ray","1.95","A/B","16-155"
"FGF1","NP_001138407.1","P05230 ","3FJB","X-ray","2","A/B","16-155"
"FGF1","NP_001138407.1","P05230 ","3FJC","X-ray","2","A/B","16-155"
"FGF1","NP_001138407.1","P05230 ","3FJD","X-ray","1.9","A/B","16-155"
"FGF1","NP_001138407.1","P05230 ","3FJE","X-ray","2.1","A/B","16-155"
"FGF1","NP_001138407.1","P05230 ","3FJF","X-ray","1.9","A/B","16-155"
"FGF1","NP_001138407.1","P05230 ","3FJH","X-ray","1.9","A/B","16-155"
"FGF1","NP_001138407.1","P05230 ","3FJI","X-ray","2.55","A/B/C/D","16-155"
"FGF1","NP_001138407.1","P05230 ","3FJJ","X-ray","1.9","A/B","16-155"
"FGF1","NP_001138407.1","P05230 ","3FJK","X-ray","2.15","A/B/C/D","16-155"
"FGF1","NP_001138407.1","P05230 ","3HOM","X-ray","2.3","A/B","16-155"
"FGF1","NP_001138407.1","P05230 ","3JUT","X-ray","2.25","A/B/C/D/E/F","24-153"
"FGF1","NP_001138407.1","P05230 ","3K1X","X-ray","1.98","A/B/C/D/E/F","24-153"
"FGF1","NP_149127.1","P05230 ","1AXM","X-ray","3","A/B/C/D/E/F","21-155"
"FGF1","NP_149127.1","P05230 ","1DJS","X-ray","2.4","B","21-155"
"FGF1","NP_149127.1","P05230 ","1DZC","NMR","-","A","28-155"
"FGF1","NP_149127.1","P05230 ","1DZD","NMR","-","A","29-155"
"FGF1","NP_149127.1","P05230 ","1E0O","X-ray","2.8","A/C","16-155"
"FGF1","NP_149127.1","P05230 ","1EVT","X-ray","2.8","A/B","22-155"
"FGF1","NP_149127.1","P05230 ","1HKN","X-ray","2","A/B/C/D/E/F","17-155"
"FGF1","NP_149127.1","P05230 ","1JQZ","X-ray","1.65","A/B","16-155"
"FGF1","NP_149127.1","P05230 ","1JT3","X-ray","1.95","A/B","16-155"
"FGF1","NP_149127.1","P05230 ","1JT4","X-ray","1.78","A/B","16-155"
"FGF1","NP_149127.1","P05230 ","1JT5","X-ray","1.85","A/B","16-155"
"FGF1","NP_149127.1","P05230 ","1JT7","X-ray","1.7","A/B/C/D","16-155"
"FGF1","NP_149127.1","P05230 ","1JTC","X-ray","1.7","A/B/C/D","16-155"
"FGF1","NP_149127.1","P05230 ","1JY0","X-ray","1.7","A/B","16-155"
"FGF1","NP_149127.1","P05230 ","1K5U","X-ray","2","A/B/C","16-155"
"FGF1","NP_149127.1","P05230 ","1K5V","X-ray","2.1","A/B","16-155"
"FGF1","NP_149127.1","P05230 ","1M16","X-ray","1.7","A/B","16-155"
"FGF1","NP_149127.1","P05230 ","1NZK","X-ray","1.95","A/B/C/D","16-152"
"FGF1","NP_149127.1","P05230 ","1P63","X-ray","1.6","A/B","16-155"
"FGF1","NP_149127.1","P05230 ","1PZZ","X-ray","2","A/B","16-155"
"FGF1","NP_149127.1","P05230 ","1Q03","X-ray","2.05","A/B","16-152"
"FGF1","NP_149127.1","P05230 ","1Q04","X-ray","1.8","A/B","16-155"
"FGF1","NP_149127.1","P05230 ","1QCT","model","-","A/D","24-153"
"FGF1","NP_149127.1","P05230 ","1RG8","X-ray","1.1","A/B","16-155"
"FGF1","NP_149127.1","P05230 ","1RML","NMR","-","A","1-155"
"FGF1","NP_149127.1","P05230 ","1RY7","X-ray","3.2","A","1-155"
"FGF1","NP_149127.1","P05230 ","1YTO","X-ray","2.1","A/B/C/D","16-155"
"FGF1","NP_149127.1","P05230 ","1Z2V","X-ray","1.9","A/B","16-155"
"FGF1","NP_149127.1","P05230 ","1Z4S","X-ray","2.6","A/B/C/D","16-155"
"FGF1","NP_149127.1","P05230 ","2AFG","X-ray","2","A/B/C/D","16-155"
"FGF1","NP_149127.1","P05230 ","2AQZ","X-ray","1.85","A/B","16-155"
"FGF1","NP_149127.1","P05230 ","2AXM","X-ray","3","A/B","21-155"
"FGF1","NP_149127.1","P05230 ","2ERM","NMR","-","A","17-155"
"FGF1","NP_149127.1","P05230 ","2HW9","X-ray","1.6","A/B","16-155"
"FGF1","NP_149127.1","P05230 ","2HWA","X-ray","1.65","A/B","16-155"
"FGF1","NP_149127.1","P05230 ","2HWM","X-ray","1.6","A/B","16-155"
"FGF1","NP_149127.1","P05230 ","2HZ9","X-ray","1.7","A/B","16-155"
"FGF1","NP_149127.1","P05230 ","2K43","NMR","-","A","23-155"
"FGF1","NP_149127.1","P05230 ","2K4A","NMR","-","B","23-155"
"FGF1","NP_149127.1","P05230 ","2K8R","NMR","-","A","23-155"
"FGF1","NP_149127.1","P05230 ","2KI4","NMR","-","A/D","23-155"
"FGF1","NP_149127.1","P05230 ","2KI6","NMR","-","B/E","23-155"
"FGF1","NP_149127.1","P05230 ","2NTD","X-ray","2.52","A/B/C/D","16-155"
"FGF1","NP_149127.1","P05230 ","2Q9X","X-ray","1.7","A","16-155"
"FGF1","NP_149127.1","P05230 ","2RQ9","NMR","-","A","22-155"
"FGF1","NP_149127.1","P05230 ","3B9U","X-ray","1.55","A","16-155"
"FGF1","NP_149127.1","P05230 ","3BA4","X-ray","1.8","A/B","16-155"
"FGF1","NP_149127.1","P05230 ","3BA5","X-ray","1.75","A/B","16-155"
"FGF1","NP_149127.1","P05230 ","3BA7","X-ray","1.6","A/B","16-155"
"FGF1","NP_149127.1","P05230 ","3BAD","X-ray","2","A/B","16-155"
"FGF1","NP_149127.1","P05230 ","3BAG","X-ray","1.75","A/B","16-155"
"FGF1","NP_149127.1","P05230 ","3BAH","X-ray","1.65","A/B","16-155"
"FGF1","NP_149127.1","P05230 ","3BAO","X-ray","1.55","A/B","16-155"
"FGF1","NP_149127.1","P05230 ","3BAQ","X-ray","1.8","A/B","16-155"
"FGF1","NP_149127.1","P05230 ","3BAU","X-ray","1.6","A/B","16-155"
"FGF1","NP_149127.1","P05230 ","3BAV","X-ray","1.62","A/B","16-155"
"FGF1","NP_149127.1","P05230 ","3BB2","X-ray","1.5","A/B","16-155"
"FGF1","NP_149127.1","P05230 ","3CQA","X-ray","1.8","A/B","16-155"
"FGF1","NP_149127.1","P05230 ","3CRG","X-ray","1.85","A/B","16-155"
"FGF1","NP_149127.1","P05230 ","3CRH","X-ray","2.15","A/B","16-155"
"FGF1","NP_149127.1","P05230 ","3CRI","X-ray","2.1","A/B","16-155"
"FGF1","NP_149127.1","P05230 ","3CU1","X-ray","2.6","B/D","22-152"
"FGF1","NP_149127.1","P05230 ","3FGM","X-ray","1.95","A/B","16-155"
"FGF1","NP_149127.1","P05230 ","3FJ8","X-ray","2","A/B","16-155"
"FGF1","NP_149127.1","P05230 ","3FJ9","X-ray","1.9","A/B","16-155"
"FGF1","NP_149127.1","P05230 ","3FJA","X-ray","1.95","A/B","16-155"
"FGF1","NP_149127.1","P05230 ","3FJB","X-ray","2","A/B","16-155"
"FGF1","NP_149127.1","P05230 ","3FJC","X-ray","2","A/B","16-155"
"FGF1","NP_149127.1","P05230 ","3FJD","X-ray","1.9","A/B","16-155"
"FGF1","NP_149127.1","P05230 ","3FJE","X-ray","2.1","A/B","16-155"
"FGF1","NP_149127.1","P05230 ","3FJF","X-ray","1.9","A/B","16-155"
"FGF1","NP_149127.1","P05230 ","3FJH","X-ray","1.9","A/B","16-155"
"FGF1","NP_149127.1","P05230 ","3FJI","X-ray","2.55","A/B/C/D","16-155"
"FGF1","NP_149127.1","P05230 ","3FJJ","X-ray","1.9","A/B","16-155"
"FGF1","NP_149127.1","P05230 ","3FJK","X-ray","2.15","A/B/C/D","16-155"
"FGF1","NP_149127.1","P05230 ","3HOM","X-ray","2.3","A/B","16-155"
"FGF1","NP_149127.1","P05230 ","3JUT","X-ray","2.25","A/B/C/D/E/F","24-153"
"FGF1","NP_149127.1","P05230 ","3K1X","X-ray","1.98","A/B/C/D/E/F","24-153"
"FGF1","NP_149128.1","P05230 ","1AXM","X-ray","3","A/B/C/D/E/F","21-155"
"FGF1","NP_149128.1","P05230 ","1DJS","X-ray","2.4","B","21-155"
"FGF1","NP_149128.1","P05230 ","1DZC","NMR","-","A","28-155"
"FGF1","NP_149128.1","P05230 ","1DZD","NMR","-","A","29-155"
"FGF1","NP_149128.1","P05230 ","1E0O","X-ray","2.8","A/C","16-155"
"FGF1","NP_149128.1","P05230 ","1EVT","X-ray","2.8","A/B","22-155"
"FGF1","NP_149128.1","P05230 ","1HKN","X-ray","2","A/B/C/D/E/F","17-155"
"FGF1","NP_149128.1","P05230 ","1JQZ","X-ray","1.65","A/B","16-155"
"FGF1","NP_149128.1","P05230 ","1JT3","X-ray","1.95","A/B","16-155"
"FGF1","NP_149128.1","P05230 ","1JT4","X-ray","1.78","A/B","16-155"
"FGF1","NP_149128.1","P05230 ","1JT5","X-ray","1.85","A/B","16-155"
"FGF1","NP_149128.1","P05230 ","1JT7","X-ray","1.7","A/B/C/D","16-155"
"FGF1","NP_149128.1","P05230 ","1JTC","X-ray","1.7","A/B/C/D","16-155"
"FGF1","NP_149128.1","P05230 ","1JY0","X-ray","1.7","A/B","16-155"
"FGF1","NP_149128.1","P05230 ","1K5U","X-ray","2","A/B/C","16-155"
"FGF1","NP_149128.1","P05230 ","1K5V","X-ray","2.1","A/B","16-155"
"FGF1","NP_149128.1","P05230 ","1M16","X-ray","1.7","A/B","16-155"
"FGF1","NP_149128.1","P05230 ","1NZK","X-ray","1.95","A/B/C/D","16-152"
"FGF1","NP_149128.1","P05230 ","1P63","X-ray","1.6","A/B","16-155"
"FGF1","NP_149128.1","P05230 ","1PZZ","X-ray","2","A/B","16-155"
"FGF1","NP_149128.1","P05230 ","1Q03","X-ray","2.05","A/B","16-152"
"FGF1","NP_149128.1","P05230 ","1Q04","X-ray","1.8","A/B","16-155"
"FGF1","NP_149128.1","P05230 ","1QCT","model","-","A/D","24-153"
"FGF1","NP_149128.1","P05230 ","1RG8","X-ray","1.1","A/B","16-155"
"FGF1","NP_149128.1","P05230 ","1RML","NMR","-","A","1-155"
"FGF1","NP_149128.1","P05230 ","1RY7","X-ray","3.2","A","1-155"
"FGF1","NP_149128.1","P05230 ","1YTO","X-ray","2.1","A/B/C/D","16-155"
"FGF1","NP_149128.1","P05230 ","1Z2V","X-ray","1.9","A/B","16-155"
"FGF1","NP_149128.1","P05230 ","1Z4S","X-ray","2.6","A/B/C/D","16-155"
"FGF1","NP_149128.1","P05230 ","2AFG","X-ray","2","A/B/C/D","16-155"
"FGF1","NP_149128.1","P05230 ","2AQZ","X-ray","1.85","A/B","16-155"
"FGF1","NP_149128.1","P05230 ","2AXM","X-ray","3","A/B","21-155"
"FGF1","NP_149128.1","P05230 ","2ERM","NMR","-","A","17-155"
"FGF1","NP_149128.1","P05230 ","2HW9","X-ray","1.6","A/B","16-155"
"FGF1","NP_149128.1","P05230 ","2HWA","X-ray","1.65","A/B","16-155"
"FGF1","NP_149128.1","P05230 ","2HWM","X-ray","1.6","A/B","16-155"
"FGF1","NP_149128.1","P05230 ","2HZ9","X-ray","1.7","A/B","16-155"
"FGF1","NP_149128.1","P05230 ","2K43","NMR","-","A","23-155"
"FGF1","NP_149128.1","P05230 ","2K4A","NMR","-","B","23-155"
"FGF1","NP_149128.1","P05230 ","2K8R","NMR","-","A","23-155"
"FGF1","NP_149128.1","P05230 ","2KI4","NMR","-","A/D","23-155"
"FGF1","NP_149128.1","P05230 ","2KI6","NMR","-","B/E","23-155"
"FGF1","NP_149128.1","P05230 ","2NTD","X-ray","2.52","A/B/C/D","16-155"
"FGF1","NP_149128.1","P05230 ","2Q9X","X-ray","1.7","A","16-155"
"FGF1","NP_149128.1","P05230 ","2RQ9","NMR","-","A","22-155"
"FGF1","NP_149128.1","P05230 ","3B9U","X-ray","1.55","A","16-155"
"FGF1","NP_149128.1","P05230 ","3BA4","X-ray","1.8","A/B","16-155"
"FGF1","NP_149128.1","P05230 ","3BA5","X-ray","1.75","A/B","16-155"
"FGF1","NP_149128.1","P05230 ","3BA7","X-ray","1.6","A/B","16-155"
"FGF1","NP_149128.1","P05230 ","3BAD","X-ray","2","A/B","16-155"
"FGF1","NP_149128.1","P05230 ","3BAG","X-ray","1.75","A/B","16-155"
"FGF1","NP_149128.1","P05230 ","3BAH","X-ray","1.65","A/B","16-155"
"FGF1","NP_149128.1","P05230 ","3BAO","X-ray","1.55","A/B","16-155"
"FGF1","NP_149128.1","P05230 ","3BAQ","X-ray","1.8","A/B","16-155"
"FGF1","NP_149128.1","P05230 ","3BAU","X-ray","1.6","A/B","16-155"
"FGF1","NP_149128.1","P05230 ","3BAV","X-ray","1.62","A/B","16-155"
"FGF1","NP_149128.1","P05230 ","3BB2","X-ray","1.5","A/B","16-155"
"FGF1","NP_149128.1","P05230 ","3CQA","X-ray","1.8","A/B","16-155"
"FGF1","NP_149128.1","P05230 ","3CRG","X-ray","1.85","A/B","16-155"
"FGF1","NP_149128.1","P05230 ","3CRH","X-ray","2.15","A/B","16-155"
"FGF1","NP_149128.1","P05230 ","3CRI","X-ray","2.1","A/B","16-155"
"FGF1","NP_149128.1","P05230 ","3CU1","X-ray","2.6","B/D","22-152"
"FGF1","NP_149128.1","P05230 ","3FGM","X-ray","1.95","A/B","16-155"
"FGF1","NP_149128.1","P05230 ","3FJ8","X-ray","2","A/B","16-155"
"FGF1","NP_149128.1","P05230 ","3FJ9","X-ray","1.9","A/B","16-155"
"FGF1","NP_149128.1","P05230 ","3FJA","X-ray","1.95","A/B","16-155"
"FGF1","NP_149128.1","P05230 ","3FJB","X-ray","2","A/B","16-155"
"FGF1","NP_149128.1","P05230 ","3FJC","X-ray","2","A/B","16-155"
"FGF1","NP_149128.1","P05230 ","3FJD","X-ray","1.9","A/B","16-155"
"FGF1","NP_149128.1","P05230 ","3FJE","X-ray","2.1","A/B","16-155"
"FGF1","NP_149128.1","P05230 ","3FJF","X-ray","1.9","A/B","16-155"
"FGF1","NP_149128.1","P05230 ","3FJH","X-ray","1.9","A/B","16-155"
"FGF1","NP_149128.1","P05230 ","3FJI","X-ray","2.55","A/B/C/D","16-155"
"FGF1","NP_149128.1","P05230 ","3FJJ","X-ray","1.9","A/B","16-155"
"FGF1","NP_149128.1","P05230 ","3FJK","X-ray","2.15","A/B/C/D","16-155"
"FGF1","NP_149128.1","P05230 ","3HOM","X-ray","2.3","A/B","16-155"
"FGF1","NP_149128.1","P05230 ","3JUT","X-ray","2.25","A/B/C/D/E/F","24-153"
"FGF1","NP_149128.1","P05230 ","3K1X","X-ray","1.98","A/B/C/D/E/F","24-153"
"FGF2 ","NP_001997.5","P09038","1BAS","X-ray","1.9","A","135-288"
"FGF2 ","NP_001997.5","P09038","1BFB","X-ray","1.9","A","142-288"
"FGF2 ","NP_001997.5","P09038","1BFC","X-ray","2.2","A","142-288"
"FGF2 ","NP_001997.5","P09038","1BFF","X-ray","2","A","160-288"
"FGF2 ","NP_001997.5","P09038","1BFG","X-ray","1.6","A","143-288"
"FGF2 ","NP_001997.5","P09038","1BLA","NMR","-","A","134-288"
"FGF2 ","NP_001997.5","P09038","1BLD","NMR","-","A","134-288"
"FGF2 ","NP_001997.5","P09038","1CVS","X-ray","2.8","A/B","157-288"
"FGF2 ","NP_001997.5","P09038","1EV2","X-ray","2.2","A/B/C/D","157-288"
"FGF2 ","NP_001997.5","P09038","1FGA","X-ray","2.2","A","143-288"
"FGF2 ","NP_001997.5","P09038","1FQ9","X-ray","3","A/B","157-288"
"FGF2 ","NP_001997.5","P09038","1II4","X-ray","2.7","A/B/C/D","134-288"
"FGF2 ","NP_001997.5","P09038","1IIL","X-ray","2.3","A/B/C/D","134-288"
"FGF2 ","NP_001997.5","P09038","2BFH","X-ray","2.5","A","161-288"
"FGF2 ","NP_001997.5","P09038","2FGF","X-ray","1.77","A","143-288"
"FGF2 ","NP_001997.5","P09038","4FGF","X-ray","1.6","A","143-288"
"FGF7","NP_002000.1","P21781 ","-","-","-","-","-"
"FGFR2","NP_000132.3","P21802 ","1DJS","X-ray","2.4","A","153-362"
"FGFR2","NP_000132.3","P21802 ","1E0O","X-ray","2.8","B/D","148-366"
"FGFR2","NP_000132.3","P21802 ","1EV2","X-ray","2.2","E/F/G/H","147-366"
"FGFR2","NP_000132.3","P21802 ","1GJO","X-ray","2.4","A","456-768"
"FGFR2","NP_000132.3","P21802 ","1II4","X-ray","2.7","E/F/G/H","147-366"
"FGFR2","NP_000132.3","P21802 ","1IIL","X-ray","2.3","E/F/G/H","147-366"
"FGFR2","NP_000132.3","P21802 ","1NUN","X-ray","2.9","B","140-361"
"FGFR2","NP_000132.3","P21802 ","1OEC","X-ray","2.4","A","456-768"
"FGFR2","NP_000132.3","P21802 ","1WVZ","NMR","-","A","147-249"
"FGFR2","NP_000132.3","P21802 ","2FDB","X-ray","2.28","P/R","149-368"
"FGFR2","NP_000132.3","P21802 ","2PSQ","X-ray","2.4","A/B","413-768"
"FGFR2","NP_000132.3","P21802 ","2PVF","X-ray","1.8","A","458-778"
"FGFR2","NP_000132.3","P21802 ","2PVF","X-ray","1.8","B","764-778"
"FGFR2","NP_000132.3","P21802 ","2PVY","X-ray","2.2","A/B/C/D","458-768"
"FGFR2","NP_000132.3","P21802 ","2PWL","X-ray","2.4","A/B","458-768"
"FGFR2","NP_000132.3","P21802 ","2PY3","X-ray","2.3","A/B","458-768"
"FGFR2","NP_000132.3","P21802 ","2PZ5","X-ray","2.4","A/B","458-768"
"FGFR2","NP_000132.3","P21802 ","2PZP","X-ray","2.4","A/B","458-768"
"FGFR2","NP_000132.3","P21802 ","2PZR","X-ray","3","A/B","458-768"
"FGFR2","NP_000132.3","P21802 ","2Q0B","X-ray","2.9","A/B","458-768"
"FGFR2","NP_000132.3","P21802 ","3B2T","X-ray","1.8","A/B","458-766"
"FGFR2","NP_000132.3","P21802 ","3CAF","X-ray","1.96","A","150-249"
"FGFR2","NP_000132.3","P21802 ","3CLY","X-ray","2","A","458-778"
"FGFR2","NP_000132.3","P21802 ","3CU1","X-ray","2.6","A/C","150-249"
"FGFR2","NP_000132.3","P21802 ","3DAR","X-ray","2.2","A/B","146-249"
"FGFR2","NP_000132.3","P21802 ","3EUU","X-ray","2.34","A/B","150-249"
"FGFR2","NP_001138385.1","P21802 ","1DJS","X-ray","2.4","A","153-362"
"FGFR2","NP_001138385.1","P21802 ","1E0O","X-ray","2.8","B/D","148-366"
"FGFR2","NP_001138385.1","P21802 ","1EV2","X-ray","2.2","E/F/G/H","147-366"
"FGFR2","NP_001138385.1","P21802 ","1GJO","X-ray","2.4","A","456-768"
"FGFR2","NP_001138385.1","P21802 ","1II4","X-ray","2.7","E/F/G/H","147-366"
"FGFR2","NP_001138385.1","P21802 ","1IIL","X-ray","2.3","E/F/G/H","147-366"
"FGFR2","NP_001138385.1","P21802 ","1NUN","X-ray","2.9","B","140-361"
"FGFR2","NP_001138385.1","P21802 ","1OEC","X-ray","2.4","A","456-768"
"FGFR2","NP_001138385.1","P21802 ","1WVZ","NMR","-","A","147-249"
"FGFR2","NP_001138385.1","P21802 ","2FDB","X-ray","2.28","P/R","149-368"
"FGFR2","NP_001138385.1","P21802 ","2PSQ","X-ray","2.4","A/B","413-768"
"FGFR2","NP_001138385.1","P21802 ","2PVF","X-ray","1.8","A","458-778"
"FGFR2","NP_001138385.1","P21802 ","2PVF","X-ray","1.8","B","764-778"
"FGFR2","NP_001138385.1","P21802 ","2PVY","X-ray","2.2","A/B/C/D","458-768"
"FGFR2","NP_001138385.1","P21802 ","2PWL","X-ray","2.4","A/B","458-768"
"FGFR2","NP_001138385.1","P21802 ","2PY3","X-ray","2.3","A/B","458-768"
"FGFR2","NP_001138385.1","P21802 ","2PZ5","X-ray","2.4","A/B","458-768"
"FGFR2","NP_001138385.1","P21802 ","2PZP","X-ray","2.4","A/B","458-768"
"FGFR2","NP_001138385.1","P21802 ","2PZR","X-ray","3","A/B","458-768"
"FGFR2","NP_001138385.1","P21802 ","2Q0B","X-ray","2.9","A/B","458-768"
"FGFR2","NP_001138385.1","P21802 ","3B2T","X-ray","1.8","A/B","458-766"
"FGFR2","NP_001138385.1","P21802 ","3CAF","X-ray","1.96","A","150-249"
"FGFR2","NP_001138385.1","P21802 ","3CLY","X-ray","2","A","458-778"
"FGFR2","NP_001138385.1","P21802 ","3CU1","X-ray","2.6","A/C","150-249"
"FGFR2","NP_001138385.1","P21802 ","3DAR","X-ray","2.2","A/B","146-249"
"FGFR2","NP_001138385.1","P21802 ","3EUU","X-ray","2.34","A/B","150-249"
"FGFR2","NP_001138386.1","P21802 ","1DJS","X-ray","2.4","A","153-362"
"FGFR2","NP_001138386.1","P21802 ","1E0O","X-ray","2.8","B/D","148-366"
"FGFR2","NP_001138386.1","P21802 ","1EV2","X-ray","2.2","E/F/G/H","147-366"
"FGFR2","NP_001138386.1","P21802 ","1GJO","X-ray","2.4","A","456-768"
"FGFR2","NP_001138386.1","P21802 ","1II4","X-ray","2.7","E/F/G/H","147-366"
"FGFR2","NP_001138386.1","P21802 ","1IIL","X-ray","2.3","E/F/G/H","147-366"
"FGFR2","NP_001138386.1","P21802 ","1NUN","X-ray","2.9","B","140-361"
"FGFR2","NP_001138386.1","P21802 ","1OEC","X-ray","2.4","A","456-768"
"FGFR2","NP_001138386.1","P21802 ","1WVZ","NMR","-","A","147-249"
"FGFR2","NP_001138386.1","P21802 ","2FDB","X-ray","2.28","P/R","149-368"
"FGFR2","NP_001138386.1","P21802 ","2PSQ","X-ray","2.4","A/B","413-768"
"FGFR2","NP_001138386.1","P21802 ","2PVF","X-ray","1.8","A","458-778"
"FGFR2","NP_001138386.1","P21802 ","2PVF","X-ray","1.8","B","764-778"
"FGFR2","NP_001138386.1","P21802 ","2PVY","X-ray","2.2","A/B/C/D","458-768"
"FGFR2","NP_001138386.1","P21802 ","2PWL","X-ray","2.4","A/B","458-768"
"FGFR2","NP_001138386.1","P21802 ","2PY3","X-ray","2.3","A/B","458-768"
"FGFR2","NP_001138386.1","P21802 ","2PZ5","X-ray","2.4","A/B","458-768"
"FGFR2","NP_001138386.1","P21802 ","2PZP","X-ray","2.4","A/B","458-768"
"FGFR2","NP_001138386.1","P21802 ","2PZR","X-ray","3","A/B","458-768"
"FGFR2","NP_001138386.1","P21802 ","2Q0B","X-ray","2.9","A/B","458-768"
"FGFR2","NP_001138386.1","P21802 ","3B2T","X-ray","1.8","A/B","458-766"
"FGFR2","NP_001138386.1","P21802 ","3CAF","X-ray","1.96","A","150-249"
"FGFR2","NP_001138386.1","P21802 ","3CLY","X-ray","2","A","458-778"
"FGFR2","NP_001138386.1","P21802 ","3CU1","X-ray","2.6","A/C","150-249"
"FGFR2","NP_001138386.1","P21802 ","3DAR","X-ray","2.2","A/B","146-249"
"FGFR2","NP_001138386.1","P21802 ","3EUU","X-ray","2.34","A/B","150-249"
"FGFR2","NP_001138387.1","P21802 ","1DJS","X-ray","2.4","A","153-362"
"FGFR2","NP_001138387.1","P21802 ","1E0O","X-ray","2.8","B/D","148-366"
"FGFR2","NP_001138387.1","P21802 ","1EV2","X-ray","2.2","E/F/G/H","147-366"
"FGFR2","NP_001138387.1","P21802 ","1GJO","X-ray","2.4","A","456-768"
"FGFR2","NP_001138387.1","P21802 ","1II4","X-ray","2.7","E/F/G/H","147-366"
"FGFR2","NP_001138387.1","P21802 ","1IIL","X-ray","2.3","E/F/G/H","147-366"
"FGFR2","NP_001138387.1","P21802 ","1NUN","X-ray","2.9","B","140-361"
"FGFR2","NP_001138387.1","P21802 ","1OEC","X-ray","2.4","A","456-768"
"FGFR2","NP_001138387.1","P21802 ","1WVZ","NMR","-","A","147-249"
"FGFR2","NP_001138387.1","P21802 ","2FDB","X-ray","2.28","P/R","149-368"
"FGFR2","NP_001138387.1","P21802 ","2PSQ","X-ray","2.4","A/B","413-768"
"FGFR2","NP_001138387.1","P21802 ","2PVF","X-ray","1.8","A","458-778"
"FGFR2","NP_001138387.1","P21802 ","2PVF","X-ray","1.8","B","764-778"
"FGFR2","NP_001138387.1","P21802 ","2PVY","X-ray","2.2","A/B/C/D","458-768"
"FGFR2","NP_001138387.1","P21802 ","2PWL","X-ray","2.4","A/B","458-768"
"FGFR2","NP_001138387.1","P21802 ","2PY3","X-ray","2.3","A/B","458-768"
"FGFR2","NP_001138387.1","P21802 ","2PZ5","X-ray","2.4","A/B","458-768"
"FGFR2","NP_001138387.1","P21802 ","2PZP","X-ray","2.4","A/B","458-768"
"FGFR2","NP_001138387.1","P21802 ","2PZR","X-ray","3","A/B","458-768"
"FGFR2","NP_001138387.1","P21802 ","2Q0B","X-ray","2.9","A/B","458-768"
"FGFR2","NP_001138387.1","P21802 ","3B2T","X-ray","1.8","A/B","458-766"
"FGFR2","NP_001138387.1","P21802 ","3CAF","X-ray","1.96","A","150-249"
"FGFR2","NP_001138387.1","P21802 ","3CLY","X-ray","2","A","458-778"
"FGFR2","NP_001138387.1","P21802 ","3CU1","X-ray","2.6","A/C","150-249"
"FGFR2","NP_001138387.1","P21802 ","3DAR","X-ray","2.2","A/B","146-249"
"FGFR2","NP_001138387.1","P21802 ","3EUU","X-ray","2.34","A/B","150-249"
"FGFR2","NP_001138388.1","P21802 ","1DJS","X-ray","2.4","A","153-362"
"FGFR2","NP_001138388.1","P21802 ","1E0O","X-ray","2.8","B/D","148-366"
"FGFR2","NP_001138388.1","P21802 ","1EV2","X-ray","2.2","E/F/G/H","147-366"
"FGFR2","NP_001138388.1","P21802 ","1GJO","X-ray","2.4","A","456-768"
"FGFR2","NP_001138388.1","P21802 ","1II4","X-ray","2.7","E/F/G/H","147-366"
"FGFR2","NP_001138388.1","P21802 ","1IIL","X-ray","2.3","E/F/G/H","147-366"
"FGFR2","NP_001138388.1","P21802 ","1NUN","X-ray","2.9","B","140-361"
"FGFR2","NP_001138388.1","P21802 ","1OEC","X-ray","2.4","A","456-768"
"FGFR2","NP_001138388.1","P21802 ","1WVZ","NMR","-","A","147-249"
"FGFR2","NP_001138388.1","P21802 ","2FDB","X-ray","2.28","P/R","149-368"
"FGFR2","NP_001138388.1","P21802 ","2PSQ","X-ray","2.4","A/B","413-768"
"FGFR2","NP_001138388.1","P21802 ","2PVF","X-ray","1.8","A","458-778"
"FGFR2","NP_001138388.1","P21802 ","2PVF","X-ray","1.8","B","764-778"
"FGFR2","NP_001138388.1","P21802 ","2PVY","X-ray","2.2","A/B/C/D","458-768"
"FGFR2","NP_001138388.1","P21802 ","2PWL","X-ray","2.4","A/B","458-768"
"FGFR2","NP_001138388.1","P21802 ","2PY3","X-ray","2.3","A/B","458-768"
"FGFR2","NP_001138388.1","P21802 ","2PZ5","X-ray","2.4","A/B","458-768"
"FGFR2","NP_001138388.1","P21802 ","2PZP","X-ray","2.4","A/B","458-768"
"FGFR2","NP_001138388.1","P21802 ","2PZR","X-ray","3","A/B","458-768"
"FGFR2","NP_001138388.1","P21802 ","2Q0B","X-ray","2.9","A/B","458-768"
"FGFR2","NP_001138388.1","P21802 ","3B2T","X-ray","1.8","A/B","458-766"
"FGFR2","NP_001138388.1","P21802 ","3CAF","X-ray","1.96","A","150-249"
"FGFR2","NP_001138388.1","P21802 ","3CLY","X-ray","2","A","458-778"
"FGFR2","NP_001138388.1","P21802 ","3CU1","X-ray","2.6","A/C","150-249"
"FGFR2","NP_001138388.1","P21802 ","3DAR","X-ray","2.2","A/B","146-249"
"FGFR2","NP_001138388.1","P21802 ","3EUU","X-ray","2.34","A/B","150-249"
"FGFR2","NP_001138389.1","P21802 ","1DJS","X-ray","2.4","A","153-362"
"FGFR2","NP_001138389.1","P21802 ","1E0O","X-ray","2.8","B/D","148-366"
"FGFR2","NP_001138389.1","P21802 ","1EV2","X-ray","2.2","E/F/G/H","147-366"
"FGFR2","NP_001138389.1","P21802 ","1GJO","X-ray","2.4","A","456-768"
"FGFR2","NP_001138389.1","P21802 ","1II4","X-ray","2.7","E/F/G/H","147-366"
"FGFR2","NP_001138389.1","P21802 ","1IIL","X-ray","2.3","E/F/G/H","147-366"
"FGFR2","NP_001138389.1","P21802 ","1NUN","X-ray","2.9","B","140-361"
"FGFR2","NP_001138389.1","P21802 ","1OEC","X-ray","2.4","A","456-768"
"FGFR2","NP_001138389.1","P21802 ","1WVZ","NMR","-","A","147-249"
"FGFR2","NP_001138389.1","P21802 ","2FDB","X-ray","2.28","P/R","149-368"
"FGFR2","NP_001138389.1","P21802 ","2PSQ","X-ray","2.4","A/B","413-768"
"FGFR2","NP_001138389.1","P21802 ","2PVF","X-ray","1.8","A","458-778"
"FGFR2","NP_001138389.1","P21802 ","2PVF","X-ray","1.8","B","764-778"
"FGFR2","NP_001138389.1","P21802 ","2PVY","X-ray","2.2","A/B/C/D","458-768"
"FGFR2","NP_001138389.1","P21802 ","2PWL","X-ray","2.4","A/B","458-768"
"FGFR2","NP_001138389.1","P21802 ","2PY3","X-ray","2.3","A/B","458-768"
"FGFR2","NP_001138389.1","P21802 ","2PZ5","X-ray","2.4","A/B","458-768"
"FGFR2","NP_001138389.1","P21802 ","2PZP","X-ray","2.4","A/B","458-768"
"FGFR2","NP_001138389.1","P21802 ","2PZR","X-ray","3","A/B","458-768"
"FGFR2","NP_001138389.1","P21802 ","2Q0B","X-ray","2.9","A/B","458-768"
"FGFR2","NP_001138389.1","P21802 ","3B2T","X-ray","1.8","A/B","458-766"
"FGFR2","NP_001138389.1","P21802 ","3CAF","X-ray","1.96","A","150-249"
"FGFR2","NP_001138389.1","P21802 ","3CLY","X-ray","2","A","458-778"
"FGFR2","NP_001138389.1","P21802 ","3CU1","X-ray","2.6","A/C","150-249"
"FGFR2","NP_001138389.1","P21802 ","3DAR","X-ray","2.2","A/B","146-249"
"FGFR2","NP_001138389.1","P21802 ","3EUU","X-ray","2.34","A/B","150-249"
"FGFR2","NP_001138390.1","P21802 ","1DJS","X-ray","2.4","A","153-362"
"FGFR2","NP_001138390.1","P21802 ","1E0O","X-ray","2.8","B/D","148-366"
"FGFR2","NP_001138390.1","P21802 ","1EV2","X-ray","2.2","E/F/G/H","147-366"
"FGFR2","NP_001138390.1","P21802 ","1GJO","X-ray","2.4","A","456-768"
"FGFR2","NP_001138390.1","P21802 ","1II4","X-ray","2.7","E/F/G/H","147-366"
"FGFR2","NP_001138390.1","P21802 ","1IIL","X-ray","2.3","E/F/G/H","147-366"
"FGFR2","NP_001138390.1","P21802 ","1NUN","X-ray","2.9","B","140-361"
"FGFR2","NP_001138390.1","P21802 ","1OEC","X-ray","2.4","A","456-768"
"FGFR2","NP_001138390.1","P21802 ","1WVZ","NMR","-","A","147-249"
"FGFR2","NP_001138390.1","P21802 ","2FDB","X-ray","2.28","P/R","149-368"
"FGFR2","NP_001138390.1","P21802 ","2PSQ","X-ray","2.4","A/B","413-768"
"FGFR2","NP_001138390.1","P21802 ","2PVF","X-ray","1.8","A","458-778"
"FGFR2","NP_001138390.1","P21802 ","2PVF","X-ray","1.8","B","764-778"
"FGFR2","NP_001138390.1","P21802 ","2PVY","X-ray","2.2","A/B/C/D","458-768"
"FGFR2","NP_001138390.1","P21802 ","2PWL","X-ray","2.4","A/B","458-768"
"FGFR2","NP_001138390.1","P21802 ","2PY3","X-ray","2.3","A/B","458-768"
"FGFR2","NP_001138390.1","P21802 ","2PZ5","X-ray","2.4","A/B","458-768"
"FGFR2","NP_001138390.1","P21802 ","2PZP","X-ray","2.4","A/B","458-768"
"FGFR2","NP_001138390.1","P21802 ","2PZR","X-ray","3","A/B","458-768"
"FGFR2","NP_001138390.1","P21802 ","2Q0B","X-ray","2.9","A/B","458-768"
"FGFR2","NP_001138390.1","P21802 ","3B2T","X-ray","1.8","A/B","458-766"
"FGFR2","NP_001138390.1","P21802 ","3CAF","X-ray","1.96","A","150-249"
"FGFR2","NP_001138390.1","P21802 ","3CLY","X-ray","2","A","458-778"
"FGFR2","NP_001138390.1","P21802 ","3CU1","X-ray","2.6","A/C","150-249"
"FGFR2","NP_001138390.1","P21802 ","3DAR","X-ray","2.2","A/B","146-249"
"FGFR2","NP_001138390.1","P21802 ","3EUU","X-ray","2.34","A/B","150-249"
"FGFR2","NP_001138391.1","P21802 ","1DJS","X-ray","2.4","A","153-362"
"FGFR2","NP_001138391.1","P21802 ","1E0O","X-ray","2.8","B/D","148-366"
"FGFR2","NP_001138391.1","P21802 ","1EV2","X-ray","2.2","E/F/G/H","147-366"
"FGFR2","NP_001138391.1","P21802 ","1GJO","X-ray","2.4","A","456-768"
"FGFR2","NP_001138391.1","P21802 ","1II4","X-ray","2.7","E/F/G/H","147-366"
"FGFR2","NP_001138391.1","P21802 ","1IIL","X-ray","2.3","E/F/G/H","147-366"
"FGFR2","NP_001138391.1","P21802 ","1NUN","X-ray","2.9","B","140-361"
"FGFR2","NP_001138391.1","P21802 ","1OEC","X-ray","2.4","A","456-768"
"FGFR2","NP_001138391.1","P21802 ","1WVZ","NMR","-","A","147-249"
"FGFR2","NP_001138391.1","P21802 ","2FDB","X-ray","2.28","P/R","149-368"
"FGFR2","NP_001138391.1","P21802 ","2PSQ","X-ray","2.4","A/B","413-768"
"FGFR2","NP_001138391.1","P21802 ","2PVF","X-ray","1.8","A","458-778"
"FGFR2","NP_001138391.1","P21802 ","2PVF","X-ray","1.8","B","764-778"
"FGFR2","NP_001138391.1","P21802 ","2PVY","X-ray","2.2","A/B/C/D","458-768"
"FGFR2","NP_001138391.1","P21802 ","2PWL","X-ray","2.4","A/B","458-768"
"FGFR2","NP_001138391.1","P21802 ","2PY3","X-ray","2.3","A/B","458-768"
"FGFR2","NP_001138391.1","P21802 ","2PZ5","X-ray","2.4","A/B","458-768"
"FGFR2","NP_001138391.1","P21802 ","2PZP","X-ray","2.4","A/B","458-768"
"FGFR2","NP_001138391.1","P21802 ","2PZR","X-ray","3","A/B","458-768"
"FGFR2","NP_001138391.1","P21802 ","2Q0B","X-ray","2.9","A/B","458-768"
"FGFR2","NP_001138391.1","P21802 ","3B2T","X-ray","1.8","A/B","458-766"
"FGFR2","NP_001138391.1","P21802 ","3CAF","X-ray","1.96","A","150-249"
"FGFR2","NP_001138391.1","P21802 ","3CLY","X-ray","2","A","458-778"
"FGFR2","NP_001138391.1","P21802 ","3CU1","X-ray","2.6","A/C","150-249"
"FGFR2","NP_001138391.1","P21802 ","3DAR","X-ray","2.2","A/B","146-249"
"FGFR2","NP_001138391.1","P21802 ","3EUU","X-ray","2.34","A/B","150-249"
"FGFR2","NP_075259.4","P21802 ","1DJS","X-ray","2.4","A","153-362"
"FGFR2","NP_075259.4","P21802 ","1E0O","X-ray","2.8","B/D","148-366"
"FGFR2","NP_075259.4","P21802 ","1EV2","X-ray","2.2","E/F/G/H","147-366"
"FGFR2","NP_075259.4","P21802 ","1GJO","X-ray","2.4","A","456-768"
"FGFR2","NP_075259.4","P21802 ","1II4","X-ray","2.7","E/F/G/H","147-366"
"FGFR2","NP_075259.4","P21802 ","1IIL","X-ray","2.3","E/F/G/H","147-366"
"FGFR2","NP_075259.4","P21802 ","1NUN","X-ray","2.9","B","140-361"
"FGFR2","NP_075259.4","P21802 ","1OEC","X-ray","2.4","A","456-768"
"FGFR2","NP_075259.4","P21802 ","1WVZ","NMR","-","A","147-249"
"FGFR2","NP_075259.4","P21802 ","2FDB","X-ray","2.28","P/R","149-368"
"FGFR2","NP_075259.4","P21802 ","2PSQ","X-ray","2.4","A/B","413-768"
"FGFR2","NP_075259.4","P21802 ","2PVF","X-ray","1.8","A","458-778"
"FGFR2","NP_075259.4","P21802 ","2PVF","X-ray","1.8","B","764-778"
"FGFR2","NP_075259.4","P21802 ","2PVY","X-ray","2.2","A/B/C/D","458-768"
"FGFR2","NP_075259.4","P21802 ","2PWL","X-ray","2.4","A/B","458-768"
"FGFR2","NP_075259.4","P21802 ","2PY3","X-ray","2.3","A/B","458-768"
"FGFR2","NP_075259.4","P21802 ","2PZ5","X-ray","2.4","A/B","458-768"
"FGFR2","NP_075259.4","P21802 ","2PZP","X-ray","2.4","A/B","458-768"
"FGFR2","NP_075259.4","P21802 ","2PZR","X-ray","3","A/B","458-768"
"FGFR2","NP_075259.4","P21802 ","2Q0B","X-ray","2.9","A/B","458-768"
"FGFR2","NP_075259.4","P21802 ","3B2T","X-ray","1.8","A/B","458-766"
"FGFR2","NP_075259.4","P21802 ","3CAF","X-ray","1.96","A","150-249"
"FGFR2","NP_075259.4","P21802 ","3CLY","X-ray","2","A","458-778"
"FGFR2","NP_075259.4","P21802 ","3CU1","X-ray","2.6","A/C","150-249"
"FGFR2","NP_075259.4","P21802 ","3DAR","X-ray","2.2","A/B","146-249"
"FGFR2","NP_075259.4","P21802 ","3EUU","X-ray","2.34","A/B","150-249"
"FHIT","NP_002003.1","P49789 ","1FHI","X-ray","3.1","A","1-147"
"FHIT","NP_002003.1","P49789 ","1FIT","X-ray","1.85","A","1-147"
"FHIT","NP_002003.1","P49789 ","2FHI","X-ray","2.6","A","1-147"
"FHIT","NP_002003.1","P49789 ","2FIT","X-ray","1.9","A","1-147"
"FHIT","NP_002003.1","P49789 ","3FIT","X-ray","2.4","A","1-147"
"FHIT","NP_002003.1","P49789 ","4FIT","X-ray","2.5","A","1-147"
"FHIT","NP_002003.1","P49789 ","5FIT","X-ray","2.3","A","1-147"
"FHIT","NP_002003.1","P49789 ","6FIT","X-ray","2.6","A","1-147"
"FLNA","NP_001104026.1","P21333","2AAV","NMR","-","A","1863-1955"
"FLNA","NP_001104026.1","P21333","2BP3","X-ray","2.32","A/B","1863-1956"
"FLNA","NP_001104026.1","P21333","2BRQ","X-ray","2.1","A/B","2236-2329"
"FLNA","NP_001104026.1","P21333","2J3S","X-ray","2.5","A/B","2045-2329"
"FLNA","NP_001104026.1","P21333","2JF1","X-ray","2.2","A","2236-2329"
"FLNA","NP_001104026.1","P21333","2K3T","NMR","-","A","2427-2522"
"FLNA","NP_001104026.1","P21333","2K7P","NMR","-","A","1772-1956"
"FLNA","NP_001104026.1","P21333","2K7Q","NMR","-","A","1954-2141"
"FLNA","NP_001104026.1","P21333","2W0P","X-ray","1.9","A/B","2236-2329"
"FLNA","NP_001104026.1","P21333","2WFN","X-ray","3.2","A/B","1-278"
"FLNA","NP_001104026.1","P21333","3CNK","X-ray","1.65","A/B","2559-2647"
"FLNA","NP_001104026.1","P21333","3HOC","X-ray","2.3","A/B","2-269"
"FLNA","NP_001104026.1","P21333","3HOP","X-ray","2.3","A/B","2-269"
"FLNA","NP_001104026.1","P21333","3HOR","X-ray","2.7","A/B","2-269"
"FLNA","NP_001104026.1","P21333","3ISW","X-ray","2.8","A/B","2236-2329"
"FLNA","NP_001447.2","P21333","2AAV","NMR","-","A","1863-1955"
"FLNA","NP_001447.2","P21333","2BP3","X-ray","2.32","A/B","1863-1956"
"FLNA","NP_001447.2","P21333","2BRQ","X-ray","2.1","A/B","2236-2329"
"FLNA","NP_001447.2","P21333","2J3S","X-ray","2.5","A/B","2045-2329"
"FLNA","NP_001447.2","P21333","2JF1","X-ray","2.2","A","2236-2329"
"FLNA","NP_001447.2","P21333","2K3T","NMR","-","A","2427-2522"
"FLNA","NP_001447.2","P21333","2K7P","NMR","-","A","1772-1956"
"FLNA","NP_001447.2","P21333","2K7Q","NMR","-","A","1954-2141"
"FLNA","NP_001447.2","P21333","2W0P","X-ray","1.9","A/B","2236-2329"
"FLNA","NP_001447.2","P21333","2WFN","X-ray","3.2","A/B","1-278"
"FLNA","NP_001447.2","P21333","3CNK","X-ray","1.65","A/B","2559-2647"
"FLNA","NP_001447.2","P21333","3HOC","X-ray","2.3","A/B","2-269"
"FLNA","NP_001447.2","P21333","3HOP","X-ray","2.3","A/B","2-269"
"FLNA","NP_001447.2","P21333","3HOR","X-ray","2.7","A/B","2-269"
"FLNA","NP_001447.2","P21333","3ISW","X-ray","2.8","A/B","2236-2329"
"FLT1","NP_002010.2","P17948","1FLT","X-ray","1.7","X/Y","132-226"
"FLT1","NP_002010.2","P17948","1QSV","NMR","-","A","129-229"
"FLT1","NP_002010.2","P17948","1QSZ","NMR","-","A","129-229"
"FLT1","NP_002010.2","P17948","1QTY","X-ray","2.7","T/U/X/Y","129-229"
"FLT1","NP_002010.2","P17948","1RV6","X-ray","2.45","X/Y","130-229"
"FLT1","NP_002010.2","P17948","2XAC","X-ray","2.71","C/X","129-226"
"FLT1","NP_002010.2","P17948","3HNG","X-ray","2.7","A","801-1158"
"FOXL2","NP_075555.1","P58012 ","-","-","-","-","-"
"FUS","NP_004951.1","P35637","-","-","-","-","-"
"GAPDH","NP_002037.2","P04406 ","1U8F","X-ray","1.75","O/P/Q/R","1-335"
"GAPDH","NP_002037.2","P04406 ","1ZNQ","X-ray","2.5","O/P/Q/R","1-335"
"GAPDH","NP_002037.2","P04406 ","2FEH","model","-","O/P/Q/R","1-335"
"GAPDH","NP_002037.2","P04406 ","3GPD","X-ray","3.5","G/R","2-335"
"GARS","NP_002038.2","P41250","2PME","X-ray","2.9","A","55-739"
"GARS","NP_002038.2","P41250","2PMF","X-ray","2.85","A","55-739"
"GARS","NP_002038.2","P41250","2Q5H","X-ray","3","A","55-739"
"GARS","NP_002038.2","P41250","2Q5I","X-ray","2.8","A","55-739"
"GARS","NP_002038.2","P41250","2ZT5","X-ray","2.5","A","55-739"
"GARS","NP_002038.2","P41250","2ZT6","X-ray","3.08","A","55-739"
"GARS","NP_002038.2","P41250","2ZT7","X-ray","2.7","A","55-739"
"GARS","NP_002038.2","P41250","2ZT8","X-ray","3.35","A","55-739"
"GARS","NP_002038.2","P41250","2ZXF","X-ray","3.4","A","55-739"
"GATA3","NP_001002295.1","P23771 ","-","-","-","-","-"
"GATA3","NP_002042.1","P23771 ","-","-","-","-","-"
"GDF15 ","NP_004855.2","Q99988","-","-","-","-","-"
"GFOD2","NP_110446.3","Q3B7J2 ","-","-","-","-","-"
"GJA1 ","NP_000156.1","P17302","-","-","-","-","-"
"GLI1","NP_005260.1","P08151 ","2GLI","X-ray","2.6","A","234-388"
"GLTP","NP_057517.1","Q9NZD2 ","1SWX","X-ray","1.65","A","1-209"
"GLTP","NP_057517.1","Q9NZD2 ","1SX6","X-ray","1.95","A","1-209"
"GLTP","NP_057517.1","Q9NZD2 ","2EUK","X-ray","1.85","A","1-209"
"GLTP","NP_057517.1","Q9NZD2 ","2EUM","X-ray","2.3","A","1-209"
"GLTP","NP_057517.1","Q9NZD2 ","2EVD","X-ray","2","A","1-209"
"GLTP","NP_057517.1","Q9NZD2 ","2EVL","X-ray","2.2","A","1-209"
"GLTP","NP_057517.1","Q9NZD2 ","2EVS","X-ray","2.2","A/E","1-209"
"GLTP","NP_057517.1","Q9NZD2 ","2EVT","X-ray","1.99","A","1-209"
"GPX3","NP_002075.2","P22352 ","2R37","X-ray","1.85","A/B","25-223"
"GRB2","NP_002077.1","P62993 ","1AZE","NMR","-","A","Jan-56"
"GRB2","NP_002077.1","P62993 ","1BM2","X-ray","2.1","A","49-163"
"GRB2","NP_002077.1","P62993 ","1BMB","X-ray","1.8","A","49-168"
"GRB2","NP_002077.1","P62993 ","1CJ1","X-ray","3","A/B/C/D/E/F/G/H/I/J/K/L","57-152"
"GRB2","NP_002077.1","P62993 ","1FHS","NMR","-","A","53-163"
"GRB2","NP_002077.1","P62993 ","1FYR","X-ray","2.4","A/B/C/D","50-161"
"GRB2","NP_002077.1","P62993 ","1GCQ","X-ray","1.68","A/B","159-217"
"GRB2","NP_002077.1","P62993 ","1GFC","NMR","-","A","159-215"
"GRB2","NP_002077.1","P62993 ","1GFD","NMR","-","A","159-215"
"GRB2","NP_002077.1","P62993 ","1GHU","NMR","-","A","60-158"
"GRB2","NP_002077.1","P62993 ","1GRI","X-ray","3.1","A/B","1-217"
"GRB2","NP_002077.1","P62993 ","1IO6","NMR","-","A","159-215"
"GRB2","NP_002077.1","P62993 ","1JYQ","X-ray","2","A/B","60-151"
"GRB2","NP_002077.1","P62993 ","1JYR","X-ray","1.55","A","60-151"
"GRB2","NP_002077.1","P62993 ","1JYU","X-ray","2.75","A","60-151"
"GRB2","NP_002077.1","P62993 ","1QG1","NMR","-","E","58-159"
"GRB2","NP_002077.1","P62993 ","1TZE","X-ray","2.1","E","55-152"
"GRB2","NP_002077.1","P62993 ","1X0N","NMR","-","A","58-159"
"GRB2","NP_002077.1","P62993 ","1ZFP","X-ray","1.8","E","56-153"
"GRB2","NP_002077.1","P62993 ","2AOA","X-ray","1.99","A/B","55-153"
"GRB2","NP_002077.1","P62993 ","2AOB","X-ray","1.8","A/B/C/D","55-153"
"GRB2","NP_002077.1","P62993 ","2H46","X-ray","1.9","E","53-162"
"GRB2","NP_002077.1","P62993 ","2H5K","X-ray","3.25","A/B","53-162"
"GRB2","NP_002077.1","P62993 ","2HUW","X-ray","1.9","A/B","53-162"
"GRB2","NP_002077.1","P62993 ","2VVK","X-ray","1.6","A","161-214"
"GRB2","NP_002077.1","P62993 ","2VWF","X-ray","1.58","A","159-214"
"GRB2","NP_002077.1","P62993 ","2W0Z","X-ray","1.7","A","159-214"
"GRB2","NP_002077.1","P62993 ","3C7I","X-ray","1.7","A","53-162"
"GRB2","NP_002077.1","P62993 ","3IMD","X-ray","2","A/B","53-163"
"GRB2","NP_002077.1","P62993 ","3IMJ","X-ray","2.02","A/B","53-163"
"GRB2","NP_002077.1","P62993 ","3IN7","X-ray","2","A/C","53-163"
"GRB2","NP_002077.1","P62993 ","3IN8","X-ray","1.7","A","53-163"
"GRB2","NP_002077.1","P62993 ","3KFJ","X-ray","2.02","A","53-163"
"GRB2","NP_987102.1","P62993 ","1AZE","NMR","-","A","Jan-56"
"GRB2","NP_987102.1","P62993 ","1BM2","X-ray","2.1","A","49-163"
"GRB2","NP_987102.1","P62993 ","1BMB","X-ray","1.8","A","49-168"
"GRB2","NP_987102.1","P62993 ","1CJ1","X-ray","3","A/B/C/D/E/F/G/H/I/J/K/L","57-152"
"GRB2","NP_987102.1","P62993 ","1FHS","NMR","-","A","53-163"
"GRB2","NP_987102.1","P62993 ","1FYR","X-ray","2.4","A/B/C/D","50-161"
"GRB2","NP_987102.1","P62993 ","1GCQ","X-ray","1.68","A/B","159-217"
"GRB2","NP_987102.1","P62993 ","1GFC","NMR","-","A","159-215"
"GRB2","NP_987102.1","P62993 ","1GFD","NMR","-","A","159-215"
"GRB2","NP_987102.1","P62993 ","1GHU","NMR","-","A","60-158"
"GRB2","NP_987102.1","P62993 ","1GRI","X-ray","3.1","A/B","1-217"
"GRB2","NP_987102.1","P62993 ","1IO6","NMR","-","A","159-215"
"GRB2","NP_987102.1","P62993 ","1JYQ","X-ray","2","A/B","60-151"
"GRB2","NP_987102.1","P62993 ","1JYR","X-ray","1.55","A","60-151"
"GRB2","NP_987102.1","P62993 ","1JYU","X-ray","2.75","A","60-151"
"GRB2","NP_987102.1","P62993 ","1QG1","NMR","-","E","58-159"
"GRB2","NP_987102.1","P62993 ","1TZE","X-ray","2.1","E","55-152"
"GRB2","NP_987102.1","P62993 ","1X0N","NMR","-","A","58-159"
"GRB2","NP_987102.1","P62993 ","1ZFP","X-ray","1.8","E","56-153"
"GRB2","NP_987102.1","P62993 ","2AOA","X-ray","1.99","A/B","55-153"
"GRB2","NP_987102.1","P62993 ","2AOB","X-ray","1.8","A/B/C/D","55-153"
"GRB2","NP_987102.1","P62993 ","2H46","X-ray","1.9","E","53-162"
"GRB2","NP_987102.1","P62993 ","2H5K","X-ray","3.25","A/B","53-162"
"GRB2","NP_987102.1","P62993 ","2HUW","X-ray","1.9","A/B","53-162"
"GRB2","NP_987102.1","P62993 ","2VVK","X-ray","1.6","A","161-214"
"GRB2","NP_987102.1","P62993 ","2VWF","X-ray","1.58","A","159-214"
"GRB2","NP_987102.1","P62993 ","2W0Z","X-ray","1.7","A","159-214"
"GRB2","NP_987102.1","P62993 ","3C7I","X-ray","1.7","A","53-162"
"GRB2","NP_987102.1","P62993 ","3IMD","X-ray","2","A/B","53-163"
"GRB2","NP_987102.1","P62993 ","3IMJ","X-ray","2.02","A/B","53-163"
"GRB2","NP_987102.1","P62993 ","3IN7","X-ray","2","A/C","53-163"
"GRB2","NP_987102.1","P62993 ","3IN8","X-ray","1.7","A","53-163"
"GRB2","NP_987102.1","P62993 ","3KFJ","X-ray","2.02","A","53-163"
"GRM4","NP_000832.1","Q14833 ","-","-","-","-","-"
"GSS","NP_000169.1","P48637","2HGS","X-ray","2.1","A","1-474"
"GSTP1","NP_000843.1","P09211 ","10GS","X-ray","2.2","A/B","2-210"
"GSTP1","NP_000843.1","P09211 ","11GS","X-ray","2.3","A/B","2-209"
"GSTP1","NP_000843.1","P09211 ","12GS","X-ray","2.1","A/B","1-210"
"GSTP1","NP_000843.1","P09211 ","13GS","X-ray","1.9","A/B","1-210"
"GSTP1","NP_000843.1","P09211 ","14GS","X-ray","2.8","A/B","2-209"
"GSTP1","NP_000843.1","P09211 ","16GS","X-ray","1.9","A/B","2-209"
"GSTP1","NP_000843.1","P09211 ","17GS","X-ray","1.9","A/B","1-210"
"GSTP1","NP_000843.1","P09211 ","18GS","X-ray","1.9","A/B","2-209"
"GSTP1","NP_000843.1","P09211 ","19GS","X-ray","1.9","A/B","2-209"
"GSTP1","NP_000843.1","P09211 ","1AQV","X-ray","1.94","A/B","2-210"
"GSTP1","NP_000843.1","P09211 ","1AQW","X-ray","1.8","A/B/C/D","2-210"
"GSTP1","NP_000843.1","P09211 ","1AQX","X-ray","2","A/B/C/D","2-210"
"GSTP1","NP_000843.1","P09211 ","1EOG","X-ray","2.1","A/B","3-210"
"GSTP1","NP_000843.1","P09211 ","1EOH","X-ray","2.5","A/B/C/D/E/F/G/H","2-210"
"GSTP1","NP_000843.1","P09211 ","1GSS","X-ray","2.8","A/B","2-210"
"GSTP1","NP_000843.1","P09211 ","1KBN","X-ray","2","A/B","2-209"
"GSTP1","NP_000843.1","P09211 ","1LBK","X-ray","1.86","A/B","2-202"
"GSTP1","NP_000843.1","P09211 ","1MD3","X-ray","2.03","A/B","2-209"
"GSTP1","NP_000843.1","P09211 ","1MD4","X-ray","2.1","A/B","2-209"
"GSTP1","NP_000843.1","P09211 ","1PGT","X-ray","1.8","A/B","1-210"
"GSTP1","NP_000843.1","P09211 ","1PX6","X-ray","2.1","A/B","2-209"
"GSTP1","NP_000843.1","P09211 ","1PX7","X-ray","2.03","A/B","2-209"
"GSTP1","NP_000843.1","P09211 ","1ZGN","X-ray","2.1","A/B","2-209"
"GSTP1","NP_000843.1","P09211 ","20GS","X-ray","2.45","A/B","2-209"
"GSTP1","NP_000843.1","P09211 ","22GS","X-ray","1.9","A/B","1-210"
"GSTP1","NP_000843.1","P09211 ","2A2R","X-ray","1.4","A/B","2-209"
"GSTP1","NP_000843.1","P09211 ","2A2S","X-ray","1.7","A/B","2-209"
"GSTP1","NP_000843.1","P09211 ","2GSS","X-ray","1.9","A/B","2-210"
"GSTP1","NP_000843.1","P09211 ","2J9H","X-ray","2.4","A/B","2-210"
"GSTP1","NP_000843.1","P09211 ","2PGT","X-ray","1.9","A/B","1-210"
"GSTP1","NP_000843.1","P09211 ","3CSH","X-ray","1.55","A/B","2-210"
"GSTP1","NP_000843.1","P09211 ","3CSI","X-ray","1.9","A/B/C/D","2-210"
"GSTP1","NP_000843.1","P09211 ","3CSJ","X-ray","1.9","A/B","2-210"
"GSTP1","NP_000843.1","P09211 ","3DD3","X-ray","2.25","A/B","1-210"
"GSTP1","NP_000843.1","P09211 ","3DGQ","X-ray","1.6","A/B","1-210"
"GSTP1","NP_000843.1","P09211 ","3GSS","X-ray","1.9","A/B","2-210"
"GSTP1","NP_000843.1","P09211 ","3GUS","X-ray","1.53","A/B","2-210"
"GSTP1","NP_000843.1","P09211 ","3HJM","X-ray","2.1","A/B/C/D","2-210"
"GSTP1","NP_000843.1","P09211 ","3HJO","X-ray","1.95","A/B","2-210"
"GSTP1","NP_000843.1","P09211 ","3HKR","X-ray","1.8","A/B","2-210"
"GSTP1","NP_000843.1","P09211 ","3IE3","X-ray","1.8","A/B","2-210"
"GSTP1","NP_000843.1","P09211 ","3KM6","X-ray","2.1","A/B","2-210"
"GSTP1","NP_000843.1","P09211 ","3KMN","X-ray","1.8","A/B","2-210"
"GSTP1","NP_000843.1","P09211 ","3KMO","X-ray","2.6","A/B","2-210"
"GSTP1","NP_000843.1","P09211 ","3PGT","X-ray","2.14","A/B","1-210"
"GSTP1","NP_000843.1","P09211 ","4GSS","X-ray","2.5","A/B","2-209"
"GSTP1","NP_000843.1","P09211 ","4PGT","X-ray","2.1","A/B","1-210"
"GSTP1","NP_000843.1","P09211 ","5GSS","X-ray","1.95","A/B","2-210"
"GSTP1","NP_000843.1","P09211 ","6GSS","X-ray","1.9","A/B","2-210"
"GSTP1","NP_000843.1","P09211 ","7GSS","X-ray","2.2","A/B","2-210"
"GSTP1","NP_000843.1","P09211 ","8GSS","X-ray","1.9","A/B/C","2-210"
"GSTP1","NP_000843.1","P09211 ","9GSS","X-ray","1.97","A/B","2-210"
"GTF2F2","NP_004119.1","P13984","1BBY","NMR","-","A","175-243"
"GTF2F2","NP_004119.1","P13984","1F3U","X-ray","1.7","A/C/E/G","2-119"
"GTF2F2","NP_004119.1","P13984","2BBY","NMR","-","A","175-243"
"GTF2H4","NP_001508.1","Q92759","-","-","-","-","-"
"GYS2","NP_068776.2","P54840 ","-","-","-","-","-"
"HBA2","NP_000508.1","P69905 ","1A00","X-ray","2","A/C","2-142"
"HBA2","NP_000508.1","P69905 ","1A01","X-ray","1.8","A/C","2-142"
"HBA2","NP_000508.1","P69905 ","1A0U","X-ray","2.14","A/C","2-142"
"HBA2","NP_000508.1","P69905 ","1A0Z","X-ray","2","A/C","2-142"
"HBA2","NP_000508.1","P69905 ","1A3N","X-ray","1.8","A/C","2-142"
"HBA2","NP_000508.1","P69905 ","1A3O","X-ray","1.8","A/C","2-142"
"HBA2","NP_000508.1","P69905 ","1A9W","X-ray","2.9","A/C","2-142"
"HBA2","NP_000508.1","P69905 ","1ABW","X-ray","2","A","2-142"
"HBA2","NP_000508.1","P69905 ","1ABY","X-ray","2.6","A","2-142"
"HBA2","NP_000508.1","P69905 ","1AJ9","X-ray","2.2","A","2-142"
"HBA2","NP_000508.1","P69905 ","1B86","X-ray","2.5","A/C","2-142"
"HBA2","NP_000508.1","P69905 ","1BAB","X-ray","1.5","A/C","3-142"
"HBA2","NP_000508.1","P69905 ","1BBB","X-ray","1.7","A/C","2-142"
"HBA2","NP_000508.1","P69905 ","1BIJ","X-ray","2.3","A/C","2-142"
"HBA2","NP_000508.1","P69905 ","1BUW","X-ray","1.9","A/C","2-142"
"HBA2","NP_000508.1","P69905 ","1BZ0","X-ray","1.5","A/C","2-142"
"HBA2","NP_000508.1","P69905 ","1BZ1","X-ray","1.59","A/C","2-142"
"HBA2","NP_000508.1","P69905 ","1BZZ","X-ray","1.59","A/C","3-142"
"HBA2","NP_000508.1","P69905 ","1C7B","X-ray","1.8","A/C","3-142"
"HBA2","NP_000508.1","P69905 ","1C7C","X-ray","1.8","A","2-142"
"HBA2","NP_000508.1","P69905 ","1C7D","X-ray","1.8","A","2-142"
"HBA2","NP_000508.1","P69905 ","1CLS","X-ray","1.9","A/C","2-142"
"HBA2","NP_000508.1","P69905 ","1CMY","X-ray","3","A/C","2-142"
"HBA2","NP_000508.1","P69905 ","1COH","X-ray","2.9","A/C","2-142"
"HBA2","NP_000508.1","P69905 ","1DKE","X-ray","2.1","A/C","2-142"
"HBA2","NP_000508.1","P69905 ","1DXT","X-ray","1.7","A/C","2-142"
"HBA2","NP_000508.1","P69905 ","1DXU","X-ray","1.7","A/C","2-142"
"HBA2","NP_000508.1","P69905 ","1DXV","X-ray","1.7","A/C","2-142"
"HBA2","NP_000508.1","P69905 ","1FDH","X-ray","2.5","A/B","2-142"
"HBA2","NP_000508.1","P69905 ","1FN3","X-ray","2.48","A/C","2-142"
"HBA2","NP_000508.1","P69905 ","1G9V","X-ray","1.85","A/C","2-142"
"HBA2","NP_000508.1","P69905 ","1GBU","X-ray","1.8","A/C","2-142"
"HBA2","NP_000508.1","P69905 ","1GBV","X-ray","2","A/C","2-142"
"HBA2","NP_000508.1","P69905 ","1GLI","X-ray","2.5","A/C","3-142"
"HBA2","NP_000508.1","P69905 ","1GZX","X-ray","2.1","A/C","2-142"
"HBA2","NP_000508.1","P69905 ","1HAB","X-ray","2.3","A/C","2-142"
"HBA2","NP_000508.1","P69905 ","1HAC","X-ray","2.6","A/C","2-142"
"HBA2","NP_000508.1","P69905 ","1HBA","X-ray","2.1","A/C","2-142"
"HBA2","NP_000508.1","P69905 ","1HBB","X-ray","1.9","A/C","2-142"
"HBA2","NP_000508.1","P69905 ","1HBS","X-ray","3","A/C/E/G","2-141"
"HBA2","NP_000508.1","P69905 ","1HCO","X-ray","2.7","A","2-142"
"HBA2","NP_000508.1","P69905 ","1HDB","X-ray","2.2","A/C","2-142"
"HBA2","NP_000508.1","P69905 ","1HGA","X-ray","2.1","A/C","2-142"
"HBA2","NP_000508.1","P69905 ","1HGB","X-ray","2.1","A/C","2-142"
"HBA2","NP_000508.1","P69905 ","1HGC","X-ray","2.1","A/C","2-142"
"HBA2","NP_000508.1","P69905 ","1HHO","X-ray","2.1","A","2-141"
"HBA2","NP_000508.1","P69905 ","1IRD","X-ray","1.25","A","2-142"
"HBA2","NP_000508.1","P69905 ","1J3Y","X-ray","1.55","A/C/E/G","2-142"
"HBA2","NP_000508.1","P69905 ","1J3Z","X-ray","1.6","A/C/E/G","2-142"
"HBA2","NP_000508.1","P69905 ","1J40","X-ray","1.45","A/C/E/G","2-142"
"HBA2","NP_000508.1","P69905 ","1J41","X-ray","1.45","A/C/E/G","2-142"
"HBA2","NP_000508.1","P69905 ","1J7S","X-ray","2.2","A/C","3-142"
"HBA2","NP_000508.1","P69905 ","1J7W","X-ray","2","A/C","3-142"
"HBA2","NP_000508.1","P69905 ","1J7Y","X-ray","1.7","A/C","3-142"
"HBA2","NP_000508.1","P69905 ","1JY7","X-ray","3.2","A/C/P/R/U/W","2-142"
"HBA2","NP_000508.1","P69905 ","1K0Y","X-ray","1.87","A/C","2-142"
"HBA2","NP_000508.1","P69905 ","1K1K","X-ray","2","A","2-142"
"HBA2","NP_000508.1","P69905 ","1KD2","X-ray","1.87","A/C","2-142"
"HBA2","NP_000508.1","P69905 ","1LFL","X-ray","2.7","A/C/P/R","2-142"
"HBA2","NP_000508.1","P69905 ","1LFQ","X-ray","2.6","A","2-142"
"HBA2","NP_000508.1","P69905 ","1LFT","X-ray","2.6","A","2-142"
"HBA2","NP_000508.1","P69905 ","1LFV","X-ray","2.8","A","2-142"
"HBA2","NP_000508.1","P69905 ","1LFY","X-ray","3.3","A","2-142"
"HBA2","NP_000508.1","P69905 ","1LFZ","X-ray","3.1","A","2-142"
"HBA2","NP_000508.1","P69905 ","1LJW","X-ray","2.16","A","2-142"
"HBA2","NP_000508.1","P69905 ","1M9P","X-ray","2.1","A/C","2-142"
"HBA2","NP_000508.1","P69905 ","1MKO","X-ray","2.18","A/C","2-142"
"HBA2","NP_000508.1","P69905 ","1NEJ","X-ray","2.1","A/C","2-142"
"HBA2","NP_000508.1","P69905 ","1NIH","X-ray","2.6","A/C","2-142"
"HBA2","NP_000508.1","P69905 ","1NQP","X-ray","1.73","A/C","2-142"
"HBA2","NP_000508.1","P69905 ","1O1I","X-ray","2.3","A","2-142"
"HBA2","NP_000508.1","P69905 ","1O1J","X-ray","1.9","A","2-142"
"HBA2","NP_000508.1","P69905 ","1O1K","X-ray","2","A/C","3-142"
"HBA2","NP_000508.1","P69905 ","1O1L","X-ray","1.8","A","2-142"
"HBA2","NP_000508.1","P69905 ","1O1M","X-ray","1.85","A","2-142"
"HBA2","NP_000508.1","P69905 ","1O1N","X-ray","1.8","A","2-142"
"HBA2","NP_000508.1","P69905 ","1O1O","X-ray","1.8","A/C","2-142"
"HBA2","NP_000508.1","P69905 ","1O1P","X-ray","1.8","A","2-142"
"HBA2","NP_000508.1","P69905 ","1QI8","X-ray","1.8","A/C","3-142"
"HBA2","NP_000508.1","P69905 ","1QSH","X-ray","1.7","A/C","2-142"
"HBA2","NP_000508.1","P69905 ","1QSI","X-ray","1.7","A/C","2-142"
"HBA2","NP_000508.1","P69905 ","1QXD","X-ray","2.25","A/C","2-142"
"HBA2","NP_000508.1","P69905 ","1QXE","X-ray","1.85","A/C","2-142"
"HBA2","NP_000508.1","P69905 ","1R1X","X-ray","2.15","A","2-142"
"HBA2","NP_000508.1","P69905 ","1R1Y","X-ray","1.8","A/C","2-142"
"HBA2","NP_000508.1","P69905 ","1RPS","X-ray","2.11","A/C","2-142"
"HBA2","NP_000508.1","P69905 ","1RQ3","X-ray","1.91","A/C","2-142"
"HBA2","NP_000508.1","P69905 ","1RQ4","X-ray","2.11","A/C","2-142"
"HBA2","NP_000508.1","P69905 ","1RQA","X-ray","2.11","A/C","2-141"
"HBA2","NP_000508.1","P69905 ","1RVW","X-ray","2.5","A","2-142"
"HBA2","NP_000508.1","P69905 ","1SDK","X-ray","1.8","A/C","2-142"
"HBA2","NP_000508.1","P69905 ","1SDL","X-ray","1.8","A/C","2-142"
"HBA2","NP_000508.1","P69905 ","1SHR","X-ray","1.88","A/C","2-142"
"HBA2","NP_000508.1","P69905 ","1SI4","X-ray","2.2","A/C","2-142"
"HBA2","NP_000508.1","P69905 ","1THB","X-ray","1.5","A/C","2-142"
"HBA2","NP_000508.1","P69905 ","1UIW","X-ray","1.5","A/C/E/G","2-142"
"HBA2","NP_000508.1","P69905 ","1VWT","X-ray","1.9","A/C","2-141"
"HBA2","NP_000508.1","P69905 ","1XXT","X-ray","1.91","A/C","2-142"
"HBA2","NP_000508.1","P69905 ","1XY0","X-ray","1.99","A/C","3-142"
"HBA2","NP_000508.1","P69905 ","1XYE","X-ray","2.13","A/C","3-142"
"HBA2","NP_000508.1","P69905 ","1XZ2","X-ray","1.9","A/C","1-142"
"HBA2","NP_000508.1","P69905 ","1XZ4","X-ray","2","A/C","3-142"
"HBA2","NP_000508.1","P69905 ","1XZ5","X-ray","2.11","A/C","3-142"
"HBA2","NP_000508.1","P69905 ","1XZ7","X-ray","1.9","A/C","3-142"
"HBA2","NP_000508.1","P69905 ","1XZU","X-ray","2.16","A/C","3-142"
"HBA2","NP_000508.1","P69905 ","1XZV","X-ray","2.11","A/C","3-142"
"HBA2","NP_000508.1","P69905 ","1Y01","X-ray","2.8","B","2-141"
"HBA2","NP_000508.1","P69905 ","1Y09","X-ray","2.25","A/C","3-142"
"HBA2","NP_000508.1","P69905 ","1Y0A","X-ray","2.22","A/C","3-142"
"HBA2","NP_000508.1","P69905 ","1Y0C","X-ray","2.3","A/C","3-142"
"HBA2","NP_000508.1","P69905 ","1Y0D","X-ray","2.1","A/C","2-140"
"HBA2","NP_000508.1","P69905 ","1Y0T","X-ray","2.14","A/C","1-142"
"HBA2","NP_000508.1","P69905 ","1Y0W","X-ray","2.14","A/C","1-142"
"HBA2","NP_000508.1","P69905 ","1Y22","X-ray","2.16","A/C","1-142"
"HBA2","NP_000508.1","P69905 ","1Y2Z","X-ray","2.07","A/C","1-142"
"HBA2","NP_000508.1","P69905 ","1Y31","X-ray","2.13","A/C","2-141"
"HBA2","NP_000508.1","P69905 ","1Y35","X-ray","2.12","A/C","1-142"
"HBA2","NP_000508.1","P69905 ","1Y45","X-ray","2","A/C","1-142"
"HBA2","NP_000508.1","P69905 ","1Y46","X-ray","2.22","A/C","2-141"
"HBA2","NP_000508.1","P69905 ","1Y4B","X-ray","2.1","A/C","1-142"
"HBA2","NP_000508.1","P69905 ","1Y4F","X-ray","2","A/C","2-141"
"HBA2","NP_000508.1","P69905 ","1Y4G","X-ray","1.91","A/C","2-141"
"HBA2","NP_000508.1","P69905 ","1Y4P","X-ray","1.98","A/C","2-141"
"HBA2","NP_000508.1","P69905 ","1Y4Q","X-ray","2.11","A/C","1-142"
"HBA2","NP_000508.1","P69905 ","1Y4R","X-ray","2.22","A/C","1-142"
"HBA2","NP_000508.1","P69905 ","1Y4V","X-ray","1.84","A/C","1-142"
"HBA2","NP_000508.1","P69905 ","1Y5F","X-ray","2.14","A/C","1-142"
"HBA2","NP_000508.1","P69905 ","1Y5J","X-ray","2.03","A/C","1-142"
"HBA2","NP_000508.1","P69905 ","1Y5K","X-ray","2.2","A/C","1-142"
"HBA2","NP_000508.1","P69905 ","1Y7C","X-ray","2.1","A/C","1-142"
"HBA2","NP_000508.1","P69905 ","1Y7D","X-ray","1.9","A/C","1-142"
"HBA2","NP_000508.1","P69905 ","1Y7G","X-ray","2.1","A/C","1-142"
"HBA2","NP_000508.1","P69905 ","1Y7Z","X-ray","1.98","A/C","1-142"
"HBA2","NP_000508.1","P69905 ","1Y83","X-ray","1.9","A/C","1-142"
"HBA2","NP_000508.1","P69905 ","1Y85","X-ray","2.13","A/C","2-141"
"HBA2","NP_000508.1","P69905 ","1Y8W","X-ray","2.9","A/C","3-142"
"HBA2","NP_000508.1","P69905 ","1YDZ","X-ray","3.3","A/C","3-142"
"HBA2","NP_000508.1","P69905 ","1YE0","X-ray","2.5","A/C","1-142"
"HBA2","NP_000508.1","P69905 ","1YE1","X-ray","4.5","A/C","1-142"
"HBA2","NP_000508.1","P69905 ","1YE2","X-ray","1.8","A/C","1-142"
"HBA2","NP_000508.1","P69905 ","1YEN","X-ray","2.8","A/C","1-142"
"HBA2","NP_000508.1","P69905 ","1YEO","X-ray","2.22","A/C","1-142"
"HBA2","NP_000508.1","P69905 ","1YEQ","X-ray","2.75","A/C","1-142"
"HBA2","NP_000508.1","P69905 ","1YEU","X-ray","2.12","A/C","1-142"
"HBA2","NP_000508.1","P69905 ","1YEV","X-ray","2.11","A/C","1-142"
"HBA2","NP_000508.1","P69905 ","1YFF","X-ray","2.4","A/C/E/G","2-142"
"HBA2","NP_000508.1","P69905 ","1YG5","X-ray","2.7","A/C","1-142"
"HBA2","NP_000508.1","P69905 ","1YGD","X-ray","2.73","A/C","1-142"
"HBA2","NP_000508.1","P69905 ","1YGF","X-ray","2.7","A/C","1-142"
"HBA2","NP_000508.1","P69905 ","1YH9","X-ray","2.2","A/C","1-142"
"HBA2","NP_000508.1","P69905 ","1YHE","X-ray","2.1","A/C","1-142"
"HBA2","NP_000508.1","P69905 ","1YHR","X-ray","2.6","A/C","1-142"
"HBA2","NP_000508.1","P69905 ","1YIE","X-ray","2.4","A/C","1-142"
"HBA2","NP_000508.1","P69905 ","1YIH","X-ray","2","A/C","1-142"
"HBA2","NP_000508.1","P69905 ","1YVQ","X-ray","1.8","A/C","2-142"
"HBA2","NP_000508.1","P69905 ","1YVT","X-ray","1.8","A","1-142"
"HBA2","NP_000508.1","P69905 ","1YZI","X-ray","2.07","A","1-142"
"HBA2","NP_000508.1","P69905 ","1Z8U","X-ray","2.4","B/D","1-142"
"HBA2","NP_000508.1","P69905 ","2D5Z","X-ray","1.45","A/C","1-142"
"HBA2","NP_000508.1","P69905 ","2D60","X-ray","1.7","A/C","1-142"
"HBA2","NP_000508.1","P69905 ","2DN1","X-ray","1.25","A","2-141"
"HBA2","NP_000508.1","P69905 ","2DN2","X-ray","1.25","A/C","2-141"
"HBA2","NP_000508.1","P69905 ","2DN3","X-ray","1.25","A","1-142"
"HBA2","NP_000508.1","P69905 ","2DXM","neutron diffraction","2.1","A/C","2-142"
"HBA2","NP_000508.1","P69905 ","2H35","NMR","-","A","1-142"
"HBA2","NP_000508.1","P69905 ","2H35","NMR","-","C","2-142"
"HBA2","NP_000508.1","P69905 ","2HBC","X-ray","2.1","A","1-142"
"HBA2","NP_000508.1","P69905 ","2HBD","X-ray","2.2","A","2-142"
"HBA2","NP_000508.1","P69905 ","2HBE","X-ray","2","A","1-142"
"HBA2","NP_000508.1","P69905 ","2HBF","X-ray","2.2","A","1-142"
"HBA2","NP_000508.1","P69905 ","2HBS","X-ray","2.05","A/C/E/G","1-142"
"HBA2","NP_000508.1","P69905 ","2HCO","X-ray","2.7","A","2-142"
"HBA2","NP_000508.1","P69905 ","2HHB","X-ray","1.74","A/C","2-142"
"HBA2","NP_000508.1","P69905 ","2HHD","X-ray","2.2","A/C","2-142"
"HBA2","NP_000508.1","P69905 ","2HHE","X-ray","2.2","A/C","1-142"
"HBA2","NP_000508.1","P69905 ","2W6V","X-ray","1.8","A/C","2-142"
"HBA2","NP_000508.1","P69905 ","2W72","X-ray","1.07","A","2-142"
"HBA2","NP_000508.1","P69905 ","2W72","X-ray","1.07","C","3-142"
"HBA2","NP_000508.1","P69905 ","2YRS","X-ray","2.3","A/C/I/M","2-142"
"HBA2","NP_000508.1","P69905 ","3B75","X-ray","2.3","A/C/E/G/S","2-142"
"HBA2","NP_000508.1","P69905 ","3D17","X-ray","2.8","A/C","2-142"
"HBA2","NP_000508.1","P69905 ","3D7O","X-ray","1.8","A","2-142"
"HBA2","NP_000508.1","P69905 ","3DUT","X-ray","1.55","A/C","2-142"
"HBA2","NP_000508.1","P69905 ","3HHB","X-ray","1.74","A/C","2-142"
"HBA2","NP_000508.1","P69905 ","3IA3","X-ray","3.2","B/D","2-142"
"HBA2","NP_000508.1","P69905 ","3IC0","X-ray","1.8","A/C","2-141"
"HBA2","NP_000508.1","P69905 ","3IC2","X-ray","2.4","A/C","2-142"
"HBA2","NP_000508.1","P69905 ","3KMF","neutron diffraction","2","A/E","2-142"
"HBA2","NP_000508.1","P69905 ","4HHB","X-ray","1.74","A/C","1-142"
"HBA2","NP_000508.1","P69905 ","6HBW","X-ray","2","A/C","1-142"
"HDLBP","NP_005327.1","Q00341","1VIG","NMR","-","A","432-502"
"HDLBP","NP_005327.1","Q00341","1VIH","NMR","-","A","432-502"
"HDLBP","NP_005327.1","Q00341","2CTE","NMR","-","A","142-222"
"HDLBP","NP_005327.1","Q00341","2CTF","NMR","-","A","346-434"
"HDLBP","NP_005327.1","Q00341","2CTJ","NMR","-","A","645-726"
"HDLBP","NP_005327.1","Q00341","2CTK","NMR","-","A","964-1054"
"HDLBP","NP_005327.1","Q00341","2CTL","NMR","-","A","1044-1127"
"HDLBP","NP_005327.1","Q00341","2CTM","NMR","-","A","1119-1200"
"HDLBP","NP_976221.1","Q00341","1VIG","NMR","-","A","432-502"
"HDLBP","NP_976221.1","Q00341","1VIH","NMR","-","A","432-502"
"HDLBP","NP_976221.1","Q00341","2CTE","NMR","-","A","142-222"
"HDLBP","NP_976221.1","Q00341","2CTF","NMR","-","A","346-434"
"HDLBP","NP_976221.1","Q00341","2CTJ","NMR","-","A","645-726"
"HDLBP","NP_976221.1","Q00341","2CTK","NMR","-","A","964-1054"
"HDLBP","NP_976221.1","Q00341","2CTL","NMR","-","A","1044-1127"
"HDLBP","NP_976221.1","Q00341","2CTM","NMR","-","A","1119-1200"
"HIC1","NP_001091672.1","-","-","-","-","-","-"
"HIC1","NP_006488.2","-","-","-","-","-","-"
"HIN-1","NP_443095.2","Q96QR1","-","-","-","-","-"
"HIST1H1C","NP_005310.1","P16403","-","-","-","-","-"
"HIST2H2BE","NP_003519.1","Q16778","-","-","-","-","-"
"HLA-C","NP_002108.4","P10321","3BZF","X-ray","2.5","P/Q","11-Mar"
"HLA-DQB1","NP_002114.3","P03992","1JK8","X-ray","2.4","B","35-224"
"HLA-DQB1","NP_002114.3","P03992","1NBN","model","-","B","35-224"
"HLA-DQB1","NP_002114.3","P03992","1S9V","X-ray","2.22","B/E","33-230"
"HLA-DQB1","NP_002114.3","P03992","1UVQ","X-ray","1.8","B","35-231"
"HLA-DQB1","NP_002114.3","P03992","2NNA","X-ray","2.1","B","33-224"
"HLA-DRA","NP_061984.2","P01903","1A6A","X-ray","2.75","A","30-205"
"HLA-DRA","NP_061984.2","P01903","1AQD","X-ray","2.45","A/D/G/J","26-217"
"HLA-DRA","NP_061984.2","P01903","1BX2","X-ray","2.6","A/D","27-206"
"HLA-DRA","NP_061984.2","P01903","1D5M","X-ray","2","A","26-206"
"HLA-DRA","NP_061984.2","P01903","1D5X","X-ray","2.45","A","26-206"
"HLA-DRA","NP_061984.2","P01903","1D5Z","X-ray","2","A","26-206"
"HLA-DRA","NP_061984.2","P01903","1D6E","X-ray","2.45","A","26-206"
"HLA-DRA","NP_061984.2","P01903","1DLH","X-ray","2.8","A/D","28-207"
"HLA-DRA","NP_061984.2","P01903","1FV1","X-ray","1.9","A/D","26-206"
"HLA-DRA","NP_061984.2","P01903","1FYT","X-ray","2.6","A","26-206"
"HLA-DRA","NP_061984.2","P01903","1H15","X-ray","3.1","A/D","26-207"
"HLA-DRA","NP_061984.2","P01903","1HQR","X-ray","3.2","A","26-206"
"HLA-DRA","NP_061984.2","P01903","1HXY","X-ray","2.6","A","26-207"
"HLA-DRA","NP_061984.2","P01903","1J8H","X-ray","2.4","A","26-206"
"HLA-DRA","NP_061984.2","P01903","1JWM","X-ray","2.7","A","26-207"
"HLA-DRA","NP_061984.2","P01903","1JWS","X-ray","2.6","A","26-207"
"HLA-DRA","NP_061984.2","P01903","1JWU","X-ray","2.3","A","26-207"
"HLA-DRA","NP_061984.2","P01903","1KG0","X-ray","2.65","A","28-207"
"HLA-DRA","NP_061984.2","P01903","1KLG","X-ray","2.4","A","29-205"
"HLA-DRA","NP_061984.2","P01903","1KLU","X-ray","1.93","A","29-207"
"HLA-DRA","NP_061984.2","P01903","1LO5","X-ray","3.2","A","26-207"
"HLA-DRA","NP_061984.2","P01903","1PYW","X-ray","2.1","A","26-207"
"HLA-DRA","NP_061984.2","P01903","1R5I","X-ray","2.6","A/E","26-206"
"HLA-DRA","NP_061984.2","P01903","1SEB","X-ray","2.7","A/E","26-206"
"HLA-DRA","NP_061984.2","P01903","1SJE","X-ray","2.45","A","28-207"
"HLA-DRA","NP_061984.2","P01903","1SJH","X-ray","2.25","A","28-207"
"HLA-DRA","NP_061984.2","P01903","1T5W","X-ray","2.4","A/D","27-206"
"HLA-DRA","NP_061984.2","P01903","1T5X","X-ray","2.5","A","27-207"
"HLA-DRA","NP_061984.2","P01903","1YMM","X-ray","3.5","A","26-216"
"HLA-DRA","NP_061984.2","P01903","1ZGL","X-ray","2.8","A/D/G/J","26-206"
"HLA-DRA","NP_061984.2","P01903","2FSE","X-ray","3.1","A/C","29-205"
"HLA-DRA","NP_061984.2","P01903","2G9H","X-ray","2","A","26-207"
"HLA-DRA","NP_061984.2","P01903","2IAM","X-ray","2.8","A","26-207"
"HLA-DRA","NP_061984.2","P01903","2IAN","X-ray","2.8","A/F/K/P","26-207"
"HLA-DRA","NP_061984.2","P01903","2ICW","X-ray","2.41","A/D","28-206"
"HLA-DRA","NP_061984.2","P01903","2IPK","X-ray","2.3","A","26-207"
"HLA-DRA","NP_061984.2","P01903","2OJE","X-ray","3","A/E","27-206"
"HLA-DRA","NP_061984.2","P01903","2Q6W","X-ray","2.25","A/D","26-207"
"HLA-DRA","NP_061984.2","P01903","2SEB","X-ray","2.5","A","26-206"
"HLA-DRA","NP_061984.2","P01903","2WBJ","X-ray","3","A/E","26-218"
"HLA-DRA","NP_061984.2","P01903","3C5J","X-ray","1.8","A","26-206"
"HLA-DRA","NP_061984.2","P01903","3L6F","X-ray","2.1","A","26-207"
"HLA-DRB3","NP_072049.2","P79483","2Q6W","X-ray","2.25","B/E","30-219"
"HLA-DRB3","NP_072049.2","P79483","3C5J","X-ray","1.8","B","30-219"
"HLA-DRB5","NP_002116.2","Q30154","1FV1","X-ray","1.9","B/E","30-219"
"HLA-DRB5","NP_002116.2","Q30154","1H15","X-ray","3.1","B/E","30-219"
"HLA-DRB5","NP_002116.2","Q30154","1HQR","X-ray","3.2","B","30-219"
"HLA-DRB5","NP_002116.2","Q30154","1ZGL","X-ray","2.8","B/E/H/K","30-221"
"HLTF","NP_003062.2","Q14527 ","-","-","-","-","-"
"HLTF","NP_620636.1","Q14527 ","-","-","-","-","-"
"HMGB1","NP_002119.1","P09429","2YRQ","NMR","-","A","1-166"
"HOPX","NP_001138931.1","Q9BPY8 ","-","-","-","-","-"
"HOPX","NP_001138932.1","Q9BPY8 ","-","-","-","-","-"
"HOPX","NP_115884.4","Q9BPY8 ","-","-","-","-","-"
"HOPX","NP_631957.1","Q9BPY8 ","-","-","-","-","-"
"HOPX","NP_631958.1","Q9BPY8 ","-","-","-","-","-"
"HOXA1","NP_005513.1","P49639","-","-","-","-","-"
"HOXA1","NP_705873.2","P49639","-","-","-","-","-"
"HOXB6","NP_061825.2","P17509","-","-","-","-","-"
"HOXC10","NP_059105.2","Q9NYD6","-","-","-","-","-"
"HPGD","NP_000851.2","P15428 ","2GDZ","X-ray","1.65","A","3-256"
"HRAS","NP_001123914.1","P01112 ","121P","X-ray","1.54","A","1-166"
"HRAS","NP_001123914.1","P01112 ","1AA9","NMR","-","A","1-171"
"HRAS","NP_001123914.1","P01112 ","1AGP","X-ray","2.3","A","1-166"
"HRAS","NP_001123914.1","P01112 ","1BKD","X-ray","2.8","R","1-166"
"HRAS","NP_001123914.1","P01112 ","1CLU","X-ray","1.7","A","1-166"
"HRAS","NP_001123914.1","P01112 ","1CRP","NMR","-","A","1-166"
"HRAS","NP_001123914.1","P01112 ","1CRQ","NMR","-","A","1-166"
"HRAS","NP_001123914.1","P01112 ","1CRR","NMR","-","A","1-166"
"HRAS","NP_001123914.1","P01112 ","1CTQ","X-ray","1.26","A","1-166"
"HRAS","NP_001123914.1","P01112 ","1GNP","X-ray","2.7","A","1-166"
"HRAS","NP_001123914.1","P01112 ","1GNQ","X-ray","2.5","A","1-166"
"HRAS","NP_001123914.1","P01112 ","1GNR","X-ray","1.85","A","1-166"
"HRAS","NP_001123914.1","P01112 ","1HE8","X-ray","3","B","1-166"
"HRAS","NP_001123914.1","P01112 ","1IAQ","X-ray","2.9","A/B/C","1-166"
"HRAS","NP_001123914.1","P01112 ","1IOZ","X-ray","2","A","1-171"
"HRAS","NP_001123914.1","P01112 ","1JAH","X-ray","1.8","A","1-166"
"HRAS","NP_001123914.1","P01112 ","1JAI","X-ray","1.8","A","1-166"
"HRAS","NP_001123914.1","P01112 ","1K8R","X-ray","3","A","1-166"
"HRAS","NP_001123914.1","P01112 ","1LF0","X-ray","1.7","A","1-166"
"HRAS","NP_001123914.1","P01112 ","1LF5","X-ray","1.7","A","1-166"
"HRAS","NP_001123914.1","P01112 ","1LFD","X-ray","2.1","B/D","1-167"
"HRAS","NP_001123914.1","P01112 ","1NVU","X-ray","2.2","Q/R","1-166"
"HRAS","NP_001123914.1","P01112 ","1NVV","X-ray","2.18","Q/R","1-166"
"HRAS","NP_001123914.1","P01112 ","1NVW","X-ray","2.7","Q/R","1-166"
"HRAS","NP_001123914.1","P01112 ","1NVX","X-ray","3.2","Q/R","1-166"
"HRAS","NP_001123914.1","P01112 ","1P2S","X-ray","2.45","A","1-166"
"HRAS","NP_001123914.1","P01112 ","1P2T","X-ray","2","A","1-166"
"HRAS","NP_001123914.1","P01112 ","1P2U","X-ray","2","A","1-166"
"HRAS","NP_001123914.1","P01112 ","1P2V","X-ray","2.3","A","1-166"
"HRAS","NP_001123914.1","P01112 ","1PLJ","X-ray","2.8","A","1-166"
"HRAS","NP_001123914.1","P01112 ","1PLK","X-ray","2.8","A","1-166"
"HRAS","NP_001123914.1","P01112 ","1PLL","X-ray","2.8","A","1-166"
"HRAS","NP_001123914.1","P01112 ","1Q21","X-ray","2.2","A","1-171"
"HRAS","NP_001123914.1","P01112 ","1QRA","X-ray","1.6","A","1-166"
"HRAS","NP_001123914.1","P01112 ","1RVD","X-ray","1.9","A","1-166"
"HRAS","NP_001123914.1","P01112 ","1WQ1","X-ray","2.5","R","1-166"
"HRAS","NP_001123914.1","P01112 ","1XCM","X-ray","1.84","A","1-167"
"HRAS","NP_001123914.1","P01112 ","1XD2","X-ray","2.7","A/B","1-166"
"HRAS","NP_001123914.1","P01112 ","1XJ0","X-ray","1.7","A","1-166"
"HRAS","NP_001123914.1","P01112 ","1ZVQ","X-ray","2","A","1-166"
"HRAS","NP_001123914.1","P01112 ","1ZW6","X-ray","1.5","A","1-166"
"HRAS","NP_001123914.1","P01112 ","221P","X-ray","2.3","A","1-166"
"HRAS","NP_001123914.1","P01112 ","2C5L","X-ray","1.9","A/B","1-166"
"HRAS","NP_001123914.1","P01112 ","2CE2","X-ray","1","X","1-166"
"HRAS","NP_001123914.1","P01112 ","2CL0","X-ray","1.8","X","1-166"
"HRAS","NP_001123914.1","P01112 ","2CL6","X-ray","1.24","X","1-166"
"HRAS","NP_001123914.1","P01112 ","2CL7","X-ray","1.25","X","1-166"
"HRAS","NP_001123914.1","P01112 ","2CLC","X-ray","1.3","X","1-166"
"HRAS","NP_001123914.1","P01112 ","2CLD","X-ray","1.22","X","1-166"
"HRAS","NP_001123914.1","P01112 ","2EVW","X-ray","1.05","X","1-166"
"HRAS","NP_001123914.1","P01112 ","2GDP","model","-","A","1-171"
"HRAS","NP_001123914.1","P01112 ","2Q21","X-ray","2.2","A","1-171"
"HRAS","NP_001123914.1","P01112 ","2QUZ","X-ray","1.49","A","1-166"
"HRAS","NP_001123914.1","P01112 ","2RGA","X-ray","1.9","A","1-166"
"HRAS","NP_001123914.1","P01112 ","2RGB","X-ray","1.35","A","1-166"
"HRAS","NP_001123914.1","P01112 ","2RGC","X-ray","1.6","A","1-166"
"HRAS","NP_001123914.1","P01112 ","2RGD","X-ray","2","A","1-166"
"HRAS","NP_001123914.1","P01112 ","2RGE","X-ray","1.4","A","1-166"
"HRAS","NP_001123914.1","P01112 ","2RGG","X-ray","1.45","A","1-166"
"HRAS","NP_001123914.1","P01112 ","2UZI","X-ray","2","R","1-166"
"HRAS","NP_001123914.1","P01112 ","2VH5","X-ray","2.7","R","1-166"
"HRAS","NP_001123914.1","P01112 ","2X1V","X-ray","1.7","A","1-166"
"HRAS","NP_001123914.1","P01112 ","3DDC","X-ray","1.8","A","1-166"
"HRAS","NP_001123914.1","P01112 ","3I3S","X-ray","1.36","R","1-166"
"HRAS","NP_001123914.1","P01112 ","3K8Y","X-ray","1.3","A","1-166"
"HRAS","NP_001123914.1","P01112 ","3K9N","X-ray","2","A","1-166"
"HRAS","NP_001123914.1","P01112 ","3KUD","X-ray","2.15","A","1-166"
"HRAS","NP_001123914.1","P01112 ","3LBH","X-ray","1.85","A","1-166"
"HRAS","NP_001123914.1","P01112 ","3LBI","X-ray","2.09","A","1-166"
"HRAS","NP_001123914.1","P01112 ","3LBN","X-ray","1.86","A","1-166"
"HRAS","NP_001123914.1","P01112 ","3LO5","X-ray","2.57","A/C/E","1-166"
"HRAS","NP_001123914.1","P01112 ","421P","X-ray","2.2","A","1-166"
"HRAS","NP_001123914.1","P01112 ","4Q21","X-ray","2","A","1-189"
"HRAS","NP_001123914.1","P01112 ","521P","X-ray","2.6","A","1-166"
"HRAS","NP_001123914.1","P01112 ","5P21","X-ray","1.35","A","1-166"
"HRAS","NP_001123914.1","P01112 ","621P","X-ray","2.4","A","1-166"
"HRAS","NP_001123914.1","P01112 ","6Q21","X-ray","1.95","A/B/C/D","1-171"
"HRAS","NP_001123914.1","P01112 ","721P","X-ray","2","A","1-166"
"HRAS","NP_001123914.1","P01112 ","821P","X-ray","1.5","A","1-166"
"HRAS","NP_005334.1","P01112 ","121P","X-ray","1.54","A","1-166"
"HRAS","NP_005334.1","P01112 ","1AA9","NMR","-","A","1-171"
"HRAS","NP_005334.1","P01112 ","1AGP","X-ray","2.3","A","1-166"
"HRAS","NP_005334.1","P01112 ","1BKD","X-ray","2.8","R","1-166"
"HRAS","NP_005334.1","P01112 ","1CLU","X-ray","1.7","A","1-166"
"HRAS","NP_005334.1","P01112 ","1CRP","NMR","-","A","1-166"
"HRAS","NP_005334.1","P01112 ","1CRQ","NMR","-","A","1-166"
"HRAS","NP_005334.1","P01112 ","1CRR","NMR","-","A","1-166"
"HRAS","NP_005334.1","P01112 ","1CTQ","X-ray","1.26","A","1-166"
"HRAS","NP_005334.1","P01112 ","1GNP","X-ray","2.7","A","1-166"
"HRAS","NP_005334.1","P01112 ","1GNQ","X-ray","2.5","A","1-166"
"HRAS","NP_005334.1","P01112 ","1GNR","X-ray","1.85","A","1-166"
"HRAS","NP_005334.1","P01112 ","1HE8","X-ray","3","B","1-166"
"HRAS","NP_005334.1","P01112 ","1IAQ","X-ray","2.9","A/B/C","1-166"
"HRAS","NP_005334.1","P01112 ","1IOZ","X-ray","2","A","1-171"
"HRAS","NP_005334.1","P01112 ","1JAH","X-ray","1.8","A","1-166"
"HRAS","NP_005334.1","P01112 ","1JAI","X-ray","1.8","A","1-166"
"HRAS","NP_005334.1","P01112 ","1K8R","X-ray","3","A","1-166"
"HRAS","NP_005334.1","P01112 ","1LF0","X-ray","1.7","A","1-166"
"HRAS","NP_005334.1","P01112 ","1LF5","X-ray","1.7","A","1-166"
"HRAS","NP_005334.1","P01112 ","1LFD","X-ray","2.1","B/D","1-167"
"HRAS","NP_005334.1","P01112 ","1NVU","X-ray","2.2","Q/R","1-166"
"HRAS","NP_005334.1","P01112 ","1NVV","X-ray","2.18","Q/R","1-166"
"HRAS","NP_005334.1","P01112 ","1NVW","X-ray","2.7","Q/R","1-166"
"HRAS","NP_005334.1","P01112 ","1NVX","X-ray","3.2","Q/R","1-166"
"HRAS","NP_005334.1","P01112 ","1P2S","X-ray","2.45","A","1-166"
"HRAS","NP_005334.1","P01112 ","1P2T","X-ray","2","A","1-166"
"HRAS","NP_005334.1","P01112 ","1P2U","X-ray","2","A","1-166"
"HRAS","NP_005334.1","P01112 ","1P2V","X-ray","2.3","A","1-166"
"HRAS","NP_005334.1","P01112 ","1PLJ","X-ray","2.8","A","1-166"
"HRAS","NP_005334.1","P01112 ","1PLK","X-ray","2.8","A","1-166"
"HRAS","NP_005334.1","P01112 ","1PLL","X-ray","2.8","A","1-166"
"HRAS","NP_005334.1","P01112 ","1Q21","X-ray","2.2","A","1-171"
"HRAS","NP_005334.1","P01112 ","1QRA","X-ray","1.6","A","1-166"
"HRAS","NP_005334.1","P01112 ","1RVD","X-ray","1.9","A","1-166"
"HRAS","NP_005334.1","P01112 ","1WQ1","X-ray","2.5","R","1-166"
"HRAS","NP_005334.1","P01112 ","1XCM","X-ray","1.84","A","1-167"
"HRAS","NP_005334.1","P01112 ","1XD2","X-ray","2.7","A/B","1-166"
"HRAS","NP_005334.1","P01112 ","1XJ0","X-ray","1.7","A","1-166"
"HRAS","NP_005334.1","P01112 ","1ZVQ","X-ray","2","A","1-166"
"HRAS","NP_005334.1","P01112 ","1ZW6","X-ray","1.5","A","1-166"
"HRAS","NP_005334.1","P01112 ","221P","X-ray","2.3","A","1-166"
"HRAS","NP_005334.1","P01112 ","2C5L","X-ray","1.9","A/B","1-166"
"HRAS","NP_005334.1","P01112 ","2CE2","X-ray","1","X","1-166"
"HRAS","NP_005334.1","P01112 ","2CL0","X-ray","1.8","X","1-166"
"HRAS","NP_005334.1","P01112 ","2CL6","X-ray","1.24","X","1-166"
"HRAS","NP_005334.1","P01112 ","2CL7","X-ray","1.25","X","1-166"
"HRAS","NP_005334.1","P01112 ","2CLC","X-ray","1.3","X","1-166"
"HRAS","NP_005334.1","P01112 ","2CLD","X-ray","1.22","X","1-166"
"HRAS","NP_005334.1","P01112 ","2EVW","X-ray","1.05","X","1-166"
"HRAS","NP_005334.1","P01112 ","2GDP","model","-","A","1-171"
"HRAS","NP_005334.1","P01112 ","2Q21","X-ray","2.2","A","1-171"
"HRAS","NP_005334.1","P01112 ","2QUZ","X-ray","1.49","A","1-166"
"HRAS","NP_005334.1","P01112 ","2RGA","X-ray","1.9","A","1-166"
"HRAS","NP_005334.1","P01112 ","2RGB","X-ray","1.35","A","1-166"
"HRAS","NP_005334.1","P01112 ","2RGC","X-ray","1.6","A","1-166"
"HRAS","NP_005334.1","P01112 ","2RGD","X-ray","2","A","1-166"
"HRAS","NP_005334.1","P01112 ","2RGE","X-ray","1.4","A","1-166"
"HRAS","NP_005334.1","P01112 ","2RGG","X-ray","1.45","A","1-166"
"HRAS","NP_005334.1","P01112 ","2UZI","X-ray","2","R","1-166"
"HRAS","NP_005334.1","P01112 ","2VH5","X-ray","2.7","R","1-166"
"HRAS","NP_005334.1","P01112 ","2X1V","X-ray","1.7","A","1-166"
"HRAS","NP_005334.1","P01112 ","3DDC","X-ray","1.8","A","1-166"
"HRAS","NP_005334.1","P01112 ","3I3S","X-ray","1.36","R","1-166"
"HRAS","NP_005334.1","P01112 ","3K8Y","X-ray","1.3","A","1-166"
"HRAS","NP_005334.1","P01112 ","3K9N","X-ray","2","A","1-166"
"HRAS","NP_005334.1","P01112 ","3KUD","X-ray","2.15","A","1-166"
"HRAS","NP_005334.1","P01112 ","3LBH","X-ray","1.85","A","1-166"
"HRAS","NP_005334.1","P01112 ","3LBI","X-ray","2.09","A","1-166"
"HRAS","NP_005334.1","P01112 ","3LBN","X-ray","1.86","A","1-166"
"HRAS","NP_005334.1","P01112 ","3LO5","X-ray","2.57","A/C/E","1-166"
"HRAS","NP_005334.1","P01112 ","421P","X-ray","2.2","A","1-166"
"HRAS","NP_005334.1","P01112 ","4Q21","X-ray","2","A","1-189"
"HRAS","NP_005334.1","P01112 ","521P","X-ray","2.6","A","1-166"
"HRAS","NP_005334.1","P01112 ","5P21","X-ray","1.35","A","1-166"
"HRAS","NP_005334.1","P01112 ","621P","X-ray","2.4","A","1-166"
"HRAS","NP_005334.1","P01112 ","6Q21","X-ray","1.95","A/B/C/D","1-171"
"HRAS","NP_005334.1","P01112 ","721P","X-ray","2","A","1-166"
"HRAS","NP_005334.1","P01112 ","821P","X-ray","1.5","A","1-166"
"HRAS","NP_789765.1","-","-","-","-","-","-"
"HS3ST2","NP_006034.1","Q9Y278 ","-","-","-","-","-"
"HSP90AA1","NP_001017963.2","P07900","1BYQ","X-ray","1.5","A","9-236"
"HSP90AA1","NP_001017963.2","P07900","1OSF","X-ray","1.75","A","9-223"
"HSP90AA1","NP_001017963.2","P07900","1UY6","X-ray","1.9","A","1-236"
"HSP90AA1","NP_001017963.2","P07900","1UY7","X-ray","1.9","A","1-236"
"HSP90AA1","NP_001017963.2","P07900","1UY8","X-ray","1.98","A","1-236"
"HSP90AA1","NP_001017963.2","P07900","1UY9","X-ray","2","A","1-236"
"HSP90AA1","NP_001017963.2","P07900","1UYC","X-ray","2","A","1-236"
"HSP90AA1","NP_001017963.2","P07900","1UYD","X-ray","2","A","1-236"
"HSP90AA1","NP_001017963.2","P07900","1UYE","X-ray","2","A","1-236"
"HSP90AA1","NP_001017963.2","P07900","1UYF","X-ray","2","A","1-236"
"HSP90AA1","NP_001017963.2","P07900","1UYG","X-ray","2","A","1-236"
"HSP90AA1","NP_001017963.2","P07900","1UYH","X-ray","2.2","A","1-236"
"HSP90AA1","NP_001017963.2","P07900","1UYI","X-ray","2","A","1-236"
"HSP90AA1","NP_001017963.2","P07900","1UYK","X-ray","2","A","1-236"
"HSP90AA1","NP_001017963.2","P07900","1UYL","X-ray","1.4","A","1-236"
"HSP90AA1","NP_001017963.2","P07900","1YC1","X-ray","1.7","A","9-235"
"HSP90AA1","NP_001017963.2","P07900","1YC3","X-ray","2.12","A","9-235"
"HSP90AA1","NP_001017963.2","P07900","1YC4","X-ray","1.81","A","9-235"
"HSP90AA1","NP_001017963.2","P07900","1YER","X-ray","1.65","A","9-236"
"HSP90AA1","NP_001017963.2","P07900","1YES","X-ray","2.2","A","9-236"
"HSP90AA1","NP_001017963.2","P07900","1YET","X-ray","1.9","A","9-236"
"HSP90AA1","NP_001017963.2","P07900","2BSM","X-ray","2.05","A","2-235"
"HSP90AA1","NP_001017963.2","P07900","2BT0","X-ray","1.9","A/B","2-235"
"HSP90AA1","NP_001017963.2","P07900","2BUG","NMR","-","B","-"
"HSP90AA1","NP_001017963.2","P07900","2BYH","X-ray","1.9","A","11-235"
"HSP90AA1","NP_001017963.2","P07900","2BYI","X-ray","1.6","A","11-235"
"HSP90AA1","NP_001017963.2","P07900","2BZ5","X-ray","1.9","A/B","2-235"
"HSP90AA1","NP_001017963.2","P07900","2C2L","X-ray","3.3","E/F/G/H","724-732"
"HSP90AA1","NP_001017963.2","P07900","2CCS","X-ray","1.79","A","1-236"
"HSP90AA1","NP_001017963.2","P07900","2CCT","X-ray","2.3","A","1-236"
"HSP90AA1","NP_001017963.2","P07900","2CCU","X-ray","2.7","A","1-236"
"HSP90AA1","NP_001017963.2","P07900","2CDD","X-ray","1.9","A/B","1-236"
"HSP90AA1","NP_001017963.2","P07900","2FWY","X-ray","2.1","A","1-236"
"HSP90AA1","NP_001017963.2","P07900","2FWZ","X-ray","2.1","A","1-236"
"HSP90AA1","NP_001017963.2","P07900","2H55","X-ray","2","A","1-236"
"HSP90AA1","NP_001017963.2","P07900","2JJC","X-ray","1.95","A","9-223"
"HSP90AA1","NP_001017963.2","P07900","2K5B","NMR","-","A","14-223"
"HSP90AA1","NP_001017963.2","P07900","2QF6","X-ray","3.1","A/B/C/D","17-223"
"HSP90AA1","NP_001017963.2","P07900","2QFO","X-ray","1.68","A/B","17-223"
"HSP90AA1","NP_001017963.2","P07900","2QG0","X-ray","1.85","A/B","17-223"
"HSP90AA1","NP_001017963.2","P07900","2QG2","X-ray","1.8","A","17-223"
"HSP90AA1","NP_001017963.2","P07900","2UWD","X-ray","1.9","A","2-235"
"HSP90AA1","NP_001017963.2","P07900","2VCI","X-ray","2","A","1-236"
"HSP90AA1","NP_001017963.2","P07900","2VCJ","X-ray","2.5","A","1-236"
"HSP90AA1","NP_001017963.2","P07900","2WI1","X-ray","2.3","A","1-236"
"HSP90AA1","NP_001017963.2","P07900","2WI2","X-ray","2.09","A/B","1-236"
"HSP90AA1","NP_001017963.2","P07900","2WI3","X-ray","1.9","A","1-236"
"HSP90AA1","NP_001017963.2","P07900","2WI4","X-ray","2.4","A","1-236"
"HSP90AA1","NP_001017963.2","P07900","2WI5","X-ray","2.1","A","1-236"
"HSP90AA1","NP_001017963.2","P07900","2WI6","X-ray","2.18","A","1-236"
"HSP90AA1","NP_001017963.2","P07900","2WI7","X-ray","2.5","A","1-236"
"HSP90AA1","NP_001017963.2","P07900","3BM9","X-ray","1.6","A","14-236"
"HSP90AA1","NP_001017963.2","P07900","3BMY","X-ray","1.6","A","14-236"
"HSP90AA1","NP_001017963.2","P07900","3D0B","X-ray","1.74","A","1-232"
"HSP90AA1","NP_001017963.2","P07900","3EKO","X-ray","1.55","A/B","9-225"
"HSP90AA1","NP_001017963.2","P07900","3EKR","X-ray","2","A/B","9-225"
"HSP90AA1","NP_001017963.2","P07900","3FT5","X-ray","1.9","A","9-236"
"HSP90AA1","NP_001017963.2","P07900","3FT8","X-ray","2","A","9-236"
"HSP90AA1","NP_001017963.2","P07900","3HEK","X-ray","1.95","A/B","9-225"
"HSP90AA1","NP_001017963.2","P07900","3HHU","X-ray","1.59","A/B","1-224"
"HSP90AA1","NP_001017963.2","P07900","3K97","X-ray","1.95","A","9-236"
"HSP90AA1","NP_001017963.2","P07900","3K98","X-ray","2.4","A/B","9-225"
"HSP90AA1","NP_001017963.2","P07900","3K99","X-ray","2.1","A/B/C/D","9-225"
"HSP90AA1","NP_005339.3","P07900","1BYQ","X-ray","1.5","A","9-236"
"HSP90AA1","NP_005339.3","P07900","1OSF","X-ray","1.75","A","9-223"
"HSP90AA1","NP_005339.3","P07900","1UY6","X-ray","1.9","A","1-236"
"HSP90AA1","NP_005339.3","P07900","1UY7","X-ray","1.9","A","1-236"
"HSP90AA1","NP_005339.3","P07900","1UY8","X-ray","1.98","A","1-236"
"HSP90AA1","NP_005339.3","P07900","1UY9","X-ray","2","A","1-236"
"HSP90AA1","NP_005339.3","P07900","1UYC","X-ray","2","A","1-236"
"HSP90AA1","NP_005339.3","P07900","1UYD","X-ray","2","A","1-236"
"HSP90AA1","NP_005339.3","P07900","1UYE","X-ray","2","A","1-236"
"HSP90AA1","NP_005339.3","P07900","1UYF","X-ray","2","A","1-236"
"HSP90AA1","NP_005339.3","P07900","1UYG","X-ray","2","A","1-236"
"HSP90AA1","NP_005339.3","P07900","1UYH","X-ray","2.2","A","1-236"
"HSP90AA1","NP_005339.3","P07900","1UYI","X-ray","2","A","1-236"
"HSP90AA1","NP_005339.3","P07900","1UYK","X-ray","2","A","1-236"
"HSP90AA1","NP_005339.3","P07900","1UYL","X-ray","1.4","A","1-236"
"HSP90AA1","NP_005339.3","P07900","1YC1","X-ray","1.7","A","9-235"
"HSP90AA1","NP_005339.3","P07900","1YC3","X-ray","2.12","A","9-235"
"HSP90AA1","NP_005339.3","P07900","1YC4","X-ray","1.81","A","9-235"
"HSP90AA1","NP_005339.3","P07900","1YER","X-ray","1.65","A","9-236"
"HSP90AA1","NP_005339.3","P07900","1YES","X-ray","2.2","A","9-236"
"HSP90AA1","NP_005339.3","P07900","1YET","X-ray","1.9","A","9-236"
"HSP90AA1","NP_005339.3","P07900","2BSM","X-ray","2.05","A","2-235"
"HSP90AA1","NP_005339.3","P07900","2BT0","X-ray","1.9","A/B","2-235"
"HSP90AA1","NP_005339.3","P07900","2BUG","NMR","-","B","-"
"HSP90AA1","NP_005339.3","P07900","2BYH","X-ray","1.9","A","11-235"
"HSP90AA1","NP_005339.3","P07900","2BYI","X-ray","1.6","A","11-235"
"HSP90AA1","NP_005339.3","P07900","2BZ5","X-ray","1.9","A/B","2-235"
"HSP90AA1","NP_005339.3","P07900","2C2L","X-ray","3.3","E/F/G/H","724-732"
"HSP90AA1","NP_005339.3","P07900","2CCS","X-ray","1.79","A","1-236"
"HSP90AA1","NP_005339.3","P07900","2CCT","X-ray","2.3","A","1-236"
"HSP90AA1","NP_005339.3","P07900","2CCU","X-ray","2.7","A","1-236"
"HSP90AA1","NP_005339.3","P07900","2CDD","X-ray","1.9","A/B","1-236"
"HSP90AA1","NP_005339.3","P07900","2FWY","X-ray","2.1","A","1-236"
"HSP90AA1","NP_005339.3","P07900","2FWZ","X-ray","2.1","A","1-236"
"HSP90AA1","NP_005339.3","P07900","2H55","X-ray","2","A","1-236"
"HSP90AA1","NP_005339.3","P07900","2JJC","X-ray","1.95","A","9-223"
"HSP90AA1","NP_005339.3","P07900","2K5B","NMR","-","A","14-223"
"HSP90AA1","NP_005339.3","P07900","2QF6","X-ray","3.1","A/B/C/D","17-223"
"HSP90AA1","NP_005339.3","P07900","2QFO","X-ray","1.68","A/B","17-223"
"HSP90AA1","NP_005339.3","P07900","2QG0","X-ray","1.85","A/B","17-223"
"HSP90AA1","NP_005339.3","P07900","2QG2","X-ray","1.8","A","17-223"
"HSP90AA1","NP_005339.3","P07900","2UWD","X-ray","1.9","A","2-235"
"HSP90AA1","NP_005339.3","P07900","2VCI","X-ray","2","A","1-236"
"HSP90AA1","NP_005339.3","P07900","2VCJ","X-ray","2.5","A","1-236"
"HSP90AA1","NP_005339.3","P07900","2WI1","X-ray","2.3","A","1-236"
"HSP90AA1","NP_005339.3","P07900","2WI2","X-ray","2.09","A/B","1-236"
"HSP90AA1","NP_005339.3","P07900","2WI3","X-ray","1.9","A","1-236"
"HSP90AA1","NP_005339.3","P07900","2WI4","X-ray","2.4","A","1-236"
"HSP90AA1","NP_005339.3","P07900","2WI5","X-ray","2.1","A","1-236"
"HSP90AA1","NP_005339.3","P07900","2WI6","X-ray","2.18","A","1-236"
"HSP90AA1","NP_005339.3","P07900","2WI7","X-ray","2.5","A","1-236"
"HSP90AA1","NP_005339.3","P07900","3BM9","X-ray","1.6","A","14-236"
"HSP90AA1","NP_005339.3","P07900","3BMY","X-ray","1.6","A","14-236"
"HSP90AA1","NP_005339.3","P07900","3D0B","X-ray","1.74","A","1-232"
"HSP90AA1","NP_005339.3","P07900","3EKO","X-ray","1.55","A/B","9-225"
"HSP90AA1","NP_005339.3","P07900","3EKR","X-ray","2","A/B","9-225"
"HSP90AA1","NP_005339.3","P07900","3FT5","X-ray","1.9","A","9-236"
"HSP90AA1","NP_005339.3","P07900","3FT8","X-ray","2","A","9-236"
"HSP90AA1","NP_005339.3","P07900","3HEK","X-ray","1.95","A/B","9-225"
"HSP90AA1","NP_005339.3","P07900","3HHU","X-ray","1.59","A/B","1-224"
"HSP90AA1","NP_005339.3","P07900","3K97","X-ray","1.95","A","9-236"
"HSP90AA1","NP_005339.3","P07900","3K98","X-ray","2.4","A/B","9-225"
"HSP90AA1","NP_005339.3","P07900","3K99","X-ray","2.1","A/B/C/D","9-225"
"HSPB2","NP_001532.1","Q16082","-","-","-","-","-"
"HSPB8","NP_055180.1","Q9UJY1 ","-","-","-","-","-"
"HSPD1","NP_002147.2","P10809","-","-","-","-","-"
"HSPD1","NP_955472.1","P10809","-","-","-","-","-"
"HUWE1","NP_113584.3","Q7Z6Z7","2EKK","NMR","-","A","1317-1356"
"HUWE1","NP_113584.3","Q7Z6Z7","3G1N","X-ray","2.6","A/B","4005-4374"
"HUWE1","NP_113584.3","Q7Z6Z7","3H1D","X-ray","1.89","A","3993-4374"
"HYAL1","NP_009296.1","Q12794","2PE4","X-ray","2","A","22-435"
"HYAL1","NP_149349.2","Q12794","2PE4","X-ray","2","A","22-435"
"HYAL1","NP_695013.1","Q12794","2PE4","X-ray","2","A","22-435"
"HYAL1","NP_695014.1","Q12794","2PE4","X-ray","2","A","22-435"
"HYAL1","NP_695015.1","Q12794","2PE4","X-ray","2","A","22-435"
"HYAL1","NP_695017.1","Q12794","2PE4","X-ray","2","A","22-435"
"ICOS","NP_036224.1","Q9Y6W8","-","-","-","-","-"
"IER5","NP_057629.2","Q5VY09","-","-","-","-","-"
"IFI16","NP_005522.2","Q16666 ","2OQ0","X-ray","2","A/B/C/D","192-393"
"IFI16","NP_005522.2","Q16666 ","3B6Y","X-ray","2.35","A/B","571-766"
"IFI6","NP_002029.3","P09912","-","-","-","-","-"
"IFI6","NP_075010.1","-","-","-","-","-","-"
"IFI6","NP_075011.1","P09912","-","-","-","-","-"
"IFITM1","NP_003632.3","P13164 ","-","-","-","-","-"
"IFNG","NP_000610.2","P01579 ","1EKU","X-ray","2.9","A/B","26-161"
"IFNG","NP_000610.2","P01579 ","1FG9","X-ray","2.9","A/B","24-156"
"IFNG","NP_000610.2","P01579 ","1FYH","X-ray","2.04","A/D","24-156"
"IFNG","NP_000610.2","P01579 ","1HIG","X-ray","3.5","A/B/C/D","24-161"
"IFNG","NP_000610.2","P01579 ","3BES","X-ray","2.2","L","24-161"
"IGF1","NP_000609.1","P05019","1B9G","NMR","-","A","49-118"
"IGF1","NP_000609.1","P05019","1BQT","NMR","-","A","49-118"
"IGF1","NP_000609.1","P05019","1GF1","model","-","A","49-118"
"IGF1","NP_000609.1","P05019","1GZR","X-ray","2","B","49-118"
"IGF1","NP_000609.1","P05019","1GZY","X-ray","2.54","B","49-118"
"IGF1","NP_000609.1","P05019","1GZZ","X-ray","2.3","B","49-118"
"IGF1","NP_000609.1","P05019","1H02","X-ray","2","B","49-118"
"IGF1","NP_000609.1","P05019","1H59","X-ray","2.1","A","49-118"
"IGF1","NP_000609.1","P05019","1IMX","X-ray","1.82","A","49-118"
"IGF1","NP_000609.1","P05019","1PMX","NMR","-","A","49-118"
"IGF1","NP_000609.1","P05019","1TGR","X-ray","1.42","A/B","49-110"
"IGF1","NP_000609.1","P05019","1WQJ","X-ray","1.6","I","49-118"
"IGF1","NP_000609.1","P05019","2DSP","X-ray","2.5","I","49-118"
"IGF1","NP_000609.1","P05019","2DSQ","X-ray","2.8","C/I","49-118"
"IGF1","NP_000609.1","P05019","2DSR","X-ray","2.1","I","49-118"
"IGF1","NP_000609.1","P05019","2GF1","NMR","-","A","49-118"
"IGF1","NP_000609.1","P05019","3GF1","NMR","-","A","49-118"
"IGF1","NP_000609.1","P05019","3LRI","NMR","-","A","49-118"
"IGF1","NP_001104753.1","-","-","-","-","-","-"
"IGF1","NP_001104754.1","-","-","-","-","-","-"
"IGF1","NP_001104755.1","P05019","1B9G","NMR","-","A","49-118"
"IGF1","NP_001104755.1","P05019","1BQT","NMR","-","A","49-118"
"IGF1","NP_001104755.1","P05019","1GF1","model","-","A","49-118"
"IGF1","NP_001104755.1","P05019","1GZR","X-ray","2","B","49-118"
"IGF1","NP_001104755.1","P05019","1GZY","X-ray","2.54","B","49-118"
"IGF1","NP_001104755.1","P05019","1GZZ","X-ray","2.3","B","49-118"
"IGF1","NP_001104755.1","P05019","1H02","X-ray","2","B","49-118"
"IGF1","NP_001104755.1","P05019","1H59","X-ray","2.1","A","49-118"
"IGF1","NP_001104755.1","P05019","1IMX","X-ray","1.82","A","49-118"
"IGF1","NP_001104755.1","P05019","1PMX","NMR","-","A","49-118"
"IGF1","NP_001104755.1","P05019","1TGR","X-ray","1.42","A/B","49-110"
"IGF1","NP_001104755.1","P05019","1WQJ","X-ray","1.6","I","49-118"
"IGF1","NP_001104755.1","P05019","2DSP","X-ray","2.5","I","49-118"
"IGF1","NP_001104755.1","P05019","2DSQ","X-ray","2.8","C/I","49-118"
"IGF1","NP_001104755.1","P05019","2DSR","X-ray","2.1","I","49-118"
"IGF1","NP_001104755.1","P05019","2GF1","NMR","-","A","49-118"
"IGF1","NP_001104755.1","P05019","3GF1","NMR","-","A","49-118"
"IGF1","NP_001104755.1","P05019","3LRI","NMR","-","A","49-118"
"IGF2","NP_000603.1","P01344","1GF2","model","-","A","25-91"
"IGF2","NP_000603.1","P01344","1IGL","NMR","-","A","25-91"
"IGF2","NP_000603.1","P01344","2V5P","X-ray","4.1","C/D","25-91"
"IGF2","NP_000603.1","P01344","3E4Z","X-ray","2.28","C/D","25-91"
"IGF2","NP_000603.1","P01344","3KR3","X-ray","2.2","D","25-91"
"IGF2","NP_001007140.2","P01344","1GF2","model","-","A","25-91"
"IGF2","NP_001007140.2","P01344","1IGL","NMR","-","A","25-91"
"IGF2","NP_001007140.2","P01344","2V5P","X-ray","4.1","C/D","25-91"
"IGF2","NP_001007140.2","P01344","3E4Z","X-ray","2.28","C/D","25-91"
"IGF2","NP_000603.1","P01344","3KR3","X-ray","2.2","D","25-91"
"IGF2","NP_001121070.1","-","-","-","-","-","-"
"IGFBP2","NP_000588.2","P18065 ","2H7T","NMR","-","A","220-325"
"IGFBP3","NP_000589.2","P17936","-","-","-","-","-"
"IGFBP3","NP_001013416.1","P17936","-","-","-","-","-"
"IGFBP5","NP_000590.1","P24593 ","1BOE","NMR","-","A","60-106"
"IGFBP5","NP_000590.1","P24593 ","1H59","X-ray","2.1","B","60-112"
"IGFBP6","NP_002169.1","P24592 ","1RMJ","NMR","-","A","161-240"
"IL10","NP_000563.1","P22301","1ILK","X-ray","1.8","A","28-178"
"IL10","NP_000563.1","P22301","1INR","X-ray","2","A","19-178"
"IL10","NP_000563.1","P22301","1J7V","X-ray","2.9","L","19-178"
"IL10","NP_000563.1","P22301","1LK3","X-ray","1.91","A/B","26-178"
"IL10","NP_000563.1","P22301","1Y6K","X-ray","2.52","L","19-178"
"IL10","NP_000563.1","P22301","2H24","X-ray","2","A","19-178"
"IL10","NP_000563.1","P22301","2ILK","X-ray","1.6","A","19-178"
"IL18","NP_001553.1","Q14116 ","1J0S","NMR","-","A","37-193"
"IL18","NP_001553.1","Q14116 ","2VXT","X-ray","1.49","I","37-193"
"IL18","NP_001553.1","Q14116 ","3F62","X-ray","2","B","37-193"
"IL1A","NP_000566.3","P01583 ","1ITA","model","-","A","121-271"
"IL1A","NP_000566.3","P01583 ","2ILA","X-ray","2.3","A","117-271"
"IL1RN","NP_000568.1","P18510 ","1ILR","X-ray","2.1","40180","26-177"
"IL1RN","NP_000568.1","P18510 ","1ILT","X-ray","2","A/B","26-177"
"IL1RN","NP_000568.1","P18510 ","1IRA","X-ray","2.7","X","26-177"
"IL1RN","NP_000568.1","P18510 ","1IRP","NMR","-","A","26-177"
"IL1RN","NP_000568.1","P18510 ","1ITN","model","-","A","31-177"
"IL1RN","NP_000568.1","P18510 ","2IRT","X-ray","3.2","A/B","26-177"
"IL1RN","NP_776213.1","P18510 ","1ILR","X-ray","2.1","40180","26-177"
"IL1RN","NP_776213.1","P18510 ","1ILT","X-ray","2","A/B","26-177"
"IL1RN","NP_776213.1","P18510 ","1IRA","X-ray","2.7","X","26-177"
"IL1RN","NP_776213.1","P18510 ","1IRP","NMR","-","A","26-177"
"IL1RN","NP_776213.1","P18510 ","1ITN","model","-","A","31-177"
"IL1RN","NP_776213.1","P18510 ","2IRT","X-ray","3.2","A/B","26-177"
"IL1RN","NP_776214.1","P18510 ","1ILR","X-ray","2.1","40180","26-177"
"IL1RN","NP_776214.1","P18510 ","1ILT","X-ray","2","A/B","26-177"
"IL1RN","NP_776214.1","P18510 ","1IRA","X-ray","2.7","X","26-177"
"IL1RN","NP_776214.1","P18510 ","1IRP","NMR","-","A","26-177"
"IL1RN","NP_776214.1","P18510 ","1ITN","model","-","A","31-177"
"IL1RN","NP_776214.1","P18510 ","2IRT","X-ray","3.2","A/B","26-177"
"IL1RN","NP_776215.1","P18510 ","1ILR","X-ray","2.1","40180","26-177"
"IL1RN","NP_776215.1","P18510 ","1ILT","X-ray","2","A/B","26-177"
"IL1RN","NP_776215.1","P18510 ","1IRA","X-ray","2.7","X","26-177"
"IL1RN","NP_776215.1","P18510 ","1IRP","NMR","-","A","26-177"
"IL1RN","NP_776215.1","P18510 ","1ITN","model","-","A","31-177"
"IL1RN","NP_776215.1","P18510 ","2IRT","X-ray","3.2","A/B","26-177"
"IL32","NP_001012649.1","P24001","-","-","-","-","-"
"IL32","NP_001012650.1","P24001","-","-","-","-","-"
"IL32","NP_001012651.1","P24001","-","-","-","-","-"
"IL32","NP_001012652.1","-","-","-","-","-","-"
"IL32","NP_001012653.1","-","-","-","-","-","-"
"IL32","NP_001012654.1","-","-","-","-","-","-"
"IL32","NP_001012736.1","P24001","-","-","-","-","-"
"IL32","NP_004212.4","P24001","-","-","-","-","-"
"IL6","NP_000591.1","P05231 ","1ALU","X-ray","1.9","A","28-212"
"IL6","NP_000591.1","P05231 ","1IL6","NMR","-","A","28-212"
"IL6","NP_000591.1","P05231 ","1N2Q","model","-","E/F","30-212"
"IL6","NP_000591.1","P05231 ","1P9M","X-ray","3.65","B","29-212"
"IL6","NP_000591.1","P05231 ","2IL6","NMR","-","A","28-212"
"IL8","NP_000575.1","P10145","1ICW","X-ray","2.01","A/B","28-99"
"IL8","NP_000575.1","P10145","1IKL","NMR","-","A","28-99"
"IL8","NP_000575.1","P10145","1IKM","NMR","-","A","28-99"
"IL8","NP_000575.1","P10145","1IL8","NMR","-","A/B","28-99"
"IL8","NP_000575.1","P10145","1ILP","NMR","-","A/B","28-99"
"IL8","NP_000575.1","P10145","1ILQ","NMR","-","A/B","28-99"
"IL8","NP_000575.1","P10145","1QE6","X-ray","2.35","A/B/C/D","28-99"
"IL8","NP_000575.1","P10145","1ROD","NMR","-","A/B","28-57"
"IL8","NP_000575.1","P10145","2IL8","NMR","-","A/B","28-99"
"IL8","NP_000575.1","P10145","3IL8","X-ray","2","A","28-99"
"ILF2","NP_004506.2","Q12905","-","-","-","-","-"
"IMP3","NP_060755.1","Q9NV31","2CQJ","NMR","-","A","109-166"
"INPP5E","NP_063945.2","Q9NRR6","-","-","-","-","-"
"IPO5","NP_002262.3","O00410","-","-","-","-","-"
"IRF3","NP_001562.1","Q14653 ","1J2F","X-ray","2.3","A/B","175-427"
"IRF3","NP_001562.1","Q14653 ","1QWT","X-ray","2.1","A/B","173-427"
"IRF3","NP_001562.1","Q14653 ","1T2K","X-ray","3","A/B","1-112"
"IRF3","NP_001562.1","Q14653 ","1ZOQ","X-ray","2.37","A/B","196-386"
"IRF3","NP_001562.1","Q14653 ","2O61","X-ray","2.8","A","9-111"
"IRF3","NP_001562.1","Q14653 ","2O6G","X-ray","3.1","E/F/G/H","1-123"
"IRF3","NP_001562.1","Q14653 ","2PI0","X-ray","2.31","A/B/C/D","1-113"
"ITGA1","NP_852478.1","P56199","1PT6","X-ray","1.87","A/B","166-366"
"ITGA1","NP_852478.1","P56199","1QC5","X-ray","2","A/B","168-359"
"ITGA1","NP_852478.1","P56199","1QCY","X-ray","2.3","A","169-361"
"ITGA4","NP_000876.3","P13612","-","-","-","-","-"
"ITGA6","NP_000201.2","P23229 ","-","-","-","-","-"
"ITGA6","NP_001073286.1","P23229 ","-","-","-","-","-"
"ITGAV ","NP_001138471.1","-","-","-","-","-","-"
"ITGAV ","NP_001138472.1","P06756","1JV2","X-ray","3.1","A","31-987"
"ITGAV ","NP_001138472.1","P06756","1L5G","X-ray","3.2","A","31-987"
"ITGAV ","NP_001138472.1","P06756","1M1X","X-ray","3.3","A","31-987"
"ITGAV ","NP_001138472.1","P06756","1U8C","X-ray","3.1","A","31-987"
"ITGAV ","NP_001138472.1","P06756","3IJE","X-ray","2.9","A","31-997"
"ITGAV ","NP_002201.1","P06756","1JV2","X-ray","3.1","A","31-987"
"ITGAV ","NP_002201.1","P06756","1L5G","X-ray","3.2","A","31-987"
"ITGAV ","NP_002201.1","P06756","1M1X","X-ray","3.3","A","31-987"
"ITGAV ","NP_002201.1","P06756","1U8C","X-ray","3.1","A","31-987"
"ITGAV ","NP_002201.1","P06756","3IJE","X-ray","2.9","A","31-997"
"ITGB1","NP_002202.2","P05556 ","1K11","model","-","B","786-797"
"ITGB1","NP_002202.2","P05556 ","1LHA","model","-","A","86-543"
"ITGB1","NP_002202.2","P05556 ","3G9W","X-ray","2.16","C/D","752-785"
"ITGB1","NP_389647.1","P05556 ","1K11","model","-","B","786-797"
"ITGB1","NP_389647.1","P05556 ","1LHA","model","-","A","86-543"
"ITGB1","NP_389647.1","P05556 ","3G9W","X-ray","2.16","C/D","752-785"
"ITGB1","NP_391987.1","P05556 ","1K11","model","-","B","786-797"
"ITGB1","NP_391987.1","P05556 ","1LHA","model","-","A","86-543"
"ITGB1","NP_391987.1","P05556 ","3G9W","X-ray","2.16","C/D","752-785"
"ITGB1","NP_391988.1","P05556 ","1K11","model","-","B","786-797"
"ITGB1","NP_391988.1","P05556 ","1LHA","model","-","A","86-543"
"ITGB1","NP_391988.1","P05556 ","3G9W","X-ray","2.16","C/D","752-785"
"ITGB1","NP_391989.1","P05556 ","1K11","model","-","B","786-797"
"ITGB1","NP_391989.1","P05556 ","1LHA","model","-","A","86-543"
"ITGB1","NP_391989.1","P05556 ","3G9W","X-ray","2.16","C/D","752-785"
"ITGB1","NP_596867.1","P05556 ","1K11","model","-","B","786-797"
"ITGB1","NP_596867.1","P05556 ","1LHA","model","-","A","86-543"
"ITGB1","NP_596867.1","P05556 ","3G9W","X-ray","2.16","C/D","752-785"
"ITGB2","NP_000202.2","P05107","1JX3","model","-","A","126-364"
"ITGB2","NP_000202.2","P05107","1L3Y","NMR","-","A","535-574"
"ITGB2","NP_000202.2","P05107","1YUK","X-ray","1.8","A","23-125"
"ITGB2","NP_000202.2","P05107","1YUK","X-ray","1.8","B","365-482"
"ITGB2","NP_000202.2","P05107","2JF1","X-ray","2.2","T","735-769"
"ITGB2","NP_000202.2","P05107","2P26","X-ray","1.75","A","23-535"
"ITGB2","NP_000202.2","P05107","2P28","X-ray","2.2","A","23-122"
"ITGB2","NP_000202.2","P05107","2P28","X-ray","2.2","B","362-574"
"ITGB2","NP_000202.2","P05107","2V7D","X-ray","2.5","P/Q/R/S","755-764"
"ITGB2","NP_000202.2","P05107","3K6S","X-ray","3.5","B/D/F/H","23-699"
"ITGB2","NP_000202.2","P05107","3K71","X-ray","3.95","B/D/F/H","23-699"
"ITGB2","NP_000202.2","P05107","3K72","X-ray","3.7","B/D","23-699"
"ITGB2","NP_001120963.1","P05107","1JX3","model","-","A","126-364"
"ITGB2","NP_001120963.1","P05107","1L3Y","NMR","-","A","535-574"
"ITGB2","NP_001120963.1","P05107","1YUK","X-ray","1.8","A","23-125"
"ITGB2","NP_001120963.1","P05107","1YUK","X-ray","1.8","B","365-482"
"ITGB2","NP_001120963.1","P05107","2JF1","X-ray","2.2","T","735-769"
"ITGB2","NP_001120963.1","P05107","2P26","X-ray","1.75","A","23-535"
"ITGB2","NP_001120963.1","P05107","2P28","X-ray","2.2","A","23-122"
"ITGB2","NP_001120963.1","P05107","2P28","X-ray","2.2","B","362-574"
"ITGB2","NP_001120963.1","P05107","2V7D","X-ray","2.5","P/Q/R/S","755-764"
"ITGB2","NP_001120963.1","P05107","3K6S","X-ray","3.5","B/D/F/H","23-699"
"ITGB2","NP_001120963.1","P05107","3K71","X-ray","3.95","B/D/F/H","23-699"
"ITGB2","NP_001120963.1","P05107","3K72","X-ray","3.7","B/D","23-699"
"ITGB8","NP_002205.1","P26012","-","-","-","-","-"
"ITM2C","NP_001012532.1","Q9NQX7","-","-","-","-","-"
"ITM2C","NP_001012534.1","Q9NQX7","-","-","-","-","-"
"ITM2C","NP_112188.1","Q9NQX7","-","-","-","-","-"
"IVL","NP_005538.2","P07476 ","1EU0","model","-","A","312-361"
"JAK1","NP_002218.2","P23458","3EYG","X-ray","1.9","A","865-1154"
"JAK1","NP_002218.2","P23458","3EYH","X-ray","2","A","865-1154"
"JUNB","NP_002220.1","P17275 ","-","-","-","-","-"
"KCNC4","NP_001034663.1","Q03721","-","-","-","-","-"
"KCNC4","NP_004969.2","Q03721","-","-","-","-","-"
"KCNC4","NP_720198.1","Q03721","-","-","-","-","-"
"KCNJ4","NP_004972.1","P48050 ","3GJ9","X-ray","2.8","C/D","436-445"
"KCNJ4","NP_690607.1","P48050 ","3GJ9","X-ray","2.8","C/D","436-445"
"KIAA1324","NP_065826.2","Q6UXG2","-","-","-","-","-"
"KIT","NP_000213.1","P10721 ","1PKG","X-ray","2.9","A/B","549-931"
"KIT","NP_000213.1","P10721 ","1QZJ","model","-","A","576-932"
"KIT","NP_000213.1","P10721 ","1QZK","model","-","A","576-932"
"KIT","NP_000213.1","P10721 ","1R01","model","-","A","576-932"
"KIT","NP_000213.1","P10721 ","1T45","X-ray","1.9","A","547-935"
"KIT","NP_000213.1","P10721 ","1T46","X-ray","1.6","A","565-935"
"KIT","NP_000213.1","P10721 ","2E9W","X-ray","3.5","A/B","26-514"
"KIT","NP_000213.1","P10721 ","2EC8","X-ray","3","A","1-519"
"KIT","NP_000213.1","P10721 ","2VIF","X-ray","1.45","P","564-574"
"KIT","NP_000213.1","P10721 ","3G0E","X-ray","1.6","A","544-935"
"KIT","NP_000213.1","P10721 ","3G0F","X-ray","2.6","A/B","544-935"
"KIT","NP_001087241.1","P10721 ","1PKG","X-ray","2.9","A/B","549-931"
"KIT","NP_001087241.1","P10721 ","1QZJ","model","-","A","576-932"
"KIT","NP_001087241.1","P10721 ","1QZK","model","-","A","576-932"
"KIT","NP_001087241.1","P10721 ","1R01","model","-","A","576-932"
"KIT","NP_001087241.1","P10721 ","1T45","X-ray","1.9","A","547-935"
"KIT","NP_001087241.1","P10721 ","1T46","X-ray","1.6","A","565-935"
"KIT","NP_001087241.1","P10721 ","2E9W","X-ray","3.5","A/B","26-514"
"KIT","NP_001087241.1","P10721 ","2EC8","X-ray","3","A","1-519"
"KIT","NP_001087241.1","P10721 ","2VIF","X-ray","1.45","P","564-574"
"KIT","NP_001087241.1","P10721 ","3G0E","X-ray","1.6","A","544-935"
"KIT","NP_001087241.1","P10721 ","3G0F","X-ray","2.6","A/B","544-935"
"KITLG","NP_000890.1","P21583 ","1EXZ","X-ray","2.3","A/B/C/D","26-166"
"KITLG","NP_000890.1","P21583 ","1SCF","X-ray","2.2","A/B/C/D","1-273"
"KITLG","NP_000890.1","P21583 ","2E9W","X-ray","3.5","C/D","26-166"
"KITLG","NP_003985.2","P21583 ","1EXZ","X-ray","2.3","A/B/C/D","26-166"
"KITLG","NP_003985.2","P21583 ","1SCF","X-ray","2.2","A/B/C/D","1-273"
"KITLG","NP_003985.2","P21583 ","2E9W","X-ray","3.5","C/D","26-166"
"KLF3","NP_057615.3","P57682","-","-","-","-","-"
"KLK10","NP_001070968.1","O43240 ","-","-","-","-","-"
"KLK10","NP_002767.2","O43240 ","-","-","-","-","-"
"KLK10","NP_665895.1","O43240 ","-","-","-","-","-"
"KLK11","NP_001129504.1","Q9UBX7 ","-","-","-","-","-"
"KLK11","NP_006844.1","Q9UBX7 ","-","-","-","-","-"
"KLK11","NP_659196.1","Q9UBX7 ","-","-","-","-","-"
"KLK12","NP_062544.1","Q9UKR0 ","-","-","-","-","-"
"KLK12","NP_665901.1","Q9UKR0 ","-","-","-","-","-"
"KLK12","NP_665902.1","-","-","-","-","-","-"
"KLK13","NP_056411.1","Q9UKR3 ","-","-","-","-","-"
"KLK2","NP_001002231.1","P20151","-","-","-","-","-"
"KLK2","NP_005542.1","P20151","-","-","-","-","-"
"KLK7","NP_005037.1","P49862 ","2QXG","X-ray","2.6","A/B","30-253"
"KLK7","NP_005037.1","P49862 ","2QXH","X-ray","2","A","30-253"
"KLK7","NP_005037.1","P49862 ","2QXI","X-ray","1","A","30-253"
"KLK7","NP_005037.1","P49862 ","2QXJ","X-ray","2.1","A","30-253"
"KLK7","NP_005037.1","P49862 ","3BSQ","X-ray","2.8","A/B/C","30-250"
"KLK7","NP_644806.1","P49862 ","2QXG","X-ray","2.6","A/B","30-253"
"KLK7","NP_644806.1","P49862 ","2QXH","X-ray","2","A","30-253"
"KLK7","NP_644806.1","P49862 ","2QXI","X-ray","1","A","30-253"
"KLK7","NP_644806.1","P49862 ","2QXJ","X-ray","2.1","A","30-253"
"KLK7","NP_644806.1","P49862 ","3BSQ","X-ray","2.8","A/B/C","30-250"
"KLK8","NP_009127.1","O60259 ","-","-","-","-","-"
"KLK8","NP_653088.1","O60259 ","-","-","-","-","-"
"KLK8","NP_653089.1","O60259 ","-","-","-","-","-"
"KLK8","NP_653090.1","O60259 ","-","-","-","-","-"
"KRAS","NP_004976.2","P01116 ","1D8D","X-ray","2","P","169-173"
"KRAS","NP_004976.2","P01116 ","1D8E","X-ray","3","P","169-173"
"KRAS","NP_004976.2","P01116 ","1KZO","X-ray","2.2","C","169-173"
"KRAS","NP_004976.2","P01116 ","1KZP","X-ray","2.1","C","169-173"
"KRAS","NP_004976.2","P01116 ","3GFT","X-ray","2.27","A/B/C/D/E/F","1-164"
"KRAS","NP_203524.1","P01116 ","1D8D","X-ray","2","P","169-173"
"KRAS","NP_203524.1","P01116 ","1D8E","X-ray","3","P","169-173"
"KRAS","NP_203524.1","P01116 ","1KZO","X-ray","2.2","C","169-173"
"KRAS","NP_203524.1","P01116 ","1KZP","X-ray","2.1","C","169-173"
"KRAS","NP_203524.1","P01116 ","3GFT","X-ray","2.27","A/B/C/D/E/F","1-164"
"KRT1","NP_006112.3","P04264 ","-","-","-","-","-"
"KRT10","NP_000412.3","P13645","-","-","-","-","-"
"KRT13","NP_002265.2","P13646 ","-","-","-","-","-"
"KRT13","NP_705694.2","P13646 ","-","-","-","-","-"
"KRT15","NP_002266.2","P19012","-","-","-","-","-"
"KRT17","NP_000413.1","Q04695","-","-","-","-","-"
"KRT18","NP_000215.1","P05783 ","-","-","-","-","-"
"KRT18","NP_954657.1","P05783 ","-","-","-","-","-"
"KRT19","NP_002267.2","P08727 ","-","-","-","-","-"
"KRT3","NP_476429.2","P12035 ","-","-","-","-","-"
"KRT4","NP_002263.2","P19013 ","-","-","-","-","-"
"KRT6B","NP_005546.2","P04259","","","","",""
"KRT7","NP_005547.3","P08729 ","-","-","-","-","-"
"KRT8","NP_002264.1","P05787 ","-","-","-","-","-"
"KRTHA3B","NP_002270.1","Q14525","-","-","-","-","-"
"LAMA5","NP_005551.3","O15230","-","-","-","-","-"
"LARP7","NP_056269.1","Q4G0J3","-","-","-","-","-"
"LARP7","NP_057732.2","Q4G0J3","-","-","-","-","-"
"LDHA","NP_001128711.1","-","-","-","-","-","-"
"LDHA","NP_001158887.1","P00338","1I10","X-ray","2.3","A/B/C/D/E/F/G/H","2-332"
"LDHA","NP_005557.1","P00338","1I10","X-ray","2.3","A/B/C/D/E/F/G/H","2-332"
"LGALS7","NP_002298.1","P47929","1BKZ","X-ray","1.9","A/B","2-136"
"LGALS7","NP_002298.1","P47929","2GAL","X-ray","2","A/B","2-136"
"LGALS7","NP_002298.1","P47929","3GAL","X-ray","1.9","A/B","2-136"
"LGALS7","NP_002298.1","P47929","4GAL","X-ray","1.95","A/B","2-136"
"LGALS7","NP_002298.1","P47929","5GAL","X-ray","2","A/B","2-136"
"LGR5","NP_003658.1","O75473 ","-","-","-","-","-"
"LHFPL4","NP_940962.1","Q7Z7J7","-","-","-","-","-"
"LMX1A","NP_796373.1","Q8TE12","-","-","-","-","-"
"LMX1A","NP_001028679.1","Q8TE12","-","-","-","-","-"
"LMX1A","NP_796372.1","Q8TE12","-","-","-","-","-"
"LSM3","NP_055278.1","P62310","-","-","-","-","-"
"LSMD1","NP_115732.2","Q9BRA0","-","-","-","-","-"
"LY6D","NP_003686.1","Q14210","-","-","-","-","-"
"LYPLA1","NP_006321.1","O75608","1FJ2","X-ray","1.5","A/B","6-230"
"MAL","NP_002362.1","P21145 ","-","-","-","-","-"
"MAL","NP_071883.1","P21145 ","-","-","-","-","-"
"MAL","NP_071884.1","P21145 ","-","-","-","-","-"
"MAL","NP_071885.1","P21145 ","-","-","-","-","-"
"MAP3K11","NP_002410.1","Q16584","-","-","-","-","-"
"MBNL2","NP_659002.1","Q5VZF2","2E5S","NMR","-","A","166-257"
"MBNL2","NP_659002.1","Q5VZF2","2RPP","NMR","-","A","Jul-82"
"MBNL2","NP_997187.1","Q5VZF2","2E5S","NMR","-","A","166-257"
"MBNL2","NP_997187.1","Q5VZF2","2RPP","NMR","-","A","Jul-82"
"MCM2","NP_004517.2","P49736 ","-","-","-","-","-"
"MCM3","NP_002379.2","P25205","-","-","-","-","-"
"MCM4","NP_005905.2","P33991","-","-","-","-","-"
"MCM4","NP_877423.1","P33991","-","-","-","-","-"
"MCM5","NP_006730.2","P33992 ","-","-","-","-","-"
"MDM2","NP_002383.2","Q00987 ","1RV1","X-ray","2.3","A/B/C","25-109"
"MDM2","NP_002383.2","Q00987 ","1T4E","X-ray","2.6","A/B","17-111"
"MDM2","NP_002383.2","Q00987 ","1T4F","X-ray","1.9","M","17-125"
"MDM2","NP_002383.2","Q00987 ","1YCR","X-ray","2.6","A","17-125"
"MDM2","NP_002383.2","Q00987 ","1Z1M","NMR","-","A","1-118"
"MDM2","NP_002383.2","Q00987 ","2AXI","X-ray","1.4","A","17-125"
"MDM2","NP_002383.2","Q00987 ","2C6A","NMR","-","A","290-335"
"MDM2","NP_002383.2","Q00987 ","2C6B","NMR","-","A","290-335"
"MDM2","NP_002383.2","Q00987 ","2F1Y","X-ray","1.7","A","-"
"MDM2","NP_002383.2","Q00987 ","2FOP","X-ray","2.1","B","145-150"
"MDM2","NP_002383.2","Q00987 ","2GV2","X-ray","1.8","A","17-125"
"MDM2","NP_002383.2","Q00987 ","2HDP","NMR","-","A/B","429-491"
"MDM2","NP_002383.2","Q00987 ","2VJE","X-ray","2.2","A/C","428-491"
"MDM2","NP_002383.2","Q00987 ","2VJF","X-ray","2.3","A/C","428-491"
"MDM2","NP_002383.2","Q00987 ","3EQS","X-ray","1.65","A","25-109"
"MDM2","NP_002383.2","Q00987 ","3G03","X-ray","1.8","A/C","18-125"
"MDM2","NP_002383.2","Q00987 ","3IUX","X-ray","1.65","A/C","25-109"
"MDM2","NP_002383.2","Q00987 ","3IWY","X-ray","1.93","A/C","25-109"
"MDM2","NP_002383.2","Q00987 ","3JZK","X-ray","2.1","A","17-111"
"MDM2","NP_002383.2","Q00987 ","3JZR","X-ray","2.1","A","17-125"
"MDM2","NP_002383.2","Q00987 ","3JZS","X-ray","1.78","A","24-109"
"MDM2","NP_002383.2","Q00987 ","3LBK","X-ray","2.3","A","18-111"
"MDM2","NP_002383.2","Q00987 ","3LBL","X-ray","1.6","A/C/E","18-111"
"MDM2","NP_002383.2","Q00987 ","3LNJ","X-ray","2.4","A/C/E","25-109"
"MDM2","NP_002383.2","Q00987 ","3LNZ","X-ray","1.95","A/C/E/G/I/K/M/O","25-109"
"ME1","NP_002386.1","P48163 ","2AW5","X-ray","2.5","A/B/C","13-564"
"MEF2A","NP_001124398.1","Q02078","1C7U","NMR","-","A/B","Feb-86"
"MEF2A","NP_001124398.1","Q02078","1EGW","X-ray","1.5","A/B/C/D","Feb-78"
"MEF2A","NP_001124398.1","Q02078","3KOV","X-ray","2.9","A/B/I/J","Feb-91"
"MEF2A","NP_001124399.1","Q02078","1C7U","NMR","-","A/B","Feb-86"
"MEF2A","NP_001124399.1","Q02078","1EGW","X-ray","1.5","A/B/C/D","Feb-78"
"MEF2A","NP_001124399.1","Q02078","3KOV","X-ray","2.9","A/B/I/J","Feb-91"
"MEF2A","NP_001124400.1","Q02078","1C7U","NMR","-","A/B","Feb-86"
"MEF2A","NP_001124400.1","Q02078","1EGW","X-ray","1.5","A/B/C/D","Feb-78"
"MEF2A","NP_001124400.1","Q02078","3KOV","X-ray","2.9","A/B/I/J","Feb-91"
"MEF2A","NP_005578.2","Q02078","1C7U","NMR","-","A/B","Feb-86"
"MEF2A","NP_005578.2","Q02078","1EGW","X-ray","1.5","A/B/C/D","Feb-78"
"MEF2A","NP_005578.2","Q02078","3KOV","X-ray","2.9","A/B/I/J","Feb-91"
"MET","NP_000236.2","P08581 ","1FYR","X-ray","2.4","I/J/K/L","1356-1359"
"MET","NP_000236.2","P08581 ","1R0P","X-ray","1.8","A","1049-1360"
"MET","NP_000236.2","P08581 ","1R1W","X-ray","1.8","A","1049-1360"
"MET","NP_000236.2","P08581 ","1SHY","X-ray","3.22","B","25-567"
"MET","NP_000236.2","P08581 ","1SSL","NMR","-","A","519-562"
"MET","NP_000236.2","P08581 ","1UX3","model","-","A","25-656"
"MET","NP_000236.2","P08581 ","2G15","X-ray","2.15","A","1038-1346"
"MET","NP_000236.2","P08581 ","2RFN","X-ray","2.5","A/B","1048-1351"
"MET","NP_000236.2","P08581 ","2RFS","X-ray","2.2","A","1048-1351"
"MET","NP_000236.2","P08581 ","2UZX","X-ray","2.8","B/D","25-740"
"MET","NP_000236.2","P08581 ","2UZY","X-ray","4","B/D","25-740"
"MET","NP_000236.2","P08581 ","2WD1","X-ray","2","A","1055-1346"
"MET","NP_000236.2","P08581 ","2WGJ","X-ray","2","A","1051-1348"
"MET","NP_000236.2","P08581 ","3A4P","X-ray","2.54","A","1049-1360"
"MET","NP_000236.2","P08581 ","3BUX","X-ray","1.35","A/C","997-1009"
"MET","NP_000236.2","P08581 ","3CE3","X-ray","2.4","A","1049-1360"
"MET","NP_000236.2","P08581 ","3CTH","X-ray","2.3","A","1049-1360"
"MET","NP_000236.2","P08581 ","3CTJ","X-ray","2.5","A","1049-1360"
"MET","NP_000236.2","P08581 ","3DKC","X-ray","1.52","A","1049-1360"
"MET","NP_000236.2","P08581 ","3DKF","X-ray","1.8","A","1049-1360"
"MET","NP_000236.2","P08581 ","3DKG","X-ray","1.91","A","1049-1360"
"MET","NP_000236.2","P08581 ","3EFJ","X-ray","2.6","A/B","1048-1351"
"MET","NP_000236.2","P08581 ","3EFK","X-ray","2.2","A/B","1048-1351"
"MET","NP_000236.2","P08581 ","3F66","X-ray","1.4","A/B","1052-1349"
"MET","NP_000236.2","P08581 ","3F82","X-ray","2.5","A","1049-1360"
"MET","NP_000236.2","P08581 ","3I5N","X-ray","2","A","1048-1351"
"MET","NP_000236.2","P08581 ","3L8V","X-ray","2.4","A","1049-1360"
"MET","NP_000236.2","P08581 ","3LQ8","X-ray","2.02","A","1051-1348"
"MET","NP_001120972.1","P08581 ","1FYR","X-ray","2.4","I/J/K/L","1356-1359"
"MET","NP_001120972.1","P08581 ","1R0P","X-ray","1.8","A","1049-1360"
"MET","NP_001120972.1","P08581 ","1R1W","X-ray","1.8","A","1049-1360"
"MET","NP_001120972.1","P08581 ","1SHY","X-ray","3.22","B","25-567"
"MET","NP_001120972.1","P08581 ","1SSL","NMR","-","A","519-562"
"MET","NP_001120972.1","P08581 ","1UX3","model","-","A","25-656"
"MET","NP_001120972.1","P08581 ","2G15","X-ray","2.15","A","1038-1346"
"MET","NP_001120972.1","P08581 ","2RFN","X-ray","2.5","A/B","1048-1351"
"MET","NP_001120972.1","P08581 ","2RFS","X-ray","2.2","A","1048-1351"
"MET","NP_001120972.1","P08581 ","2UZX","X-ray","2.8","B/D","25-740"
"MET","NP_001120972.1","P08581 ","2UZY","X-ray","4","B/D","25-740"
"MET","NP_001120972.1","P08581 ","2WD1","X-ray","2","A","1055-1346"
"MET","NP_001120972.1","P08581 ","2WGJ","X-ray","2","A","1051-1348"
"MET","NP_001120972.1","P08581 ","3A4P","X-ray","2.54","A","1049-1360"
"MET","NP_001120972.1","P08581 ","3BUX","X-ray","1.35","A/C","997-1009"
"MET","NP_001120972.1","P08581 ","3CE3","X-ray","2.4","A","1049-1360"
"MET","NP_001120972.1","P08581 ","3CTH","X-ray","2.3","A","1049-1360"
"MET","NP_001120972.1","P08581 ","3CTJ","X-ray","2.5","A","1049-1360"
"MET","NP_001120972.1","P08581 ","3DKC","X-ray","1.52","A","1049-1360"
"MET","NP_001120972.1","P08581 ","3DKF","X-ray","1.8","A","1049-1360"
"MET","NP_001120972.1","P08581 ","3DKG","X-ray","1.91","A","1049-1360"
"MET","NP_001120972.1","P08581 ","3EFJ","X-ray","2.6","A/B","1048-1351"
"MET","NP_001120972.1","P08581 ","3EFK","X-ray","2.2","A/B","1048-1351"
"MET","NP_001120972.1","P08581 ","3F66","X-ray","1.4","A/B","1052-1349"
"MET","NP_001120972.1","P08581 ","3F82","X-ray","2.5","A","1049-1360"
"MET","NP_001120972.1","P08581 ","3I5N","X-ray","2","A","1048-1351"
"MET","NP_001120972.1","P08581 ","3L8V","X-ray","2.4","A","1049-1360"
"MET","NP_001120972.1","P08581 ","3LQ8","X-ray","2.02","A","1051-1348"
"MGMT","NP_002403.2","-","-","-","-","-","-"
"MLH1","NP_000240.1","P40692 ","-","-","-","-","-"
"MLLT4","NP_001035089.1","-","-","-","-","-","-"
"MLLT4","NP_001035090.1","P55196 ","1T2M","NMR","-","A","1003-1094"
"MLLT4","NP_001035090.1","P55196 ","1XZ9","NMR","-","A","1001-1096"
"MLLT4","NP_001035090.1","P55196 ","2AIN","NMR","-","A","1003-1094"
"MLLT4","NP_001035090.1","P55196 ","2EXG","NMR","-","A","1001-1096"
"MLLT4","NP_005927.2","P55196 ","1T2M","NMR","-","A","1003-1094"
"MLLT4","NP_005927.2","P55196 ","1XZ9","NMR","-","A","1001-1096"
"MLLT4","NP_005927.2","P55196 ","2AIN","NMR","-","A","1003-1094"
"MLLT4","NP_005927.2","P55196 ","2EXG","NMR","-","A","1001-1096"
"MMP1","NP_002412.1","P03956","1AYK","NMR","-","A","101-269"
"MMP1","NP_002412.1","P03956","1CGE","X-ray","1.9","A","102-269"
"MMP1","NP_002412.1","P03956","1CGF","X-ray","2.1","A/B","102-263"
"MMP1","NP_002412.1","P03956","1CGL","X-ray","2.4","A/B","101-269"
"MMP1","NP_002412.1","P03956","1HFC","X-ray","1.5","A","101-269"
"MMP1","NP_002412.1","P03956","1SU3","X-ray","2.2","A/B","20-469"
"MMP1","NP_002412.1","P03956","2AYK","NMR","-","A","101-269"
"MMP1","NP_002412.1","P03956","2CLT","X-ray","2.67","A/B","100-466"
"MMP1","NP_002412.1","P03956","2J0T","X-ray","2.54","A/B/C","101-269"
"MMP1","NP_002412.1","P03956","2TCL","X-ray","2.2","A","101-269"
"MMP1","NP_002412.1","P03956","3AYK","NMR","-","A","101-269"
"MMP1","NP_002412.1","P03956","4AYK","NMR","-","A","101-269"
"MMP1","NP_002412.1","P03956","966C","X-ray","1.9","A","108-264"
"MMP10","NP_002416.1","P09238","1Q3A","X-ray","2.1","A/B/C","99-263"
"MMP11","NP_005931.2","P24347","-","-","-","-","-"
"MMP12","NP_002417.2","P39900","1JIZ","X-ray","2.6","A/B","100-264"
"MMP12","NP_002417.2","P39900","1JK3","X-ray","1.09","A","106-263"
"MMP12","NP_002417.2","P39900","1OS2","X-ray","2.15","A/B/C/D/E/F","106-268"
"MMP12","NP_002417.2","P39900","1OS9","X-ray","1.85","A/B/C/D/E/F","106-268"
"MMP12","NP_002417.2","P39900","1RMZ","X-ray","1.34","A","106-263"
"MMP12","NP_002417.2","P39900","1ROS","X-ray","2","A/B","106-268"
"MMP12","NP_002417.2","P39900","1UTT","X-ray","2.2","A","106-264"
"MMP12","NP_002417.2","P39900","1UTZ","X-ray","2.5","A/B","106-264"
"MMP12","NP_002417.2","P39900","1Y93","X-ray","1.03","A","106-263"
"MMP12","NP_002417.2","P39900","1YCM","NMR","-","A","106-263"
"MMP12","NP_002417.2","P39900","1Z3J","NMR","-","A","106-263"
"MMP12","NP_002417.2","P39900","2HU6","X-ray","1.32","A","106-263"
"MMP12","NP_002417.2","P39900","2JXY","NMR","-","A","278-470"
"MMP12","NP_002417.2","P39900","2K2G","NMR","-","A","100-263"
"MMP12","NP_002417.2","P39900","2K9C","NMR","-","A","112-263"
"MMP12","NP_002417.2","P39900","2KRJ","NMR","-","A","112-263"
"MMP12","NP_002417.2","P39900","2OXU","X-ray","1.24","A","106-263"
"MMP12","NP_002417.2","P39900","2OXW","X-ray","1.15","A","106-263"
"MMP12","NP_002417.2","P39900","2OXZ","X-ray","1.9","A","106-263"
"MMP12","NP_002417.2","P39900","2POJ","NMR","-","A","100-263"
"MMP12","NP_002417.2","P39900","2W0D","X-ray","2","A/B/C/D","106-263"
"MMP12","NP_002417.2","P39900","2WO8","X-ray","2","A/B/C/D","106-268"
"MMP12","NP_002417.2","P39900","2WO9","X-ray","1.7","A/B/C/D","106-268"
"MMP12","NP_002417.2","P39900","2WOA","X-ray","2.3","A/B/C/D","106-268"
"MMP12","NP_002417.2","P39900","2Z2D","NMR","-","A","100-263"
"MMP12","NP_002417.2","P39900","3BA0","X-ray","3","A","106-470"
"MMP12","NP_002417.2","P39900","3EHX","X-ray","1.9","A","106-263"
"MMP12","NP_002417.2","P39900","3EHY","X-ray","1.9","A","106-263"
"MMP12","NP_002417.2","P39900","3F15","X-ray","1.7","A","106-263"
"MMP12","NP_002417.2","P39900","3F16","X-ray","1.16","A","106-263"
"MMP12","NP_002417.2","P39900","3F17","X-ray","1.1","A","106-263"
"MMP12","NP_002417.2","P39900","3F18","X-ray","1.13","A","106-263"
"MMP12","NP_002417.2","P39900","3F19","X-ray","1.13","A","106-263"
"MMP12","NP_002417.2","P39900","3F1A","X-ray","1.25","A","106-263"
"MMP12","NP_002417.2","P39900","3LKA","X-ray","1.8","A","106-263"
"MMP13","NP_002418.1","P45452","1EUB","NMR","-","A","104-274"
"MMP13","NP_002418.1","P45452","1FLS","NMR","-","A","104-268"
"MMP13","NP_002418.1","P45452","1FM1","NMR","-","A","104-268"
"MMP13","NP_002418.1","P45452","1PEX","X-ray","2.7","A","265-471"
"MMP13","NP_002418.1","P45452","1UC1","model","-","A","1-471"
"MMP13","NP_002418.1","P45452","1XUC","X-ray","1.7","A/B","104-274"
"MMP13","NP_002418.1","P45452","1XUD","X-ray","1.8","A/B","104-274"
"MMP13","NP_002418.1","P45452","1XUR","X-ray","1.85","A/B","104-274"
"MMP13","NP_002418.1","P45452","1YOU","X-ray","2.3","A/B","104-271"
"MMP13","NP_002418.1","P45452","1ZTQ","X-ray","2","A/B/C/D","104-268"
"MMP13","NP_002418.1","P45452","2D1N","X-ray","2.37","A/B","104-269"
"MMP13","NP_002418.1","P45452","2E2D","X-ray","2","A","104-268"
"MMP13","NP_002418.1","P45452","2OW9","X-ray","1.74","A/B","104-270"
"MMP13","NP_002418.1","P45452","2OZR","X-ray","2.3","A/B/C/D/E/F/G/H","104-270"
"MMP13","NP_002418.1","P45452","2PJT","X-ray","2.8","A/B/C/D","104-268"
"MMP13","NP_002418.1","P45452","3ELM","X-ray","1.9","A/B","104-274"
"MMP13","NP_002418.1","P45452","3I7G","X-ray","1.95","A/B","104-274"
"MMP13","NP_002418.1","P45452","3I7I","X-ray","2.21","A/B","104-274"
"MMP13","NP_002418.1","P45452","456C","X-ray","2.4","A/B","104-271"
"MMP13","NP_002418.1","P45452","830C","X-ray","1.6","A/B","104-271"
"MMP14","NP_004986.1","P50281","1BQQ","X-ray","2.75","M","114-287"
"MMP14","NP_004986.1","P50281","1BUV","X-ray","2.75","M","114-287"
"MMP14","NP_004986.1","P50281","3C7X","X-ray","1.7","A","316-511"
"MMP2","NP_001121363.1","P08253","1CK7","X-ray","2.8","A","30-660"
"MMP2","NP_001121363.1","P08253","1CXW","NMR","-","A","278-336"
"MMP2","NP_001121363.1","P08253","1EAK","X-ray","2.66","A/B/C/D","32-452"
"MMP2","NP_001121363.1","P08253","1GEN","X-ray","2.15","A","443-660"
"MMP2","NP_001121363.1","P08253","1GXD","X-ray","3.1","A/B","30-660"
"MMP2","NP_001121363.1","P08253","1HOV","NMR","-","A","110-446"
"MMP2","NP_001121363.1","P08253","1J7M","NMR","-","A","337-394"
"MMP2","NP_001121363.1","P08253","1KS0","NMR","-","A","223-282"
"MMP2","NP_001121363.1","P08253","1QIB","X-ray","2.8","A","115-449"
"MMP2","NP_001121363.1","P08253","1RTG","X-ray","2.6","A","451-660"
"MMP2","NP_004521.1","P08253","1CK7","X-ray","2.8","A","30-660"
"MMP2","NP_004521.1","P08253","1CXW","NMR","-","A","278-336"
"MMP2","NP_004521.1","P08253","1EAK","X-ray","2.66","A/B/C/D","32-452"
"MMP2","NP_004521.1","P08253","1GEN","X-ray","2.15","A","443-660"
"MMP2","NP_004521.1","P08253","1GXD","X-ray","3.1","A/B","30-660"
"MMP2","NP_004521.1","P08253","1HOV","NMR","-","A","110-446"
"MMP2","NP_004521.1","P08253","1J7M","NMR","-","A","337-394"
"MMP2","NP_004521.1","P08253","1KS0","NMR","-","A","223-282"
"MMP2","NP_004521.1","P08253","1QIB","X-ray","2.8","A","115-449"
"MMP2","NP_004521.1","P08253","1RTG","X-ray","2.6","A","451-660"
"MMP3","NP_002413.1","P08254 ","1B3D","X-ray","2.3","A/B","100-272"
"MMP3","NP_002413.1","P08254 ","1B8Y","X-ray","2","A","100-266"
"MMP3","NP_002413.1","P08254 ","1BIW","X-ray","2.5","A/B","100-272"
"MMP3","NP_002413.1","P08254 ","1BM6","NMR","-","A","100-272"
"MMP3","NP_002413.1","P08254 ","1BQO","X-ray","2.3","A/B","100-272"
"MMP3","NP_002413.1","P08254 ","1C3I","X-ray","1.83","A/B","100-272"
"MMP3","NP_002413.1","P08254 ","1C8T","X-ray","2.6","A/B","103-268"
"MMP3","NP_002413.1","P08254 ","1CAQ","X-ray","1.8","A","100-267"
"MMP3","NP_002413.1","P08254 ","1CIZ","X-ray","1.64","A","100-267"
"MMP3","NP_002413.1","P08254 ","1CQR","X-ray","2","A/B","100-272"
"MMP3","NP_002413.1","P08254 ","1D5J","X-ray","2.6","A/B","100-272"
"MMP3","NP_002413.1","P08254 ","1D7X","X-ray","2","A/B","100-272"
"MMP3","NP_002413.1","P08254 ","1D8F","X-ray","2.4","A/B","100-272"
"MMP3","NP_002413.1","P08254 ","1D8M","X-ray","2.44","A/B","100-272"
"MMP3","NP_002413.1","P08254 ","1G05","X-ray","2.45","A/B","100-272"
"MMP3","NP_002413.1","P08254 ","1G49","X-ray","1.9","A/B","100-272"
"MMP3","NP_002413.1","P08254 ","1G4K","X-ray","2","A/B/C","100-267"
"MMP3","NP_002413.1","P08254 ","1HFS","X-ray","1.7","A","105-264"
"MMP3","NP_002413.1","P08254 ","1HY7","X-ray","1.5","A/B","100-272"
"MMP3","NP_002413.1","P08254 ","1M1W","model","-","A","100-268"
"MMP3","NP_002413.1","P08254 ","1OO9","NMR","-","A","100-267"
"MMP3","NP_002413.1","P08254 ","1QIA","X-ray","2","A/B/C/D","106-267"
"MMP3","NP_002413.1","P08254 ","1QIC","X-ray","2","A/B/C/D","106-266"
"MMP3","NP_002413.1","P08254 ","1SLM","X-ray","1.9","A","18-272"
"MMP3","NP_002413.1","P08254 ","1SLN","X-ray","2.27","A","100-272"
"MMP3","NP_002413.1","P08254 ","1UEA","X-ray","2.8","A/C","100-272"
"MMP3","NP_002413.1","P08254 ","1UMS","NMR","-","A","100-273"
"MMP3","NP_002413.1","P08254 ","1UMT","NMR","-","A","100-273"
"MMP3","NP_002413.1","P08254 ","1USN","X-ray","1.8","A","100-264"
"MMP3","NP_002413.1","P08254 ","2D1O","X-ray","2.02","A/B","100-270"
"MMP3","NP_002413.1","P08254 ","2JNP","NMR","-","A","105-265"
"MMP3","NP_002413.1","P08254 ","2JT5","NMR","-","A","105-265"
"MMP3","NP_002413.1","P08254 ","2JT6","NMR","-","A","105-265"
"MMP3","NP_002413.1","P08254 ","2SRT","NMR","-","A","100-272"
"MMP3","NP_002413.1","P08254 ","2USN","X-ray","2.2","A","100-264"
"MMP3","NP_002413.1","P08254 ","3USN","NMR","-","A","100-267"
"MMP9","NP_004985.2","P14780 ","1GKC","X-ray","2.3","A/B","107-443"
"MMP9","NP_004985.2","P14780 ","1GKD","X-ray","2.1","A/B","107-443"
"MMP9","NP_004985.2","P14780 ","1ITV","X-ray","1.95","A/B","513-707"
"MMP9","NP_004985.2","P14780 ","1L6J","X-ray","2.5","A","20-444"
"MMP9","NP_004985.2","P14780 ","1LKG","model","-","A","1-707"
"MMP9","NP_004985.2","P14780 ","2OVX","X-ray","2","A/B","110-443"
"MMP9","NP_004985.2","P14780 ","2OVZ","X-ray","2","A/B","110-443"
"MMP9","NP_004985.2","P14780 ","2OW0","X-ray","2","A/B","110-443"
"MMP9","NP_004985.2","P14780 ","2OW1","X-ray","2.2","A/B","110-443"
"MMP9","NP_004985.2","P14780 ","2OW2","X-ray","2.9","A/B","110-443"
"MRPL11","NP_057134.1","Q9Y3B7","-","-","-","-","-"
"MRPL11","NP_733934.1","Q32P46","-","-","-","-","-"
"MRPL11","NP_733935.1","Q9Y3B7","-","-","-","-","-"
"MRPS2","NP_057118.1","Q9Y399","-","-","-","-","-"
"MRPS23","NP_057154.2","Q9Y3D9","-","-","-","-","-"
"MSH2","NP_000242.1","P43246","2O8B","X-ray","2.75","A","1-934"
"MSH2","NP_000242.1","P43246","2O8C","X-ray","3.37","A","1-934"
"MSH2","NP_000242.1","P43246","2O8D","X-ray","3","A","1-934"
"MSH2","NP_000242.1","P43246","2O8E","X-ray","3.3","A","1-934"
"MSH2","NP_000242.1","P43246","2O8F","X-ray","3.25","A","1-934"
"MSLN","NP_005814.2","Q13421","-","-","-","-","-"
"MSLN","NP_037536.2","Q13421","-","-","-","-","-"
"MSN","NP_002435.1","P26038","1E5W","X-ray","2.7","A","1-346"
"MSN","NP_002435.1","P26038","1EF1","X-ray","1.9","A/B","4-297"
"MSN","NP_002435.1","P26038","1EF1","X-ray","1.9","C/D","488-577"
"MSN","NP_002435.1","P26038","1SGH","X-ray","3.5","A","1-297"
"MSX1","NP_002439.2","P28360","-","-","-","-","-"
"MT1G","NP_005941.1","P13640","-","-","-","-","-"
"MUL1","NP_078820.2","Q969V5","-","-","-","-","-"
"MYC","NP_002458.2","P01106 ","1A93","NMR","-","A","406-434"
"MYC","NP_002458.2","P01106 ","1EE4","X-ray","2.1","C/D/E/F","320-328"
"MYC","NP_002458.2","P01106 ","1MV0","NMR","-","A","55-68"
"MYC","NP_002458.2","P01106 ","1NKP","X-ray","1.8","A/D","353-434"
"MYC","NP_002458.2","P01106 ","2A93","NMR","-","A","406-434"
"MYCL1","NP_001028253.1","P12524","-","-","-","-","-"
"MYCL1","NP_001028254.1","P12524","-","-","-","-","-"
"MYCL1","NP_005367.1","P12524","-","-","-","-","-"
"MYCN","NP_005369.1","P04198 ","-","-","-","-","-"
"MYH9","NP_002464.1","P35579","-","-","-","-","-"
"MYOD1","NP_002469.2","P15172 ","-","-","-","-","-"
"NAE1","NP_001018169.1","Q13564","1R4M","X-ray","3","A/C/E/G","1-534"
"NAE1","NP_001018169.1","Q13564","1R4N","X-ray","3.6","A/C/E/G","1-534"
"NAE1","NP_001018169.1","Q13564","1TT5","X-ray","2.6","A/C","1-534"
"NAE1","NP_001018169.1","Q13564","1YOV","X-ray","2.6","A/C","1-534"
"NAE1","NP_001018169.1","Q13564","2NVU","X-ray","2.8","A","1-534"
"NAE1","NP_001018169.1","Q13564","3DBH","X-ray","2.85","A/C/E/G","1-534"
"NAE1","NP_001018169.1","Q13564","3DBL","X-ray","2.9","A/C/E/G","1-534"
"NAE1","NP_001018169.1","Q13564","3DBR","X-ray","3.05","A/C/E/G","1-534"
"NAE1","NP_001018169.1","Q13564","3GZN","X-ray","3","A/C","1-534"
"NAE1","NP_001018170.1","Q13564","1R4M","X-ray","3","A/C/E/G","1-534"
"NAE1","NP_001018170.1","Q13564","1R4N","X-ray","3.6","A/C/E/G","1-534"
"NAE1","NP_001018170.1","Q13564","1TT5","X-ray","2.6","A/C","1-534"
"NAE1","NP_001018170.1","Q13564","1YOV","X-ray","2.6","A/C","1-534"
"NAE1","NP_001018170.1","Q13564","2NVU","X-ray","2.8","A","1-534"
"NAE1","NP_001018170.1","Q13564","3DBH","X-ray","2.85","A/C/E/G","1-534"
"NAE1","NP_001018170.1","Q13564","3DBL","X-ray","2.9","A/C/E/G","1-534"
"NAE1","NP_001018170.1","Q13564","3DBR","X-ray","3.05","A/C/E/G","1-534"
"NAE1","NP_001018170.1","Q13564","3GZN","X-ray","3","A/C","1-534"
"NAE1","NP_003896.1","Q13564","1R4M","X-ray","3","A/C/E/G","1-534"
"NAE1","NP_003896.1","Q13564","1R4N","X-ray","3.6","A/C/E/G","1-534"
"NAE1","NP_003896.1","Q13564","1TT5","X-ray","2.6","A/C","1-534"
"NAE1","NP_003896.1","Q13564","1YOV","X-ray","2.6","A/C","1-534"
"NAE1","NP_003896.1","Q13564","2NVU","X-ray","2.8","A","1-534"
"NAE1","NP_003896.1","Q13564","3DBH","X-ray","2.85","A/C/E/G","1-534"
"NAE1","NP_003896.1","Q13564","3DBL","X-ray","2.9","A/C/E/G","1-534"
"NAE1","NP_003896.1","Q13564","3DBR","X-ray","3.05","A/C/E/G","1-534"
"NAE1","NP_003896.1","Q13564","3GZN","X-ray","3","A/C","1-534"
"NCL","NP_005372.2","P19338","2FC8","NMR","-","A","564-652"
"NCL","NP_005372.2","P19338","2FC9","NMR","-","A","478-565"
"NCL","NP_005372.2","P19338","2KRR","NMR","-","A","300-466"
"NDRG1","NP_001128714.1","Q92597","-","-","-","-","-"
"NDRG1","NP_006087.2","Q92597","-","-","-","-","-"
"NDRG4","NP_001123959.1","Q9ULP0 ","-","-","-","-","-"
"NDRG4","NP_065198.1","Q9ULP0 ","-","-","-","-","-"
"NDRG4","NP_075061.1","Q9ULP0 ","-","-","-","-","-"
"NDUFS6","NP_004544.1","O75380","-","-","-","-","-"
"NEBL","NP_006384.1","O76041 ","-","-","-","-","-"
"NEBL","NP_998734.1","-","-","-","-","-","-"
"NEK1","NP_036356.1","Q96PY6","-","-","-","-","-"
"NKX6-1","NP_006159.2","-","-","-","-","-","-"
"NME1","NP_000260.1","P15531 ","1JXV","X-ray","2.2","A/B/C/D/E/F","1-152"
"NME1","NP_000260.1","P15531 ","1UCN","X-ray","2","A/B/C","1-152"
"NME1","NP_000260.1","P15531 ","2HVD","X-ray","2.15","A/B/C","1-152"
"NME1","NP_000260.1","P15531 ","2HVE","X-ray","2.4","A/B/C","1-152"
"NME1","NP_937818.1","P15531 ","1JXV","X-ray","2.2","A/B/C/D/E/F","1-152"
"NME1","NP_937818.1","P15531 ","1UCN","X-ray","2","A/B/C","1-152"
"NME1","NP_937818.1","P15531 ","2HVD","X-ray","2.15","A/B/C","1-152"
"NME1","NP_937818.1","P15531 ","2HVE","X-ray","2.4","A/B/C","1-152"
"NME2","NP_001018147.1","P22392 ","1NSK","X-ray","2.8","L/N/O/R/T/U","1-152"
"NME2","NP_001018147.1","P22392 ","1NUE","X-ray","2","A/B/C/D/E/F","2-152"
"NME2","NP_001018147.1","P22392 ","3BBB","X-ray","1.3","A/B/C/D/E/F","2-152"
"NME2","NP_001018147.1","P22392 ","3BBC","X-ray","1.7","A/B/C/D/E/F","2-152"
"NME2","NP_001018147.1","P22392 ","3BBF","X-ray","1.7","A/B/C/D/E/F","2-152"
"NME2","NP_001018148.1","P22392 ","1NSK","X-ray","2.8","L/N/O/R/T/U","1-152"
"NME2","NP_001018148.1","P22392 ","1NUE","X-ray","2","A/B/C/D/E/F","2-152"
"NME2","NP_001018148.1","P22392 ","3BBB","X-ray","1.3","A/B/C/D/E/F","2-152"
"NME2","NP_001018148.1","P22392 ","3BBC","X-ray","1.7","A/B/C/D/E/F","2-152"
"NME2","NP_001018148.1","P22392 ","3BBF","X-ray","1.7","A/B/C/D/E/F","2-152"
"NME2","NP_001018149.1","P22392 ","1NSK","X-ray","2.8","L/N/O/R/T/U","1-152"
"NME2","NP_001018149.1","P22392 ","1NUE","X-ray","2","A/B/C/D/E/F","2-152"
"NME2","NP_001018149.1","P22392 ","3BBB","X-ray","1.3","A/B/C/D/E/F","2-152"
"NME2","NP_001018149.1","P22392 ","3BBC","X-ray","1.7","A/B/C/D/E/F","2-152"
"NME2","NP_001018149.1","P22392 ","3BBF","X-ray","1.7","A/B/C/D/E/F","2-152"
"NME2","NP_002503.1","P22392 ","1NSK","X-ray","2.8","L/N/O/R/T/U","1-152"
"NME2","NP_002503.1","P22392 ","1NUE","X-ray","2","A/B/C/D/E/F","2-152"
"NME2","NP_002503.1","P22392 ","3BBB","X-ray","1.3","A/B/C/D/E/F","2-152"
"NME2","NP_002503.1","P22392 ","3BBC","X-ray","1.7","A/B/C/D/E/F","2-152"
"NME2","NP_002503.1","P22392 ","3BBF","X-ray","1.7","A/B/C/D/E/F","2-152"
"NNT","NP_036475.3","Q13423","1DJL","X-ray","2","A/B","880-1086"
"NNT","NP_036475.3","Q13423","1PT9","X-ray","2.42","A/B","880-1086"
"NNT","NP_036475.3","Q13423","1U31","X-ray","2.2","A/B","880-1086"
"NNT","NP_892022.2","Q13423","1DJL","X-ray","2","A/B","880-1086"
"NNT","NP_892022.2","Q13423","1PT9","X-ray","2.42","A/B","880-1086"
"NNT","NP_892022.2","Q13423","1U31","X-ray","2.2","A/B","880-1086"
"NOL4","NP_003778.2","O94818","-","-","-","-","-"
"NOL7","NP_057251.2","Q9UMY1","-","-","-","-","-"
"NPTX1","NP_002513.2","Q15818","-","-","-","-","-"
"NQO1","NP_000894.1","P15559 ","1D4A","X-ray","1.7","A/B/C/D","2-274"
"NQO1","NP_000894.1","P15559 ","1DXO","X-ray","2.5","A/B/C/D","2-274"
"NQO1","NP_000894.1","P15559 ","1GG5","X-ray","2.5","A/B/C/D","2-274"
"NQO1","NP_000894.1","P15559 ","1H66","X-ray","2","A/B/C/D","3-274"
"NQO1","NP_000894.1","P15559 ","1H69","X-ray","1.86","A/B/C/D","3-274"
"NQO1","NP_000894.1","P15559 ","1KBO","X-ray","2.3","A/B/C/D","2-274"
"NQO1","NP_000894.1","P15559 ","1KBQ","X-ray","1.8","A/B/C/D","2-274"
"NQO1","NP_000894.1","P15559 ","1QBG","X-ray","2.3","A/B/C/D","4-274"
"NQO1","NP_000894.1","P15559 ","2F1O","X-ray","2.75","A/B/C/D/E/F/G/H","2-274"
"NQO1","NP_000894.1","P15559 ","3JSX","X-ray","2.45","A/B/C/D/E/F/G/H","2-274"
"NQO1","NP_001020604.1","P15559 ","1D4A","X-ray","1.7","A/B/C/D","2-274"
"NQO1","NP_001020604.1","P15559 ","1DXO","X-ray","2.5","A/B/C/D","2-274"
"NQO1","NP_001020604.1","P15559 ","1GG5","X-ray","2.5","A/B/C/D","2-274"
"NQO1","NP_001020604.1","P15559 ","1H66","X-ray","2","A/B/C/D","3-274"
"NQO1","NP_001020604.1","P15559 ","1H69","X-ray","1.86","A/B/C/D","3-274"
"NQO1","NP_001020604.1","P15559 ","1KBO","X-ray","2.3","A/B/C/D","2-274"
"NQO1","NP_001020604.1","P15559 ","1KBQ","X-ray","1.8","A/B/C/D","2-274"
"NQO1","NP_001020604.1","P15559 ","1QBG","X-ray","2.3","A/B/C/D","4-274"
"NQO1","NP_001020604.1","P15559 ","2F1O","X-ray","2.75","A/B/C/D/E/F/G/H","2-274"
"NQO1","NP_001020604.1","P15559 ","3JSX","X-ray","2.45","A/B/C/D/E/F/G/H","2-274"
"NQO1","NP_001020605.1","-","-","-","-","-","-"
"NRAS","NP_002515.1","P01111","3CON","X-ray","1.65","A","1-172"
"NRM","NP_009174.1","Q8IXM6","-","-","-","-","-"
"NTF3","NP_001096124.1","P20783 ","1B8K","X-ray","2.15","A","139-257"
"NTF3","NP_001096124.1","P20783 ","1BND","X-ray","2.3","B","139-257"
"NTF3","NP_001096124.1","P20783 ","1NT3","X-ray","2.4","A","139-257"
"NTF3","NP_001096124.1","P20783 ","3BUK","X-ray","2.6","A/B","139-257"
"NTF3","NP_002518.1","P20783 ","1B8K","X-ray","2.15","A","139-257"
"NTF3","NP_002518.1","P20783 ","1BND","X-ray","2.3","B","139-257"
"NTF3","NP_002518.1","P20783 ","1NT3","X-ray","2.4","A","139-257"
"NTF3","NP_002518.1","P20783 ","3BUK","X-ray","2.6","A/B","139-257"
"NTN4","NP_067052.2","Q9HB63","-","-","-","-","-"
"OAS3","NP_006178.2","Q9Y6K5","-","-","-","-","-"
"OAT","NP_000265.1","P04181","1GBN","X-ray","2.3","A/B/C","38-439"
"OAT","NP_000265.1","P04181","1OAT","X-ray","2.5","A/B/C","1-439"
"OAT","NP_000265.1","P04181","2BYJ","X-ray","3.02","A/B/C","1-439"
"OAT","NP_000265.1","P04181","2BYL","X-ray","2.15","A/B/C","1-439"
"OAT","NP_000265.1","P04181","2CAN","X-ray","2.3","A/B/C","38-439"
"OAT","NP_000265.1","P04181","2OAT","X-ray","1.95","A/B/C","1-439"
"ONECUT1","NP_004489.1","Q9UBC0","-","-","-","-","-"
"ORAOV1","NP_703152.1","Q8WV07","-","-","-","-","-"
"OSMR","NP_003990.1","Q99650","-","-","-","-","-"
"OSR1","NP_660303.1","Q8TAX0","-","-","-","-","-"
"P2RX4","NP_002551.2","Q99571","-","-","-","-","-"
"PA2G4","NP_006182.2","Q9UQ80","2Q8K","X-ray","1.6","A","2-394"
"PAIP1","NP_006442.2","Q9H074","1JH4","NMR","-","B","124-144"
"PAIP1","NP_877590.1","Q9H074","1JH4","NMR","-","B","124-144"
"PAIP1","NP_899152.1","Q9H074","1JH4","NMR","-","B","124-144"
"PAPD7","NP_008930.1","Q5XG87","","","","",""
"PAX1","NP_006183.2","P15863","-","-","-","-","-"
"PCDH10","NP_065866.1","-","-","-","-","-","-"
"PCDH10","NP_116586.1","Q9P2E7","-","-","-","-","-"
"PCNA","NP_002583.1","P12004","1AXC","X-ray","2.6","A/C/E","1-261"
"PCNA","NP_002583.1","P12004","1U76","X-ray","2.6","A/C/E","1-261"
"PCNA","NP_002583.1","P12004","1U7B","X-ray","1.88","A","1-261"
"PCNA","NP_002583.1","P12004","1UL1","X-ray","2.9","A/B/C","1-261"
"PCNA","NP_002583.1","P12004","1VYJ","X-ray","2.8","A/C/E/G/I/K","1-261"
"PCNA","NP_002583.1","P12004","1VYM","X-ray","2.3","A/B/C","1-261"
"PCNA","NP_002583.1","P12004","1W60","X-ray","3.15","A/B","1-261"
"PCNA","NP_002583.1","P12004","2ZVK","X-ray","2.7","A/B/C","1-261"
"PCNA","NP_002583.1","P12004","2ZVL","X-ray","2.5","A/B/C/D/E/F","1-261"
"PCNA","NP_002583.1","P12004","2ZVM","X-ray","2.3","A/B/C","1-261"
"PCNA","NP_872590.1","P12004","1AXC","X-ray","2.6","A/C/E","1-261"
"PCNA","NP_872590.1","P12004","1U76","X-ray","2.6","A/C/E","1-261"
"PCNA","NP_872590.1","P12004","1U7B","X-ray","1.88","A","1-261"
"PCNA","NP_872590.1","P12004","1UL1","X-ray","2.9","A/B/C","1-261"
"PCNA","NP_872590.1","P12004","1VYJ","X-ray","2.8","A/C/E/G/I/K","1-261"
"PCNA","NP_872590.1","P12004","1VYM","X-ray","2.3","A/B/C","1-261"
"PCNA","NP_872590.1","P12004","1W60","X-ray","3.15","A/B","1-261"
"PCNA","NP_872590.1","P12004","2ZVK","X-ray","2.7","A/B/C","1-261"
"PCNA","NP_872590.1","P12004","2ZVL","X-ray","2.5","A/B/C/D/E/F","1-261"
"PCNA","NP_872590.1","P12004","2ZVM","X-ray","2.3","A/B/C","1-261"
"PCNP","NP_065090.1","Q8WW12","-","-","-","-","-"
"PDCD1","NP_005009.2","Q8IX89","-","-","-","-","-"
"PDCD4","NP_055271.2","Q53EL6","2GGF","NMR","-","A","327-450"
"PDCD4","NP_055271.2","Q53EL6","2RG8","X-ray","1.8","A/B","157-320"
"PDCD4","NP_055271.2","Q53EL6","2ZU6","X-ray","2.8","B/E","163-469"
"PDCD4","NP_055271.2","Q53EL6","3EIJ","X-ray","2.8","A/B","157-469"
"PDCD4","NP_663314.1","Q53EL6","2GGF","NMR","-","A","327-450"
"PDCD4","NP_663314.1","Q53EL6","2RG8","X-ray","1.8","A/B","157-320"
"PDCD4","NP_663314.1","Q53EL6","2ZU6","X-ray","2.8","B/E","163-469"
"PDCD4","NP_663314.1","Q53EL6","3EIJ","X-ray","2.8","A/B","157-469"
"PDGFRA","NP_006197.1","P16234 ","1GQ5","X-ray","2.2","-","-"
"PDIA3","NP_005304.3","P30101","2ALB","NMR","-","A","25-137"
"PDIA3","NP_005304.3","P30101","2DMM","NMR","-","A","357-485"
"PDIA3","NP_005304.3","P30101","2H8L","X-ray","2","A/B/C","134-376"
"PDIA3","NP_005304.3","P30101","3F8U","X-ray","2.6","A/C","25-505"
"PDK2","NP_002602.2","Q15119","2BTZ","X-ray","2.2","A","16-407"
"PDK2","NP_002602.2","Q15119","2BU2","X-ray","2.4","A","16-407"
"PDK2","NP_002602.2","Q15119","2BU5","X-ray","2.35","A","16-407"
"PDK2","NP_002602.2","Q15119","2BU6","X-ray","2.4","A","16-407"
"PDK2","NP_002602.2","Q15119","2BU7","X-ray","2.4","A","16-407"
"PDK2","NP_002602.2","Q15119","2BU8","X-ray","2.5","A","16-407"
"PEBP1","NP_002558.1","P30086","1BD9","X-ray","2.05","A/B","1-187"
"PEBP1","NP_002558.1","P30086","1BEH","X-ray","1.75","A/B","1-187"
"PEBP1","NP_002558.1","P30086","2QYQ","X-ray","1.95","A","1-187"
"PECAM1","NP_000433.3","P16284","2KY5","NMR","-","A","686-738"
"PGR","NP_000917.3","P06401","1A28","X-ray","1.8","A/B","678-933"
"PGR","NP_000917.3","P06401","1E3K","X-ray","2.8","A/B","676-933"
"PGR","NP_000917.3","P06401","1SQN","X-ray","1.45","A/B","673-933"
"PGR","NP_000917.3","P06401","1SR7","X-ray","1.46","A/B","676-933"
"PGR","NP_000917.3","P06401","1ZUC","X-ray","2","A/B","676-933"
"PGR","NP_000917.3","P06401","2C7A","X-ray","2.5","A/B","563-640"
"PGR","NP_000917.3","P06401","2OVH","X-ray","2","A","678-933"
"PGR","NP_000917.3","P06401","2OVM","X-ray","2.6","A","678-933"
"PGR","NP_000917.3","P06401","2W8Y","X-ray","1.8","A/B","678-933"
"PGR","NP_000917.3","P06401","3D90","X-ray","2.26","A/B","676-933"
"PGR","NP_000917.3","P06401","3G8N","X-ray","2.1","A/B","673-933"
"PGR","NP_000917.3","P06401","3G8O","X-ray","1.9","A/B","673-933"
"PGR","NP_000917.3","P06401","3HQ5","X-ray","2.1","A/B","678-933"
"PGR","NP_000917.3","P06401","3KBA","X-ray","2","A/B","681-933"
"PHB","NP_002625.1","P35232","1LU7","model","-","A","1-272"
"PIGF","NP_002634.1","Q07326 ","-","-","-","-","-"
"PIGF","NP_775097.1","Q07326 ","-","-","-","-","-"
"PIGT","NP_057021.2","Q969N2","-","-","-","-","-"
"PLAGL1","NP_001074420.1","Q9UM63","-","-","-","-","-"
"PLAGL1","NP_001074421.1","Q9UM63","-","-","-","-","-"
"PLAGL1","NP_001074422.1","Q9UM63","-","-","-","-","-"
"PLAGL1","NP_001074424.1 ","Q9UM63","-","-","-","-","-"
"PLAGL1","NP_001074425.1","Q9UM63","-","-","-","-","-"
"PLAGL1","NP_002647.2","Q9UM63","-","-","-","-","-"
"PLAGL1","NP_006709.2","Q9UM63","-","-","-","-","-"
"PLAGL1","NP_001074423.1","Q9UM63","-","-","-","-","-"
"PLAT","NP_000921.1","P00750 ","1A5H","X-ray","2.9","A/B","311-562"
"PLAT","NP_000921.1","P00750 ","C/D","298-304","[»]","",""
"PLAT","NP_000921.1","P00750 ","1BDA","X-ray","3.35","A/B","298-562"
"PLAT","NP_000921.1","P00750 ","1PK2","NMR","-","A","209-298"
"PLAT","NP_000921.1","P00750 ","1PML","X-ray","2.38","A/B/C","213-298"
"PLAT","NP_000921.1","P00750 ","1RTF","X-ray","2.3","B","311-562"
"PLAT","NP_000921.1","P00750 ","1TPG","NMR","-","A","36-126"
"PLAT","NP_000921.1","P00750 ","1TPK","X-ray","2.4","A/B/C","211-298"
"PLAT","NP_000921.1","P00750 ","1TPM","NMR","-","A","36-85"
"PLAT","NP_000921.1","P00750 ","1TPN","NMR","-","A","36-85"
"PLAT","NP_127509.1","P00750 ","1A5H","X-ray","2.9","A/B","311-562"
"PLAT","NP_127509.1","P00750 ","1A5H","X-ray","2.9","C/D","298-304"
"PLAT","NP_127509.1","P00750 ","1BDA","X-ray","3.35","A/B","298-562"
"PLAT","NP_127509.1","P00750 ","1PK2","NMR","-","A","209-298"
"PLAT","NP_127509.1","P00750 ","1PML","X-ray","2.38","A/B/C","213-298"
"PLAT","NP_127509.1","P00750 ","1RTF","X-ray","2.3","B","311-562"
"PLAT","NP_127509.1","P00750 ","1TPG","NMR","-","A","36-126"
"PLAT","NP_127509.1","P00750 ","1TPK","X-ray","2.4","A/B/C","211-298"
"PLAT","NP_127509.1","P00750 ","1TPM","NMR","-","A","36-85"
"PLAT","NP_127509.1","P00750 ","1TPN","NMR","-","A","36-85"
"PLOD2","NP_000926.2","O00469 ","-","-","-","-","-"
"PLOD2","NP_891988.1","O00469 ","-","-","-","-","-"
"PLP2","NP_002659","Q04941","-","-","-","-","-"
"PLSCR1","NP_066928.1","O15162 ","1Y2A","X-ray","2.2","P","257-266"
"POFUT1","NP_056167.1","Q9H488","-","-","-","-","-"
"POFUT1","NP_758436.1","Q9H488","-","-","-","-","-"
"POP5","NP_057002.2","Q969H6","-","-","-","-","-"
"POP5","NP_937845.1","Q969H6","-","-","-","-","-"
"POU2F3","NP_055167.2","Q9UKI9","-","-","-","-","-"
"PPL","NP_002696.3","O60437 ","-","-","-","-","-"
"PPP1R3C","NP_005389.1","Q9UQK1 ","-","-","-","-","-"
"PPP2R1B","NP_002707.3","P30154","-","-","-","-","-"
"PPP2R1B","NP_859050.1","P30154","-","-","-","-","-"
"PRDM5","NP_061169.2","Q9NQX1","-","-","-","-","-"
"PRR11","NP_060774.2","Q96HE9 ","-","-","-","-","-"
"PRSS2","NP_002761.1","P07478 ","-","-","-","-","-"
"PRSS3","NP_002762.2","P35030 ","1H4W","X-ray","1.7","A","81-304"
"PRSS3","NP_002762.2","P35030 ","2R9P","X-ray","1.4","A/B/C/D","81-304"
"PRSS3","NP_031369.2","-","-","-","-","-","-"
"PSMB9","NP_002791.1","P28065 ","-","-","-","-","-"
"PTEN","NP_000305.3","P60484","1D5R","X-ray","2.1","A","8-353"
"PTGS2","NP_000954.1","P35354 ","1V0X","model","-","A","1-604"
"PTK6","NP_005966.1","Q13882 ","1RJA","NMR","-","A","75-174"
"PTK6","NP_005966.1","Q13882 ","2KGT","NMR","-","A","Jan-72"
"PTPN6","NP_002822.2","P29350","1FPR","X-ray","2.5","A","243-526"
"PTPN6","NP_002822.2","P29350","1GWZ","X-ray","2.5","A","243-541"
"PTPN6","NP_002822.2","P29350","1X6C","NMR","-","A","110-214"
"PTPN6","NP_002822.2","P29350","2B3O","X-ray","2.8","A","1-532"
"PTPN6","NP_002822.2","P29350","2RMX","NMR","-","A","110-214"
"PTPN6","NP_002822.2","P29350","2YU7","NMR","-","A","110-214"
"PTPN6","NP_536858.1","P29350","1FPR","X-ray","2.5","A","243-526"
"PTPN6","NP_536858.1","P29350","1GWZ","X-ray","2.5","A","243-541"
"PTPN6","NP_536858.1","P29350","1X6C","NMR","-","A","110-214"
"PTPN6","NP_536858.1","P29350","2B3O","X-ray","2.8","A","1-532"
"PTPN6","NP_536858.1","P29350","2RMX","NMR","-","A","110-214"
"PTPN6","NP_536858.1","P29350","2YU7","NMR","-","A","110-214"
"PTPN6","NP_536859.1","P29350","1FPR","X-ray","2.5","A","243-526"
"PTPN6","NP_536859.1","P29350","1GWZ","X-ray","2.5","A","243-541"
"PTPN6","NP_536859.1","P29350","1X6C","NMR","-","A","110-214"
"PTPN6","NP_536859.1","P29350","2B3O","X-ray","2.8","A","1-532"
"PTPN6","NP_536859.1","P29350","2RMX","NMR","-","A","110-214"
"PTPN6","NP_536859.1","P29350","2YU7","NMR","-","A","110-214"
"PTTG1","NP_004210.1","O95997","-","-","-","-","-"
"PWP2H","NP_005040","Q15269","-","-","-","-","-"
"RAF1","NP_002871.1","P04049 ","1C1Y","X-ray","1.9","B","55-131"
"RAF1","NP_002871.1","P04049 ","1FAQ","NMR","-","A","136-187"
"RAF1","NP_002871.1","P04049 ","1FAR","NMR","-","A","136-187"
"RAF1","NP_002871.1","P04049 ","1GUA","X-ray","2","B","51-131"
"RAF1","NP_002871.1","P04049 ","1RFA","NMR","-","A","55-132"
"RAF1","NP_002871.1","P04049 ","3CU8","X-ray","2.4","P/Q","256-264"
"RAF1","NP_002871.1","P04049 ","3KUC","X-ray","1.92","B","51-131"
"RAF1","NP_002871.1","P04049 ","3KUD","X-ray","2.15","B","51-131"
"RAF1","NP_002871.1","P04049 ","3LB7","X-ray","4","A/B","323-618"
"RALY","NP_031393.2","Q9UKM9","1WF1","NMR","-","A","Jan-97"
"RALY","NP_057951.1","Q9UKM9","1WF1","NMR","-","A","Jan-97"
"RAPGEF3","NP_001092001.1","O95398 ","-","-","-","-","-"
"RAPGEF3","NP_001092002.1","-","-","-","-","-","-"
"RAPGEF3","NP_006096.2","-","-","-","-","-","-"
"RARA","NP_000955.1","P10276","1DKF","X-ray","2.5","B","182-416"
"RARA","NP_000955.1","P10276","1DSZ","X-ray","1.7","A","82-167"
"RARA","NP_000955.1","P10276","3KMR","X-ray","1.8","A","176-421"
"RARA","NP_000955.1","P10276","3KMZ","X-ray","2.1","A/B","176-421"
"RARA","NP_001019980.1","P10276","1DKF","X-ray","2.5","B","182-416"
"RARA","NP_001019980.1","P10276","1DSZ","X-ray","1.7","A","82-167"
"RARA","NP_001019980.1","P10276","3KMR","X-ray","1.8","A","176-421"
"RARA","NP_001019980.1","P10276","3KMZ","X-ray","2.1","A/B","176-421"
"RARA","NP_001138773.1","P10276","1DKF","X-ray","2.5","B","182-416"
"RARA","NP_001138773.1","P10276","1DSZ","X-ray","1.7","A","82-167"
"RARA","NP_001138773.1","P10276","3KMR","X-ray","1.8","A","176-421"
"RARA","NP_001138773.1","P10276","3KMZ","X-ray","2.1","A/B","176-421"
"RARA","NP_001138774.1","-","-","-","-","-","-"
"RARB","NP_000956.2","P10826 ","1HRA","NMR","-","A","82-160"
"RARB","NP_000956.2","P10826 ","1XAP","X-ray","2.1","A","176-421"
"RARB","NP_057236.1","P10826 ","1HRA","NMR","-","A","82-160"
"RARB","NP_057236.1","P10826 ","1XAP","X-ray","2.1","A","176-421"
"RARG","NP_000957.1","P13631","1EXA","X-ray","1.59","A","178-423"
"RARG","NP_000957.1","P13631","1EXX","X-ray","1.67","A","178-423"
"RARG","NP_000957.1","P13631","1FCX","X-ray","1.47","A","183-417"
"RARG","NP_000957.1","P13631","1FCY","X-ray","1.3","A","183-417"
"RARG","NP_000957.1","P13631","1FCZ","X-ray","1.38","A","183-417"
"RARG","NP_000957.1","P13631","1FD0","X-ray","1.38","A","183-417"
"RARG","NP_000957.1","P13631","2LBD","X-ray","2.06","A","178-423"
"RARG","NP_000957.1","P13631","3LBD","X-ray","2.4","A","178-423"
"RARG","NP_000957.1","P13631","4LBD","X-ray","2.5","A","178-423"
"RARG","NP_001036193.1","P13631","1EXA","X-ray","1.59","A","178-423"
"RARG","NP_001036193.1","P13631","1EXX","X-ray","1.67","A","178-423"
"RARG","NP_001036193.1","P13631","1FCX","X-ray","1.47","A","183-417"
"RARG","NP_001036193.1","P13631","1FCY","X-ray","1.3","A","183-417"
"RARG","NP_001036193.1","P13631","1FCZ","X-ray","1.38","A","183-417"
"RARG","NP_001036193.1","P13631","1FD0","X-ray","1.38","A","183-417"
"RARG","NP_001036193.1","P13631","2LBD","X-ray","2.06","A","178-423"
"RARG","NP_001036193.1","P13631","3LBD","X-ray","2.4","A","178-423"
"RARG","NP_001036193.1","P13631","4LBD","X-ray","2.5","A","178-423"
"RARRES3","NP_004576.2","Q9UL19","-","-","-","-","-"
"RASSF1A","NP_009113.3","Q9NS23 ","-","-","-","-","-"
"RASSF1A","NP_733830.1","Q9NS23 ","-","-","-","-","-"
"RASSF1A","NP_733831.1","Q9NS23 ","-","-","-","-","-"
"RASSF1A","NP_733832.1","Q9NS23 ","-","-","-","-","-"
"RBL1","NP_002886.2","P28749","1H28","X-ray","2.8","E/F","653-663"
"RBL1","NP_899662.1","P28749","1H28","X-ray","2.8","E/F","653-663"
"RBL2","NP_005602.3","Q08999","-","-","-","-","-"
"RBP1","NP_001124464.1","-","-","-","-","-","-"
"RBP1","NP_001124465.1","-","-","-","-","-","-"
"RBP1","NP_002890.2","P09455","-","-","-","-","-"
"RCL1","NP_005763.3","Q9Y2P8","-","-","-","-","-"
"RGS1","NP_002913.3","Q08116 ","2BV1","X-ray","2","A/B","63-205"
"RGS1","NP_002913.3","Q08116 ","2GTP","X-ray","2.55","C/D","63-205"
"RHCG","NP_057405.1","Q9UBD6 ","3HD6","X-ray","2.1","A","2-479"
"RNASEN","NP_001093882.1","-","-","-","-","-","-"
"RNASEN","NP_037367.3","Q9NRR4","2KHX","NMR","-","A","1259-1337"
"RNF114","NP_061153.1","Q9Y508","-","-","-","-","-"
"RPL37","NP_000988.1","P61927","-","-","-","-","-"
"RPL39L","NP_443201.1","Q96EH5 ","-","-","-","-","-"
"RPRM ","NP_062819.1","Q9NS64","-","-","-","-","-"
"RPS19","NP_001013.1","P39019 ","-","-","-","-","-"
"RPSA","NP_001012321.1","P08865","3BCH","X-ray","2.15","A","2-220"
"RPSA","NP_002286.2","P08865","3BCH","X-ray","2.15","A","2-220"
"RRAD","NP_001122322.1","P55042 ","2DPX","X-ray","1.8","A/B","87-258"
"RRAD","NP_001122322.1","P55042 ","2GJS","X-ray","1.9","A/B","87-260"
"RRAD","NP_004156.1","P55042 ","2DPX","X-ray","1.8","A/B","87-258"
"RRAD","NP_004156.1","P55042 ","2GJS","X-ray","1.9","A/B","87-260"
"RRAS","NP_006261.1","P10301","2FN4","X-ray","1.65","A","23-201"
"RRM2","NP_001025.1","P31350 ","2UW2","X-ray","2.8","A","60-389"
"RTN3","NP_006045.1","O95197","-","-","-","-","-"
"RTN3","NP_958831.1","O95197","-","-","-","-","-"
"RTN3","NP_958832.1","O95197","-","-","-","-","-"
"RTN3","NP_958833.1","O95197","-","-","-","-","-"
"RUNX1","NP_001001890.1","Q01196 ","1CMO","NMR","-","A","52-178"
"RUNX1","NP_001001890.1","Q01196 ","1CO1","NMR","-","A","61-175"
"RUNX1","NP_001001890.1","Q01196 ","1.00E+50","X-ray","2.6","A/C/E/G/Q/R","50-183"
"RUNX1","NP_001001890.1","Q01196 ","1H9D","X-ray","2.6","A/C","50-183"
"RUNX1","NP_001001890.1","Q01196 ","1LJM","X-ray","2.5","A/B","51-181"
"RUNX1","NP_001116079.1","Q01196 ","1CMO","NMR","-","A","52-178"
"RUNX1","NP_001116079.1","Q01196 ","1CO1","NMR","-","A","61-175"
"RUNX1","NP_001116079.1","Q01196 ","1.00E+50","X-ray","2.6","A/C/E/G/Q/R","50-183"
"RUNX1","NP_001116079.1","Q01196 ","1H9D","X-ray","2.6","A/C","50-183"
"RUNX1","NP_001116079.1","Q01196 ","1LJM","X-ray","2.5","A/B","51-181"
"RUNX1","NP_001745.2","Q01196 ","1CMO","NMR","-","A","52-178"
"RUNX1","NP_001745.2","Q01196 ","1CO1","NMR","-","A","61-175"
"RUNX1","NP_001745.2","Q01196 ","1.00E+50","X-ray","2.6","A/C/E/G/Q/R","50-183"
"RUNX1","NP_001745.2","Q01196 ","1H9D","X-ray","2.6","A/C","50-183"
"RUNX1","NP_001745.2","Q01196 ","1LJM","X-ray","2.5","A/B","51-181"
"RUNX3","NP_001026850.1","Q13761 ","-","-","-","-","-"
"RUNX3","NP_004341.1","Q13761 ","-","-","-","-","-"
"S100A10","NP_002957.1","P60903","1A4P","X-ray","2.25","A/B","Feb-97"
"S100A10","NP_002957.1","P60903","1BT6","X-ray","2.4","A/B","Feb-97"
"S100A7","NP_002954.2","P31151 ","1PSR","X-ray","1.05","A/B","2-101"
"S100A7","NP_002954.2","P31151 ","2PSR","X-ray","2.05","A","2-101"
"S100A7","NP_002954.2","P31151 ","2WND","X-ray","1.6","A","Feb-97"
"S100A7","NP_002954.2","P31151 ","2WOR","X-ray","1.7","A","2-101"
"S100A7","NP_002954.2","P31151 ","2WOS","X-ray","1.7","A","2-101"
"S100A7","NP_002954.2","P31151 ","3PSR","X-ray","2.5","A/B","2-101"
"S100A8","NP_002955.2","P05109","1MR8","X-ray","1.9","A/B","Jan-93"
"S100A8","NP_002955.2","P05109","1XK4","X-ray","1.8","A/B/E/F/I/J","Jan-93"
"S100A9","NP_002956.1","P06702","1IRJ","X-ray","2.1","A/B/C/D/E/F/G/H","2-114"
"S100A9","NP_002956.1","P06702","1XK4","X-ray","1.8","C/D/G/H/K/L","4-114"
"S100P","NP_005971.1","P25815","1J55","X-ray","2","A","Jan-95"
"S100P","NP_005971.1","P25815","1OZO","NMR","-","A/B","Jan-95"
"SAA1","NP_000322.2","P02735","-","-","-","-","-"
"SAA1"," NP_954630.1","P02735","-","-","-","-","-"
"SCAMP1","NP_004857.4","O15126","-","-","-","-","-"
"SCD","NP_005054.3","O00767","-","-","-","-","-"
"SCEL","NP_003834.3","O95171 ","-","-","-","-","-"
"SCEL","NP_659001.2","O95171 ","-","-","-","-","-"
"SDC1 ","NP_001006947.1","P18827","-","-","-","-","-"
"SDC1 ","NP_002988.3","P18827","-","-","-","-","-"
"SDHA","NP_004159.2","P31040","-","-","-","-","-"
"SEMG2","NP_002999.1","Q02383","-","-","-","-","-"
"SEPP1","NP_001078955.1","P49908","-","-","-","-","-"
"SEPP1","NP_001087195.1","-","-","-","-","-","-"
"SEPP1","NP_005401.3","P49908","-","-","-","-","-"
"SERPINA3","NP_001076.2","P01011","1AS4","X-ray","2.1","A","43-383"
"SERPINA3","NP_001076.2","P01011","1AS4","X-ray","2.1","B","387-423"
"SERPINA3","NP_001076.2","P01011","1QMN","X-ray","2.27","A","26-423"
"SERPINA3","NP_001076.2","P01011","2ACH","X-ray","2.7","A","24-383"
"SERPINA3","NP_001076.2","P01011","2ACH","X-ray","2.7","B","384-423"
"SERPINA3","NP_001076.2","P01011","3CAA","X-ray","2.4","A","43-383"
"SERPINA3","NP_001076.2","P01011","3CAA","X-ray","2.4","B","387-423"
"SERPINA3","NP_001076.2","P01011","3DLW","X-ray","2.7","A","25-423"
"SERPINA3","NP_001076.2","P01011","4CAA","X-ray","2.9","A","43-383"
"SERPINA3","NP_001076.2","P01011","4CAA","X-ray","2.9","B","387-423"
"SERPINB5","NP_002630.2","P36952","1WZ9","X-ray","2.1","A/B","1-375"
"SERPINB5","NP_002630.2","P36952","1XQG","X-ray","3.1","A/B","1-375"
"SERPINB5","NP_002630.2","P36952","1XQJ","X-ray","3.1","A","1-375"
"SERPINB5","NP_002630.2","P36952","1XU8","X-ray","2.8","A/B","1-375"
"SFN","NP_006133","P31947","1YWT","X-ray","2.4","A/B","1-248"
"SFN","NP_006133","P31947","1YZ5","X-ray","2.8","A/B","1-248"
"SFN","NP_006133","P31947","3LW1","X-ray","1.28","A","1-248"
"SFRP1","NP_003003.3","Q8N474 ","-","-","-","-","-"
"SFRP2","NP_003004.1","Q96HF1","-","-","-","-","-"
"SFRP4","NP_003005.2","Q6FHJ7","-","-","-","-","-"
"SFRP5","NP_003006.2","Q5T4F7","-","-","-","-","-"
"SIPA1","NP_006738.3","Q96FS4","-","-","-","-","-"
"SIPA1","NP_694985.29","Q96FS4","-","-","-","-","-"
"SIX1","NP_005973.1","Q15475","-","-","-","-","-"
"SKP2","NP_005974.2","Q13309","1FQV","X-ray","2.8","A/C/E/G/I/K/M/O","89-424"
"SKP2","NP_005974.2","Q13309","1FS1","X-ray","1.8","A/C","89-141"
"SKP2","NP_005974.2","Q13309","1FS2","X-ray","2.9","A/C","89-398"
"SKP2","NP_005974.2","Q13309","1LDK","X-ray","3.1","E","97-137"
"SKP2","NP_005974.2","Q13309","2ASS","X-ray","3","B","89-424"
"SKP2","NP_005974.2","Q13309","2AST","X-ray","2.3","B","89-424"
"SKP2","NP_116026.1","Q13309","1FQV","X-ray","2.8","A/C/E/G/I/K/M/O","89-424"
"SKP2","NP_116026.1","Q13309","1FS1","X-ray","1.8","A/C","89-141"
"SKP2","NP_116026.1","Q13309","1FS2","X-ray","2.9","A/C","89-398"
"SKP2","NP_116026.1","Q13309","1LDK","X-ray","3.1","E","97-137"
"SKP2","NP_116026.1","Q13309","2ASS","X-ray","3","B","89-424"
"SKP2","NP_116026.1","Q13309","2AST","X-ray","2.3","B","89-424"
"SLC3A2","NP_001012679.1","P08195","2DH2","X-ray","2.1","A","212-630"
"SLC3A2","NP_001012679.1","P08195","2DH3","X-ray","2.8","A/B","212-630"
"SLC3A2","NP_001012680.1","P08195","2DH2","X-ray","2.1","A","212-630"
"SLC3A2","NP_001012680.1","P08195","2DH3","X-ray","2.8","A/B","212-630"
"SLC3A2","NP_001012681.1","P08195","2DH2","X-ray","2.1","A","212-630"
"SLC3A2","NP_001012681.1","P08195","2DH3","X-ray","2.8","A/B","212-630"
"SLC3A2","NP_001012682.1","P08195","2DH2","X-ray","2.1","A","212-630"
"SLC3A2","NP_001012682.1","P08195","2DH3","X-ray","2.8","A/B","212-630"
"SLC3A2","NP_001013269.1","P08195","2DH2","X-ray","2.1","A","212-630"
"SLC3A2","NP_001013269.1","P08195","2DH3","X-ray","2.8","A/B","212-630"
"SLC3A2","NP_002385.3","P08195","2DH2","X-ray","2.1","A","212-630"
"SLC3A2","NP_002385.3","P08195","2DH3","X-ray","2.8","A/B","212-630"
"SLC7A6OS","NP_115554.2","-","-","-","-","-","-"
"SLURP1","NP_065160.1","P55000 ","-","-","-","-","-"
"SMAD2","NP_001003652.1","Q15796","1DEV","X-ray","2.2","A/C","261-456"
"SMAD2","NP_001003652.1","Q15796","1KHX","X-ray","1.8","A","241-467"
"SMAD2","NP_001003652.1","Q15796","1U7V","X-ray","2.7","A/C","270-466"
"SMAD2","NP_001129409.1","Q15796","1DEV","X-ray","2.2","A/C","261-456"
"SMAD2","NP_001129409.1","Q15796","1KHX","X-ray","1.8","A","241-467"
"SMAD2","NP_001129409.1","Q15796","1U7V","X-ray","2.7","A/C","270-466"
"SMAD2","NP_005892.1","Q15796","1DEV","X-ray","2.2","A/C","261-456"
"SMAD2","NP_005892.1","Q15796","1KHX","X-ray","1.8","A","241-467"
"SMAD2","NP_005892.1","Q15796","1U7V","X-ray","2.7","A/C","270-466"
"SMAD4","NP_005350.1","Q13485","1DD1","X-ray","2.62","A/B/C","285-552"
"SMAD4","NP_005350.1","Q13485","1G88","X-ray","3","A/B/C","285-552"
"SMAD4","NP_005350.1","Q13485","1MR1","X-ray","2.85","A/B","319-552"
"SMAD4","NP_005350.1","Q13485","1U7F","X-ray","2.6","B","314-552"
"SMAD4","NP_005350.1","Q13485","1U7V","X-ray","2.7","B","314-549"
"SMAD4","NP_005350.1","Q13485","1YGS","X-ray","2.1","A","319-552"
"SOCS1","NP_003736.1","O15524","-","-","-","-","-"
"SOX1","NP_005977.2","O00570","-","-","-","-","-"
"SP100","NP_001073860.1","P23497 ","1H5P","NMR","-","A","595-684"
"SP100","NP_003104.2","P23497 ","1H5P","NMR","-","A","595-684"
"SPA17","NP_059121.1","Q15506","-","-","-","-","-"
"SPARC","NP_003109.1","P09486 ","1BMO","X-ray","3.1","A/B","71-303"
"SPARC","NP_003109.1","P09486 ","1NUB","X-ray","2.8","A/B","71-303"
"SPARC","NP_003109.1","P09486 ","1SRA","X-ray","2","A","153-303"
"SPARC","NP_003109.1","P09486 ","2V53","X-ray","3.2","A","70-303"
"SPINK5","NP_001121170.1","-","-","-","-","-","-"
"SPINK5","NP_001121171.1","-","-","-","-","-","-"
"SPINK5","NP_006837.2","Q9NQ38 ","1H0Z","NMR","-","A","356-423"
"SPINK5","NP_006837.2","Q9NQ38 ","1HDL","NMR","-","A","23-77"
"SPINK5","NP_006837.2","Q9NQ38 ","1UUC","NMR","-","A","23-77"
"SPINK5","NP_006837.2","Q9NQ38 ","1UVF","NMR","-","A","989-1047"
"SPINK5","NP_006837.2","Q9NQ38 ","1UVG","NMR","-","A","989-1064"
"SPP1","NP_000573.1","P10451 ","3CXD","X-ray","2.8","P","40-51"
"SPP1","NP_000573.1","P10451 ","3DSF","X-ray","2.8","P","40-51"
"SPP1","NP_001035147.1","P10451","3CXD","X-ray","2.8","P","40-51"
"SPP1","NP_001035147.1","P10451","3DSF","X-ray","2.8","P","40-51"
"SPP1","NP_001035149.1","-","-","-","-","-","-"
"SPRR1A","NP_005978.2","P35321 ","-","-","-","-","-"
"SPRR1B","NP_003116.2","P22528","-","-","-","-","-"
"SPRR2A","NP_005979.1","P35326","-","-","-","-","-"
"SPRR2B","NP_001017418.1","P35325 ","-","-","-","-","-"
"SPRR3","NP_001091058.1","Q9UBC9 ","-","-","-","-","-"
"SPRR3","NP_005407.1","Q9UBC9 ","-","-","-","-","-"
"ST14","NP_068813.1","Q9Y5Y6","1EAW","X-ray","2.93","A/C","615-855"
"ST14","NP_068813.1","Q9Y5Y6","1EAX","X-ray","1.3","A","615-855"
"ST14","NP_068813.1","Q9Y5Y6","2FMV","model","-","A","214-447"
"ST14","NP_068813.1","Q9Y5Y6","2GV6","X-ray","2.1","A","615-855"
"ST14","NP_068813.1","Q9Y5Y6","2GV7","X-ray","2.2","A","615-855"
"ST14","NP_068813.1","Q9Y5Y6","3BN9","X-ray","2.17","A/B","615-855"
"STARD10","NP_006636.2","Q9Y365","-","-","-","-","-"
"STAT1","NP_009330.1","P42224 ","1BF5","X-ray","2.9","A","136-710"
"STAT1","NP_009330.1","P42224 ","1YVL","X-ray","3","A/B","1-683"
"STAT1","NP_009330.1","P42224 ","2KA6","NMR","-","B","710-750"
"STAT1","NP_644671","P42224 ","1BF5","X-ray","2.9","A","136-710"
"STAT1","NP_644671","P42224 ","1YVL","X-ray","3","A/B","1-683"
"STAT1","NP_644671","P42224 ","2KA6","NMR","-","B","710-750"
"STAT3","NP_003141.2","P40763 ","-","-","-","-","-"
"STAT3","NP_644805.1","P40763 ","-","-","-","-","-"
"STAT3","NP_998827.1","P40763 ","-","-","-","-","-"
"STAU1","NP_001032405.1","O95793","-","-","-","-","-"
"STAU1","NP_004593.2","O95793","-","-","-","-","-"
"STAU1","NP_059346.2","O95793","-","-","-","-","-"
"STAU1","NP_059347.2","O95793","-","-","-","-","-"
"STAU1","NP_059348.2","O95793","-","-","-","-","-"
"STK11","NP_000446.1","Q15831 ","2WTK","X-ray","2.65","C/F","43-347"
"STK31","NP_001116305.1","Q9BXU1","-","-","-","-","-"
"STK31","NP_113602.2","Q9BXU1","-","-","-","-","-"
"STK31","NP_116562.2","Q9BXU1","-","-","-","-","-"
"STX16","NP_001001433.1","O14662","-","-","-","-","-"
"STX16","NP_001128244.1","-","-","-","-","-","-"
"STX16","NP_001128245.1","O14662","-","-","-","-","-"
"STX16","NP_003754.2","O14662","-","-","-","-","-"
"SULF1","NP_001121676.1","Q8IWU6","-","-","-","-","-"
"SULF1","NP_001121677.1","Q8IWU6","-","-","-","-","-"
"SULF1","NP_001121678.1","Q8IWU6","-","-","-","-","-"
"SULF1","NP_055985.2","Q8IWU6","-","-","-","-","-"
"SULT2B1","NP_004596.2","O00204 ","1Q1Q","X-ray","2.91","A","24-365"
"SULT2B1","NP_004596.2","O00204 ","1Q1Z","X-ray","2.4","A","19-312"
"SULT2B1","NP_004596.2","O00204 ","1Q20","X-ray","2.3","A","19-312"
"SULT2B1","NP_004596.2","O00204 ","1Q22","X-ray","2.5","A","19-312"
"SULT2B1","NP_814444.1","O00204 ","1Q1Q","X-ray","2.91","A","24-365"
"SULT2B1","NP_814444.1","O00204 ","1Q1Z","X-ray","2.4","A","19-312"
"SULT2B1","NP_814444.1","O00204 ","1Q20","X-ray","2.3","A","19-312"
"SULT2B1","NP_814444.1","O00204 ","1Q22","X-ray","2.5","A","19-312"
"SYCP2","NP_055073.2","Q9BX26","-","-","-","-","-"
"SYK","NP_001128524.1","P43405","1A81","X-ray","3","A/C/E/G/I/K","9-262"
"SYK","NP_001128524.1","P43405","1CSY","NMR","-","A","163-265"
"SYK","NP_001128524.1","P43405","1CSZ","NMR","-","A","163-265"
"SYK","NP_001128524.1","P43405","1XBA","X-ray","2","A","356-635"
"SYK","NP_001128524.1","P43405","1XBB","X-ray","1.57","A","356-635"
"SYK","NP_001128524.1","P43405","1XBC","X-ray","2","A","356-635"
"SYK","NP_001128524.1","P43405","3BUW","X-ray","1.45","A/C","317-329"
"SYK","NP_001128524.1","P43405","3EMG","X-ray","2.6","A","349-635"
"SYK","NP_001128524.1","P43405","3FQE","X-ray","2.5","A","356-635"
"SYK","NP_001128524.1","P43405","3FQH","X-ray","2.26","A/B","356-635"
"SYK","NP_001128524.1","P43405","3FQS","X-ray","2.1","A","356-635"
"SYK","NP_003168.2","P43405","1A81","X-ray","3","A/C/E/G/I/K","9-262"
"SYK","NP_003168.2","P43405","1CSY","NMR","-","A","163-265"
"SYK","NP_003168.2","P43405","1CSZ","NMR","-","A","163-265"
"SYK","NP_003168.2","P43405","1XBA","X-ray","2","A","356-635"
"SYK","NP_003168.2","P43405","1XBB","X-ray","1.57","A","356-635"
"SYK","NP_003168.2","P43405","1XBC","X-ray","2","A","356-635"
"SYK","NP_003168.2","P43405","3BUW","X-ray","1.45","A/C","317-329"
"SYK","NP_003168.2","P43405","3EMG","X-ray","2.6","A","349-635"
"SYK","NP_003168.2","P43405","3FQE","X-ray","2.5","A","356-635"
"SYK","NP_003168.2","P43405","3FQH","X-ray","2.26","A/B","356-635"
"SYK","NP_003168.2","P43405","3FQS","X-ray","2.1","A","356-635"
"TARS"," NP_689508.3","P26639","1WWT","NMR","-","A","79-153"
"TBC1D1","NP_055988.2","Q86TI0","-","-","-","-","-"
"TBX3","NP_005987.3","O15119","1H6F","X-ray","1.7","A/B","101-311"
"TBX3","NP_057653.3","O15119","1H6F","X-ray","1.7","A/B","101-311"
"TCEA2","NP_003186.1","Q15560","-","-","-","-","-"
"TCEA2","NP_942016.1","Q15560","-","-","-","-","-"
"TERT","NP_937983.2","O14746 ","2BCK","X-ray","2.8","C/F","461-469"
"TERT","NP_937986.1","O14746 ","2BCK","X-ray","2.8","C/F","461-469"
"TFF3","NP_003217.3","-","-","-","-","-","-"
"TFPI2","NP_006519.1","P48307 ","1ZR0","X-ray","1.8","B/D","28-90"
"TFRC","NP_001121620.1","P02786 ","1CX8","X-ray","3.2","A/B/C/D/E/F/G/H","122-760"
"TFRC","NP_001121620.1","P02786 ","1DE4","X-ray","2.8","C/F/I","121-760"
"TFRC","NP_001121620.1","P02786 ","1SUV","electron microscopy","7.5","A/B","122-760"
"TFRC","NP_001121620.1","P02786 ","2NSU","electron microscopy","27","A/B","122-760"
"TFRC","NP_001121620.1","P02786 ","3KAS","X-ray","2.4","A","121-760"
"TFRC","NP_003225.2","P02786 ","1CX8","X-ray","3.2","A/B/C/D/E/F/G/H","122-760"
"TFRC","NP_003225.2","P02786 ","1DE4","X-ray","2.8","C/F/I","121-760"
"TFRC","NP_003225.2","P02786 ","1SUV","electron microscopy","7.5","A/B","122-760"
"TFRC","NP_003225.2","P02786 ","2NSU","electron microscopy","27","A/B","122-760"
"TFRC","NP_003225.2","P02786 ","3KAS","X-ray","2.4","A","121-760"
"TGFA","NP_001093161.1","P01135","1GK5","NMR","-","A","83-89"
"TGFA","NP_001093161.1","P01135","1MOX","X-ray","2.5","C/D","40-89"
"TGFA","NP_001093161.1","P01135","1YUF","NMR","-","A","40-89"
"TGFA","NP_001093161.1","P01135","1YUG","NMR","-","A","40-89"
"TGFA","NP_001093161.1","P01135","2TGF","NMR","-","A","40-89"
"TGFA","NP_001093161.1","P01135","3.00E+50","X-ray","2.3","C/D","40-89"
"TGFA","NP_001093161.1","P01135","3TGF","NMR","-","A","40-89"
"TGFA","NP_001093161.1","P01135","4TGF","NMR","-","A","40-89"
"TGFA","NP_003227.1","P01135","1GK5","NMR","-","A","83-89"
"TGFA","NP_003227.1","P01135","1MOX","X-ray","2.5","C/D","40-89"
"TGFA","NP_003227.1","P01135","1YUF","NMR","-","A","40-89"
"TGFA","NP_003227.1","P01135","1YUG","NMR","-","A","40-89"
"TGFA","NP_003227.1","P01135","2TGF","NMR","-","A","40-89"
"TGFA","NP_003227.1","P01135","3.00E+50","X-ray","2.3","C/D","40-89"
"TGFA","NP_003227.1","P01135","3TGF","NMR","-","A","40-89"
"TGFA","NP_003227.1","P01135","4TGF","NMR","-","A","40-89"
"TGFB1","NP_000651.3","P01137 ","1KLA","NMR","-","A/B","279-390"
"TGFB1","NP_000651.3","P01137 ","1KLC","NMR","-","A/B","279-390"
"TGFB1","NP_000651.3","P01137 ","1KLD","NMR","-","A/B","279-390"
"TGFB1","NP_000651.3","P01137 ","3KFD","X-ray","3","A/B/C/D","279-390"
"TGFB2","NP_001129071.1","P61812","1TFG","X-ray","1.95","A","303-414"
"TGFB2","NP_001129071.1","P61812","2TGI","X-ray","1.8","A","303-414"
"TGFB2","NP_003229.1","P61812","1TFG","X-ray","1.95","A","303-414"
"TGFB2","NP_003229.1","P61812","2TGI","X-ray","1.8","A","303-414"
"TGFBR1","NP_001124388.1","-","-","-","-","-","-"
"TGFBR1","NP_004603.1","P36897","1B6C","X-ray","2.6","B/D/F/H","162-503"
"TGFBR1","NP_004603.1","P36897","1IAS","X-ray","2.9","A/B/C/D/E","162-503"
"TGFBR1","NP_004603.1","P36897","1PY5","X-ray","2.3","A","175-500"
"TGFBR1","NP_004603.1","P36897","1RW8","X-ray","2.4","A","200-500"
"TGFBR1","NP_004603.1","P36897","1TBI","model","-","A","34-114"
"TGFBR1","NP_004603.1","P36897","1VJY","X-ray","2","A","201-503"
"TGFBR1","NP_004603.1","P36897","2PJY","X-ray","3","C","33-111"
"TGFBR1","NP_004603.1","P36897","2WOT","X-ray","1.85","A","200-503"
"TGFBR1","NP_004603.1","P36897","2WOU","X-ray","2.3","A","200-503"
"TGFBR1","NP_004603.1","P36897","3FAA","X-ray","3.35","A/B/C/D/E","162-503"
"TGFBR1","NP_004603.1","P36897","3GXL","X-ray","1.8","A","201-503"
"TGFBR1","NP_004603.1","P36897","3HMM","X-ray","1.7","A","201-503"
"TGFBR1","NP_004603.1","P36897","3KCF","X-ray","2.8","A/B/C/D/E","162-503"
"TGFBR1","NP_004603.1","P36897","3KFD","X-ray","3","I/J/K/L","31-115"
"TGM3","NP_003236.3","Q08188 ","1L9M","X-ray","2.1","A/B","2-693"
"TGM3","NP_003236.3","Q08188 ","1L9N","X-ray","2.1","A/B","2-693"
"TGM3","NP_003236.3","Q08188 ","1NUD","X-ray","2.7","A/B","2-693"
"TGM3","NP_003236.3","Q08188 ","1NUF","X-ray","2.7","A","2-693"
"TGM3","NP_003236.3","Q08188 ","1NUG","X-ray","2.4","A/B","2-693"
"TGM3","NP_003236.3","Q08188 ","1RLE","X-ray","2.1","A/B","2-693"
"TGM3","NP_003236.3","Q08188 ","1SGX","X-ray","2","A/B","2-693"
"TGM3","NP_003236.3","Q08188 ","1VJJ","X-ray","1.9","A/B","2-693"
"THBD","NP_000352","P07204","1ADX","NMR","-","A","405-444"
"THBD","NP_000352","P07204","1DQB","NMR","-","A","364-444"
"THBD","NP_000352","P07204","1DX5","X-ray","2.3","I/J/K/L","363-480"
"THBD","NP_000352","P07204","1EGT","NMR","-","A","427-437"
"THBD","NP_000352","P07204","1FGD","NMR","-","A","427-444"
"THBD","NP_000352","P07204","1FGE","NMR","-","A","425-444"
"THBD","NP_000352","P07204","1HLT","X-ray","3","R","426-444"
"THBD","NP_000352","P07204","1TMR","NMR","-","A","389-405"
"THBD","NP_000352","P07204","1ZAQ","NMR","-","A","364-407"
"THBD","NP_000352","P07204","2ADX","NMR","-","A","405-444"
"THBD","NP_000352","P07204","3GIS","X-ray","2.4","X/Y/Z","363-483"
"THBS1","NP_003237.2","P07996 ","1LSL","X-ray","1.9","A","434-546"
"THBS1","NP_003237.2","P07996 ","1UX6","X-ray","1.9","A","834-1170"
"THBS1","NP_003237.2","P07996 ","1Z78","X-ray","1.8","A","19-233"
"THBS1","NP_003237.2","P07996 ","1ZA4","X-ray","1.9","A","19-257"
"THBS1","NP_003237.2","P07996 ","2ERF","X-ray","1.45","A","25-233"
"THBS1","NP_003237.2","P07996 ","2ES3","X-ray","1.85","A/B","25-233"
"THBS1","NP_003237.2","P07996 ","2OUH","X-ray","2.4","A/B","19-257"
"THBS1","NP_003237.2","P07996 ","2OUJ","X-ray","1.9","A","19-257"
"THBS2","NP_003238.2","P35442","1YO8","X-ray","2.6","A","551-1172"
"THBS2","NP_003238.2","P35442","2RHP","X-ray","2.9","A","551-1172"
"TIMP1","NP_003245.1","P01033","1D2B","NMR","-","A","24-149"
"TIMP1","NP_003245.1","P01033","1LQN","model","-","A","1-207"
"TIMP1","NP_003245.1","P01033","1OO9","NMR","-","B","24-149"
"TIMP1","NP_003245.1","P01033","1UEA","X-ray","2.8","B/D","24-207"
"TIMP1","NP_003245.1","P01033","2J0T","X-ray","2.54","D/E/F","24-149"
"TIMP2","NP_003246.1","P16035","1BR9","X-ray","2.1","A","27-220"
"TIMP2","NP_003246.1","P16035","1GXD","X-ray","3.1","C/D","27-220"
"TIMP2","NP_003246.1","P16035","2TMP","NMR","-","A","27-153"
"TIMP3","NP_000353.1","P35625 ","3CKI","X-ray","2.3","B","24-144"
"TKTL1","NP_036385.3","P51854 ","-","-","-","-","-"
"TLR2","NP_003255.2","O60603","1FYW","X-ray","3","A","636-784"
"TLR2","NP_003255.2","O60603","1FYX","X-ray","2.8","A","636-784"
"TLR2","NP_003255.2","O60603","1O77","X-ray","3.2","A/B/C/D/E","639-784"
"TLR2","NP_003255.2","O60603","2Z7X","X-ray","2.1","A","27-509"
"TLR2","NP_003255.2","O60603","2Z80","X-ray","1.8","A/B","1-284"
"TLR4","NP_612564.1","O00206","2Z62","X-ray","1.7","A","27-228"
"TLR4","NP_612564.1","O00206","2Z63","X-ray","2","A","27-527"
"TLR4","NP_612564.1","O00206","2Z65","X-ray","2.7","A/B","27-228"
"TLR4","NP_612564.1","O00206","2Z66","X-ray","1.9","A/B/C/D","380-627"
"TLR4","NP_612564.1","O00206","3FXI","X-ray","3.1","A/B","27-631"
"TLR8","NP_619542.1","Q9NR97 ","-","-","-","-","-"
"TMC6","NP_001120670.1","Q7Z403","-","-","-","-","-"
"TMC6","NP_009198.4","Q7Z403","-","-","-","-","-"
"TMCO6","NP_060972.3","Q96DC7","-","-","-","-","-"
"TMEM132A","NP_060340.2","Q24JP5","-","-","-","-","-"
"TMEM132A","NP_821174.1","Q24JP5","-","-","-","-","-"
"TMEM132A","NP_060340.2","Q24JP5","-","-","-","-","-"
"TMEM132A","NP_821174.1","Q24JP5","-","-","-","-","-"
"TMPRSS11D","NP_004253.1","O60235 ","-","-","-","-","-"
"TMPRSS11E","NP_054777.2","Q9UL52 ","2OQ5","X-ray","1.61","A","192-423"
"TNF","NP_000585.2","P01375","1A8M","X-ray","2.3","A/B/C","77-233"
"TNF","NP_000585.2","P01375","1TNF","X-ray","2.6","A/B/C","77-233"
"TNF","NP_000585.2","P01375","2AZ5","X-ray","2.1","A/B/C/D","86-233"
"TNF","NP_000585.2","P01375","2E7A","X-ray","1.8","A/B/C","77-233"
"TNF","NP_000585.2","P01375","2TUN","X-ray","3.1","A/B/C/D/E/F","77-233"
"TNF","NP_000585.2","P01375","2ZJC","X-ray","2.5","A/B/C","77-233"
"TNF","NP_000585.2","P01375","2ZPX","X-ray","2.83","A/B/C","77-233"
"TNF","NP_000585.2","P01375","3IT8","X-ray","2.8","A/B/C/G/H/I","82-233"
"TNF","NP_000585.2","P01375","3L9J","X-ray","2.1","T","85-233"
"TNF","NP_000585.2","P01375","4TSV","X-ray","1.8","A","84-233"
"TNF","NP_000585.2","P01375","5TSW","X-ray","2.5","A/B/C/D/E/F","84-233"
"TNFRSF10C","NP_003832.2","O14798","-","-","-","-","-"
"TOB1","NP_005740.1","P50616","2D5R","X-ray","2.5","B","1-115"
"TOB1","NP_005740.1","P50616","2Z15","X-ray","2.3","A/B/C/D","1-117"
"TOP2A","NP_001058.2","P11388","1LWZ","model","-","A","431-1200"
"TOP2A","NP_001058.2","P11388","1ZXM","X-ray","1.87","A/B","29-428"
"TOP2A","NP_001058.2","P11388","1ZXN","X-ray","2.51","A/B/C/D","29-428"
"TP53","NP_000537.3","P04637","1A1U","NMR","-","A/C","324-358"
"TP53","NP_000537.3","P04637","1AIE","X-ray","1.5","A","326-356"
"TP53","NP_000537.3","P04637","1C26","X-ray","1.7","A","325-356"
"TP53","NP_000537.3","P04637","1DT7","NMR","-","X/Y","367-388"
"TP53","NP_000537.3","P04637","1GZH","X-ray","2.6","A/C","95-292"
"TP53","NP_000537.3","P04637","1H26","X-ray","2.24","E","376-386"
"TP53","NP_000537.3","P04637","1HS5","NMR","-","A/B","324-357"
"TP53","NP_000537.3","P04637","1JSP","NMR","-","A","367-386"
"TP53","NP_000537.3","P04637","1KZY","X-ray","2.5","A/B","95-289"
"TP53","NP_000537.3","P04637","1MA3","X-ray","2","B","372-389"
"TP53","NP_000537.3","P04637","1OLG","NMR","-","A/B/C/D","319-360"
"TP53","NP_000537.3","P04637","1OLH","NMR","-","A/B/C/D","319-360"
"TP53","NP_000537.3","P04637","1PES","NMR","-","A/B/C/D","325-355"
"TP53","NP_000537.3","P04637","1PET","NMR","-","A/B/C/D","325-355"
"TP53","NP_000537.3","P04637","1SAE","NMR","-","A/B/C/D","319-360"
"TP53","NP_000537.3","P04637","1SAF","NMR","-","A/B/C/D","319-360"
"TP53","NP_000537.3","P04637","1SAH","NMR","-","A/B/C/D","319-360"
"TP53","NP_000537.3","P04637","1SAJ","NMR","-","A/B/C/D","319-360"
"TP53","NP_000537.3","P04637","1SAK","NMR","-","A/B/C/D","319-360"
"TP53","NP_000537.3","P04637","1SAL","NMR","-","A/B/C/D","319-360"
"TP53","NP_000537.3","P04637","1TSR","X-ray","2.2","A/B/C","94-312"
"TP53","NP_000537.3","P04637","1TUP","X-ray","2.2","A/B/C","94-312"
"TP53","NP_000537.3","P04637","1UOL","X-ray","1.9","A/B","94-312"
"TP53","NP_000537.3","P04637","1XQH","X-ray","1.75","B/F","369-377"
"TP53","NP_000537.3","P04637","1YC5","X-ray","1.4","B","372-389"
"TP53","NP_000537.3","P04637","1YCQ","X-ray","2.3","B","13-29"
"TP53","NP_000537.3","P04637","1YCR","X-ray","2.6","B","15-29"
"TP53","NP_000537.3","P04637","1YCS","X-ray","2.2","A","94-292"
"TP53","NP_000537.3","P04637","2AC0","X-ray","1.8","A/B/C/D","94-293"
"TP53","NP_000537.3","P04637","2ADY","X-ray","2.5","A/B","94-293"
"TP53","NP_000537.3","P04637","2AHI","X-ray","1.85","A/B/C/D","94-293"
"TP53","NP_000537.3","P04637","2ATA","X-ray","2.2","A/B/C/D","94-293"
"TP53","NP_000537.3","P04637","2B3G","X-ray","1.6","B","33-60"
"TP53","NP_000537.3","P04637","2BIM","X-ray","1.98","A/B","94-312"
"TP53","NP_000537.3","P04637","2BIN","X-ray","1.9","A","94-312"
"TP53","NP_000537.3","P04637","2BIO","X-ray","1.9","A","94-312"
"TP53","NP_000537.3","P04637","2BIP","X-ray","1.8","A","94-312"
"TP53","NP_000537.3","P04637","2BIQ","X-ray","1.8","A","94-312"
"TP53","NP_000537.3","P04637","2F1X","X-ray","2.3","A/B","359-368"
"TP53","NP_000537.3","P04637","2FEJ","NMR","-","A","94-297"
"TP53","NP_000537.3","P04637","2FOJ","X-ray","1.6","B","363-367"
"TP53","NP_000537.3","P04637","2FOO","X-ray","2.2","B","358-363"
"TP53","NP_000537.3","P04637","2GS0","NMR","-","B","20-73"
"TP53","NP_000537.3","P04637","2H1L","X-ray","3.16","M/N/O/P/Q/R/S/T/U/V/W/X","92-292"
"TP53","NP_000537.3","P04637","2H2D","X-ray","1.7","B","372-389"
"TP53","NP_000537.3","P04637","2H2F","X-ray","2.2","B","372-389"
"TP53","NP_000537.3","P04637","2H4F","X-ray","2","D","372-389"
"TP53","NP_000537.3","P04637","2H4H","X-ray","1.99","B","372-389"
"TP53","NP_000537.3","P04637","2H4J","X-ray","2.1","D","372-389"
"TP53","NP_000537.3","P04637","2H59","X-ray","1.9","D/E","372-389"
"TP53","NP_000537.3","P04637","2J0Z","NMR","-","A/B/C/D","326-356"
"TP53","NP_000537.3","P04637","2J10","NMR","-","A/B/C/D","326-356"
"TP53","NP_000537.3","P04637","2J11","NMR","-","A/B/C/D","332-356"
"TP53","NP_000537.3","P04637","2J1W","X-ray","1.8","A/B","94-312"
"TP53","NP_000537.3","P04637","2J1X","X-ray","1.65","A/B","94-312"
"TP53","NP_000537.3","P04637","2J1Y","X-ray","1.69","A/B/C/D","94-293"
"TP53","NP_000537.3","P04637","2J1Z","X-ray","1.8","A/B","94-312"
"TP53","NP_000537.3","P04637","2J20","X-ray","1.8","A/B","94-312"
"TP53","NP_000537.3","P04637","2J21","X-ray","1.6","A/B","94-312"
"TP53","NP_000537.3","P04637","2K8F","NMR","-","B","Jan-39"
"TP53","NP_000537.3","P04637","2OCJ","X-ray","2.05","A/B/C/D","94-312"
"TP53","NP_000537.3","P04637","2PCX","X-ray","1.54","A","94-292"
"TP53","NP_000537.3","P04637","2QVQ","X-ray","2","A","94-289"
"TP53","NP_000537.3","P04637","2QXA","X-ray","1.5","A/B/C/D","95-289"
"TP53","NP_000537.3","P04637","2QXB","X-ray","2.5","A/B/C/D","95-289"
"TP53","NP_000537.3","P04637","2QXC","X-ray","1.85","A/B/C/D","95-289"
"TP53","NP_000537.3","P04637","2VUK","X-ray","1.5","A/B","94-312"
"TP53","NP_000537.3","P04637","2WGX","X-ray","1.75","A/B","94-310"
"TP53","NP_000537.3","P04637","2X0U","X-ray","1.6","A/B","94-312"
"TP53","NP_000537.3","P04637","2X0V","X-ray","1.8","A/B","94-312"
"TP53","NP_000537.3","P04637","2X0W","X-ray","2.1","A/B","94-312"
"TP53","NP_000537.3","P04637","2Z5S","X-ray","2.3","P/Q/R","15-29"
"TP53","NP_000537.3","P04637","2Z5T","X-ray","2.3","P/Q/R","15-29"
"TP53","NP_000537.3","P04637","3D05","X-ray","1.7","A","94-293"
"TP53","NP_000537.3","P04637","3D06","X-ray","1.2","A","94-293"
"TP53","NP_000537.3","P04637","3D07","X-ray","2.2","A/B","94-293"
"TP53","NP_000537.3","P04637","3D08","X-ray","1.4","A","94-293"
"TP53","NP_000537.3","P04637","3D09","X-ray","1.9","A","94-293"
"TP53","NP_000537.3","P04637","3D0A","X-ray","1.8","A/B/C/D","94-293"
"TP53","NP_000537.3","P04637","3DAB","X-ray","1.9","B/D/F/H","15-29"
"TP53","NP_000537.3","P04637","3DAC","X-ray","1.8","B/P","17-37"
"TP53","NP_000537.3","P04637","3IGK","X-ray","1.7","A","94-293"
"TP53","NP_000537.3","P04637","3IGL","X-ray","1.8","A","94-293"
"TP53","NP_000537.3","P04637","3KMD","X-ray","2.15","A/B/C/D","92-291"
"TP53","NP_000537.3","P04637","3KZ8","X-ray","1.91","A/B","94-293"
"TP53","NP_000537.3","P04637","3LW1","X-ray","1.28","P","385-393"
"TP53","NP_000537.3","P04637","3SAK","NMR","-","A/B/C/D","319-360"
"TP53","NP_001119584.1","P04637","1A1U","NMR","-","A/C","324-358"
"TP53","NP_001119584.1","P04637","1AIE","X-ray","1.5","A","326-356"
"TP53","NP_001119584.1","P04637","1C26","X-ray","1.7","A","325-356"
"TP53","NP_001119584.1","P04637","1DT7","NMR","-","X/Y","367-388"
"TP53","NP_001119584.1","P04637","1GZH","X-ray","2.6","A/C","95-292"
"TP53","NP_001119584.1","P04637","1H26","X-ray","2.24","E","376-386"
"TP53","NP_001119584.1","P04637","1HS5","NMR","-","A/B","324-357"
"TP53","NP_001119584.1","P04637","1JSP","NMR","-","A","367-386"
"TP53","NP_001119584.1","P04637","1KZY","X-ray","2.5","A/B","95-289"
"TP53","NP_001119584.1","P04637","1MA3","X-ray","2","B","372-389"
"TP53","NP_001119584.1","P04637","1OLG","NMR","-","A/B/C/D","319-360"
"TP53","NP_001119584.1","P04637","1OLH","NMR","-","A/B/C/D","319-360"
"TP53","NP_001119584.1","P04637","1PES","NMR","-","A/B/C/D","325-355"
"TP53","NP_001119584.1","P04637","1PET","NMR","-","A/B/C/D","325-355"
"TP53","NP_001119584.1","P04637","1SAE","NMR","-","A/B/C/D","319-360"
"TP53","NP_001119584.1","P04637","1SAF","NMR","-","A/B/C/D","319-360"
"TP53","NP_001119584.1","P04637","1SAH","NMR","-","A/B/C/D","319-360"
"TP53","NP_001119584.1","P04637","1SAJ","NMR","-","A/B/C/D","319-360"
"TP53","NP_001119584.1","P04637","1SAK","NMR","-","A/B/C/D","319-360"
"TP53","NP_001119584.1","P04637","1SAL","NMR","-","A/B/C/D","319-360"
"TP53","NP_001119584.1","P04637","1TSR","X-ray","2.2","A/B/C","94-312"
"TP53","NP_001119584.1","P04637","1TUP","X-ray","2.2","A/B/C","94-312"
"TP53","NP_001119584.1","P04637","1UOL","X-ray","1.9","A/B","94-312"
"TP53","NP_001119584.1","P04637","1XQH","X-ray","1.75","B/F","369-377"
"TP53","NP_001119584.1","P04637","1YC5","X-ray","1.4","B","372-389"
"TP53","NP_001119584.1","P04637","1YCQ","X-ray","2.3","B","13-29"
"TP53","NP_001119584.1","P04637","1YCR","X-ray","2.6","B","15-29"
"TP53","NP_001119584.1","P04637","1YCS","X-ray","2.2","A","94-292"
"TP53","NP_001119584.1","P04637","2AC0","X-ray","1.8","A/B/C/D","94-293"
"TP53","NP_001119584.1","P04637","2ADY","X-ray","2.5","A/B","94-293"
"TP53","NP_001119584.1","P04637","2AHI","X-ray","1.85","A/B/C/D","94-293"
"TP53","NP_001119584.1","P04637","2ATA","X-ray","2.2","A/B/C/D","94-293"
"TP53","NP_001119584.1","P04637","2B3G","X-ray","1.6","B","33-60"
"TP53","NP_001119584.1","P04637","2BIM","X-ray","1.98","A/B","94-312"
"TP53","NP_001119584.1","P04637","2BIN","X-ray","1.9","A","94-312"
"TP53","NP_001119584.1","P04637","2BIO","X-ray","1.9","A","94-312"
"TP53","NP_001119584.1","P04637","2BIP","X-ray","1.8","A","94-312"
"TP53","NP_001119584.1","P04637","2BIQ","X-ray","1.8","A","94-312"
"TP53","NP_001119584.1","P04637","2F1X","X-ray","2.3","A/B","359-368"
"TP53","NP_001119584.1","P04637","2FEJ","NMR","-","A","94-297"
"TP53","NP_001119584.1","P04637","2FOJ","X-ray","1.6","B","363-367"
"TP53","NP_001119584.1","P04637","2FOO","X-ray","2.2","B","358-363"
"TP53","NP_001119584.1","P04637","2GS0","NMR","-","B","20-73"
"TP53","NP_001119584.1","P04637","2H1L","X-ray","3.16","M/N/O/P/Q/R/S/T/U/V/W/X","92-292"
"TP53","NP_001119584.1","P04637","2H2D","X-ray","1.7","B","372-389"
"TP53","NP_001119584.1","P04637","2H2F","X-ray","2.2","B","372-389"
"TP53","NP_001119584.1","P04637","2H4F","X-ray","2","D","372-389"
"TP53","NP_001119584.1","P04637","2H4H","X-ray","1.99","B","372-389"
"TP53","NP_001119584.1","P04637","2H4J","X-ray","2.1","D","372-389"
"TP53","NP_001119584.1","P04637","2H59","X-ray","1.9","D/E","372-389"
"TP53","NP_001119584.1","P04637","2J0Z","NMR","-","A/B/C/D","326-356"
"TP53","NP_001119584.1","P04637","2J10","NMR","-","A/B/C/D","326-356"
"TP53","NP_001119584.1","P04637","2J11","NMR","-","A/B/C/D","332-356"
"TP53","NP_001119584.1","P04637","2J1W","X-ray","1.8","A/B","94-312"
"TP53","NP_001119584.1","P04637","2J1X","X-ray","1.65","A/B","94-312"
"TP53","NP_001119584.1","P04637","2J1Y","X-ray","1.69","A/B/C/D","94-293"
"TP53","NP_001119584.1","P04637","2J1Z","X-ray","1.8","A/B","94-312"
"TP53","NP_001119584.1","P04637","2J20","X-ray","1.8","A/B","94-312"
"TP53","NP_001119584.1","P04637","2J21","X-ray","1.6","A/B","94-312"
"TP53","NP_001119584.1","P04637","2K8F","NMR","-","B","Jan-39"
"TP53","NP_001119584.1","P04637","2OCJ","X-ray","2.05","A/B/C/D","94-312"
"TP53","NP_001119584.1","P04637","2PCX","X-ray","1.54","A","94-292"
"TP53","NP_001119584.1","P04637","2QVQ","X-ray","2","A","94-289"
"TP53","NP_001119584.1","P04637","2QXA","X-ray","1.5","A/B/C/D","95-289"
"TP53","NP_001119584.1","P04637","2QXB","X-ray","2.5","A/B/C/D","95-289"
"TP53","NP_001119584.1","P04637","2QXC","X-ray","1.85","A/B/C/D","95-289"
"TP53","NP_001119584.1","P04637","2VUK","X-ray","1.5","A/B","94-312"
"TP53","NP_001119584.1","P04637","2WGX","X-ray","1.75","A/B","94-310"
"TP53","NP_001119584.1","P04637","2X0U","X-ray","1.6","A/B","94-312"
"TP53","NP_001119584.1","P04637","2X0V","X-ray","1.8","A/B","94-312"
"TP53","NP_001119584.1","P04637","2X0W","X-ray","2.1","A/B","94-312"
"TP53","NP_001119584.1","P04637","2Z5S","X-ray","2.3","P/Q/R","15-29"
"TP53","NP_001119584.1","P04637","2Z5T","X-ray","2.3","P/Q/R","15-29"
"TP53","NP_001119584.1","P04637","3D05","X-ray","1.7","A","94-293"
"TP53","NP_001119584.1","P04637","3D06","X-ray","1.2","A","94-293"
"TP53","NP_001119584.1","P04637","3D07","X-ray","2.2","A/B","94-293"
"TP53","NP_001119584.1","P04637","3D08","X-ray","1.4","A","94-293"
"TP53","NP_001119584.1","P04637","3D09","X-ray","1.9","A","94-293"
"TP53","NP_001119584.1","P04637","3D0A","X-ray","1.8","A/B/C/D","94-293"
"TP53","NP_001119584.1","P04637","3DAB","X-ray","1.9","B/D/F/H","15-29"
"TP53","NP_001119584.1","P04637","3DAC","X-ray","1.8","B/P","17-37"
"TP53","NP_001119584.1","P04637","3IGK","X-ray","1.7","A","94-293"
"TP53","NP_001119584.1","P04637","3IGL","X-ray","1.8","A","94-293"
"TP53","NP_001119584.1","P04637","3KMD","X-ray","2.15","A/B/C/D","92-291"
"TP53","NP_001119584.1","P04637","3KZ8","X-ray","1.91","A/B","94-293"
"TP53","NP_001119584.1","P04637","3LW1","X-ray","1.28","P","385-393"
"TP53","NP_001119584.1","P04637","3SAK","NMR","-","A/B/C/D","319-360"
"TP53","NP_001119585.1","-","-","-","-","-","-"
"TP53","NP_001119586.1","-","-","-","-","-","-"
"TP53","NP_001119587.1","-","-","-","-","-","-"
"TP53","NP_001119588.1","-","-","-","-","-","-"
"TP53","NP_001119589.1","-","-","-","-","-","-"
"TP73","NP_005418.1","O15350 ","1COK","NMR","-","A","487-554"
"TP73","NP_005418.1","O15350 ","1DXS","X-ray","2.54","A","487-564"
"TP73","NP_005418.1","O15350 ","2KBY","NMR","-","A/B/C/D","351-398"
"TP73","NP_005418.1","O15350 ","2WQI","X-ray","1.7","A/B/C/D","351-399"
"TP73","NP_005418.1","O15350 ","2WQJ","X-ray","2","1/2/A/B/C/D/E/F/G/H/I/J/K/L/M/N/O/P","351-383"
"TP73","NP_005418.1","O15350 ","2WTT","X-ray","2.3","A/B/C/D/E/F/G/H/I/J/K/L/M/N/O/P","351-399"
"TP73","NP_001119712.1","O15350","1COK","NMR","-","A","487-554"
"TP73","NP_001119712.1","O15350","1DXS","X-ray","2.54","A","487-564"
"TP73","NP_001119712.1","O15350","2KBY","NMR","-","A/B/C/D","351-398"
"TP73","NP_001119712.1","O15350","2WQI","X-ray","1.7","A/B/C/D","351-399"
"TP73","NP_001119712.1","O15350","2WQJ","X-ray","2","1/2/A/B/C/D/E/F/G/H/I/J/K/L/M/N/O/P","351-383"
"TP73","NP_001119712.1","O15350","2WTT","X-ray","2.3","A/B/C/D/E/F/G/H/I/J/K/L/M/N/O/P","351-399"
"TP73","NP_001119713.1","O15350","-","-","-","-","-"
"TP73","NP_001119714.1","O15350","-","-","-","-","-"
"TPX2","NP_036244.2","Q9ULW0","1OL5","X-ray","2.5","B","Jan-43"
"TPX2","NP_036244.2","Q9ULW0","3E5A","X-ray","2.3","B","Jan-43"
"TPX2","NP_036244.2","Q9ULW0","3HA6","X-ray","2.36","B","Jan-43"
"TRA2A","NP_037425","Q13595","-","-","-","-","-"
"TREM2"," NP_061838.1","Q9NZC2","-","-","-","-","-"
"TRIM29","NP_036233.2","Q14134","2CSV","NMR","-","A","212-270"
"TRIP13","NP_004228.1","Q15645","-","-","-","-","-"
"TSPAN3","NP_005715.1","O60637","-","-","-","-","-"
"TSPAN3","NP_944492.1","-","-","-","-","-","-"
"TUBB2","NP_001060.1","Q13885","-","-","-","-","-"
"TWIST1","NP_000465.1","Q15672 ","-","-","-","-","-"
"TYK2","NP_003322.3","P29597","3LXN","X-ray","2.5","A","888-1182"
"TYK2","NP_003322.3","P29597","3LXP","X-ray","1.65","A","888-1182"
"TYMS","NP_001062.1","P04818 ","1HVY","X-ray","1.9","A/B/C/D","26-313"
"TYMS","NP_001062.1","P04818 ","1HW3","X-ray","2","A","1-313"
"TYMS","NP_001062.1","P04818 ","1HW4","X-ray","2.06","A","1-313"
"TYMS","NP_001062.1","P04818 ","1HZW","X-ray","2","A/B","30-313"
"TYMS","NP_001062.1","P04818 ","1I00","X-ray","2.5","A/B","30-313"
"TYMS","NP_001062.1","P04818 ","1JU6","X-ray","2.89","A/B/C/D","1-313"
"TYMS","NP_001062.1","P04818 ","1JUJ","X-ray","3","A/B/C/D","1-313"
"TYMS","NP_001062.1","P04818 ","1YPV","X-ray","1.8","A","1-313"
"TYMS","NP_001062.1","P04818 ","2ONB","X-ray","2.7","A","1-313"
"TYMS","NP_001062.1","P04818 ","2RD8","X-ray","2.5","A/B","1-313"
"TYMS","NP_001062.1","P04818 ","2RDA","X-ray","2.67","A/B/C/D/E/F","1-313"
"TYMS","NP_001062.1","P04818 ","3EAW","X-ray","1.86","X","1-313"
"TYMS","NP_001062.1","P04818 ","3EBU","X-ray","2.05","A","1-313"
"TYMS","NP_001062.1","P04818 ","3ED7","X-ray","1.56","A","26-313"
"TYMS","NP_001062.1","P04818 ","3EDW","X-ray","1.75","X","1-313"
"TYMS","NP_001062.1","P04818 ","3EF9","X-ray","3.2","A","1-313"
"TYMS","NP_001062.1","P04818 ","3EGY","X-ray","2.18","X","1-313"
"TYMS","NP_001062.1","P04818 ","3EHI","X-ray","2","X","1-313"
"TYMS","NP_001062.1","P04818 ","3EJL","X-ray","3.2","A/B/C/D","1-313"
"TYMS","NP_001062.1","P04818 ","3GG5","X-ray","2.77","A/B/C/D","1-313"
"TYMS","NP_001062.1","P04818 ","3GH0","X-ray","1.56","A","1-313"
"TYMS","NP_001062.1","P04818 ","3GH2","X-ray","1.75","X","1-313"
"TYMS","NP_001062.1","P04818 ","3H9K","X-ray","2.65","A/B/C/D/E","1-313"
"TYMS","NP_001062.1","P04818 ","3HB8","X-ray","2.74","A/B/C/D/E","1-313"
"UFD1L","NP_001030324.2","-","-","-","-","-","-"
"UFD1L","NP_005650.2","Q92890","2YUJ","NMR","-","A","11-193"
"UPK1A","NP_008931.1","O00322 ","-","-","-","-","-"
"VEGFA","NP_001020537.2","P15692 ","1BJ1","X-ray","2.4","V/W","34-135"
"VEGFA","NP_001020537.2","P15692 ","1CZ8","X-ray","2.4","V/W","40-133"
"VEGFA","NP_001020537.2","P15692 ","1FLT","X-ray","1.7","V/W","38-135"
"VEGFA","NP_001020537.2","P15692 ","1KAT","NMR","-","V/W","37-135"
"VEGFA","NP_001020537.2","P15692 ","1KMX","NMR","-","A","183-232"
"VEGFA","NP_001020537.2","P15692 ","1MJV","X-ray","2.1","A/B","40-134"
"VEGFA","NP_001020537.2","P15692 ","1MKG","X-ray","2.5","A/B/C/D","40-134"
"VEGFA","NP_001020537.2","P15692 ","1MKK","X-ray","1.32","A/B","40-134"
"VEGFA","NP_001020537.2","P15692 ","1QTY","X-ray","2.7","R/S/V/W","34-135"
"VEGFA","NP_001020537.2","P15692 ","1TZH","X-ray","2.6","V/W","34-135"
"VEGFA","NP_001020537.2","P15692 ","1TZI","X-ray","2.8","V","34-135"
"VEGFA","NP_001020537.2","P15692 ","1VGH","NMR","-","A","183-232"
"VEGFA","NP_001020537.2","P15692 ","1VPF","X-ray","2.5","A/B/C/D","34-135"
"VEGFA","NP_001020537.2","P15692 ","1VPP","X-ray","1.9","V/W","34-135"
"VEGFA","NP_001020537.2","P15692 ","2FJG","X-ray","2.8","V/W","34-135"
"VEGFA","NP_001020537.2","P15692 ","2FJH","X-ray","3.1","V/W","34-135"
"VEGFA","NP_001020537.2","P15692 ","2QR0","X-ray","3.5","C/D/I/J/O/P/U/V","39-135"
"VEGFA","NP_001020537.2","P15692 ","2VGH","NMR","-","A","183-232"
"VEGFA","NP_001020537.2","P15692 ","2VPF","X-ray","1.93","A/B/C/D/E/F/G/H","34-135"
"VEGFA","NP_001020537.2","P15692 ","3BDY","X-ray","2.6","V","34-135"
"VEGFA","NP_001020538.2","P15692 ","1BJ1","X-ray","2.4","V/W","34-135"
"VEGFA","NP_001020538.2","P15692 ","1CZ8","X-ray","2.4","V/W","40-133"
"VEGFA","NP_001020538.2","P15692 ","1FLT","X-ray","1.7","V/W","38-135"
"VEGFA","NP_001020538.2","P15692 ","1KAT","NMR","-","V/W","37-135"
"VEGFA","NP_001020538.2","P15692 ","1KMX","NMR","-","A","183-232"
"VEGFA","NP_001020538.2","P15692 ","1MJV","X-ray","2.1","A/B","40-134"
"VEGFA","NP_001020538.2","P15692 ","1MKG","X-ray","2.5","A/B/C/D","40-134"
"VEGFA","NP_001020538.2","P15692 ","1MKK","X-ray","1.32","A/B","40-134"
"VEGFA","NP_001020538.2","P15692 ","1QTY","X-ray","2.7","R/S/V/W","34-135"
"VEGFA","NP_001020538.2","P15692 ","1TZH","X-ray","2.6","V/W","34-135"
"VEGFA","NP_001020538.2","P15692 ","1TZI","X-ray","2.8","V","34-135"
"VEGFA","NP_001020538.2","P15692 ","1VGH","NMR","-","A","183-232"
"VEGFA","NP_001020538.2","P15692 ","1VPF","X-ray","2.5","A/B/C/D","34-135"
"VEGFA","NP_001020538.2","P15692 ","1VPP","X-ray","1.9","V/W","34-135"
"VEGFA","NP_001020538.2","P15692 ","2FJG","X-ray","2.8","V/W","34-135"
"VEGFA","NP_001020538.2","P15692 ","2FJH","X-ray","3.1","V/W","34-135"
"VEGFA","NP_001020538.2","P15692 ","2QR0","X-ray","3.5","C/D/I/J/O/P/U/V","39-135"
"VEGFA","NP_001020538.2","P15692 ","2VGH","NMR","-","A","183-232"
"VEGFA","NP_001020538.2","P15692 ","2VPF","X-ray","1.93","A/B/C/D/E/F/G/H","34-135"
"VEGFA","NP_001020538.2","P15692 ","3BDY","X-ray","2.6","V","34-135"
"VEGFA","NP_001020539.2","P15692 ","1BJ1","X-ray","2.4","V/W","34-135"
"VEGFA","NP_001020539.2","P15692 ","1CZ8","X-ray","2.4","V/W","40-133"
"VEGFA","NP_001020539.2","P15692 ","1FLT","X-ray","1.7","V/W","38-135"
"VEGFA","NP_001020539.2","P15692 ","1KAT","NMR","-","V/W","37-135"
"VEGFA","NP_001020539.2","P15692 ","1KMX","NMR","-","A","183-232"
"VEGFA","NP_001020539.2","P15692 ","1MJV","X-ray","2.1","A/B","40-134"
"VEGFA","NP_001020539.2","P15692 ","1MKG","X-ray","2.5","A/B/C/D","40-134"
"VEGFA","NP_001020539.2","P15692 ","1MKK","X-ray","1.32","A/B","40-134"
"VEGFA","NP_001020539.2","P15692 ","1QTY","X-ray","2.7","R/S/V/W","34-135"
"VEGFA","NP_001020539.2","P15692 ","1TZH","X-ray","2.6","V/W","34-135"
"VEGFA","NP_001020539.2","P15692 ","1TZI","X-ray","2.8","V","34-135"
"VEGFA","NP_001020539.2","P15692 ","1VGH","NMR","-","A","183-232"
"VEGFA","NP_001020539.2","P15692 ","1VPF","X-ray","2.5","A/B/C/D","34-135"
"VEGFA","NP_001020539.2","P15692 ","1VPP","X-ray","1.9","V/W","34-135"
"VEGFA","NP_001020539.2","P15692 ","2FJG","X-ray","2.8","V/W","34-135"
"VEGFA","NP_001020539.2","P15692 ","2FJH","X-ray","3.1","V/W","34-135"
"VEGFA","NP_001020539.2","P15692 ","2QR0","X-ray","3.5","C/D/I/J/O/P/U/V","39-135"
"VEGFA","NP_001020539.2","P15692 ","2VGH","NMR","-","A","183-232"
"VEGFA","NP_001020539.2","P15692 ","2VPF","X-ray","1.93","A/B/C/D/E/F/G/H","34-135"
"VEGFA","NP_001020539.2","P15692 ","3BDY","X-ray","2.6","V","34-135"
"VEGFA","NP_001020540.2","P15692 ","1BJ1","X-ray","2.4","V/W","34-135"
"VEGFA","NP_001020540.2","P15692 ","1CZ8","X-ray","2.4","V/W","40-133"
"VEGFA","NP_001020540.2","P15692 ","1FLT","X-ray","1.7","V/W","38-135"
"VEGFA","NP_001020540.2","P15692 ","1KAT","NMR","-","V/W","37-135"
"VEGFA","NP_001020540.2","P15692 ","1KMX","NMR","-","A","183-232"
"VEGFA","NP_001020540.2","P15692 ","1MJV","X-ray","2.1","A/B","40-134"
"VEGFA","NP_001020540.2","P15692 ","1MKG","X-ray","2.5","A/B/C/D","40-134"
"VEGFA","NP_001020540.2","P15692 ","1MKK","X-ray","1.32","A/B","40-134"
"VEGFA","NP_001020540.2","P15692 ","1QTY","X-ray","2.7","R/S/V/W","34-135"
"VEGFA","NP_001020540.2","P15692 ","1TZH","X-ray","2.6","V/W","34-135"
"VEGFA","NP_001020540.2","P15692 ","1TZI","X-ray","2.8","V","34-135"
"VEGFA","NP_001020540.2","P15692 ","1VGH","NMR","-","A","183-232"
"VEGFA","NP_001020540.2","P15692 ","1VPF","X-ray","2.5","A/B/C/D","34-135"
"VEGFA","NP_001020540.2","P15692 ","1VPP","X-ray","1.9","V/W","34-135"
"VEGFA","NP_001020540.2","P15692 ","2FJG","X-ray","2.8","V/W","34-135"
"VEGFA","NP_001020540.2","P15692 ","2FJH","X-ray","3.1","V/W","34-135"
"VEGFA","NP_001020540.2","P15692 ","2QR0","X-ray","3.5","C/D/I/J/O/P/U/V","39-135"
"VEGFA","NP_001020540.2","P15692 ","2VGH","NMR","-","A","183-232"
"VEGFA","NP_001020540.2","P15692 ","2VPF","X-ray","1.93","A/B/C/D/E/F/G/H","34-135"
"VEGFA","NP_001020540.2","P15692 ","3BDY","X-ray","2.6","V","34-135"
"VEGFA","NP_001020541.2","P15692 ","1BJ1","X-ray","2.4","V/W","34-135"
"VEGFA","NP_001020541.2","P15692 ","1CZ8","X-ray","2.4","V/W","40-133"
"VEGFA","NP_001020541.2","P15692 ","1FLT","X-ray","1.7","V/W","38-135"
"VEGFA","NP_001020541.2","P15692 ","1KAT","NMR","-","V/W","37-135"
"VEGFA","NP_001020541.2","P15692 ","1KMX","NMR","-","A","183-232"
"VEGFA","NP_001020541.2","P15692 ","1MJV","X-ray","2.1","A/B","40-134"
"VEGFA","NP_001020541.2","P15692 ","1MKG","X-ray","2.5","A/B/C/D","40-134"
"VEGFA","NP_001020541.2","P15692 ","1MKK","X-ray","1.32","A/B","40-134"
"VEGFA","NP_001020541.2","P15692 ","1QTY","X-ray","2.7","R/S/V/W","34-135"
"VEGFA","NP_001020541.2","P15692 ","1TZH","X-ray","2.6","V/W","34-135"
"VEGFA","NP_001020541.2","P15692 ","1TZI","X-ray","2.8","V","34-135"
"VEGFA","NP_001020541.2","P15692 ","1VGH","NMR","-","A","183-232"
"VEGFA","NP_001020541.2","P15692 ","1VPF","X-ray","2.5","A/B/C/D","34-135"
"VEGFA","NP_001020541.2","P15692 ","1VPP","X-ray","1.9","V/W","34-135"
"VEGFA","NP_001020541.2","P15692 ","2FJG","X-ray","2.8","V/W","34-135"
"VEGFA","NP_001020541.2","P15692 ","2FJH","X-ray","3.1","V/W","34-135"
"VEGFA","NP_001020541.2","P15692 ","2QR0","X-ray","3.5","C/D/I/J/O/P/U/V","39-135"
"VEGFA","NP_001020541.2","P15692 ","2VGH","NMR","-","A","183-232"
"VEGFA","NP_001020541.2","P15692 ","2VPF","X-ray","1.93","A/B/C/D/E/F/G/H","34-135"
"VEGFA","NP_001020541.2","P15692 ","3BDY","X-ray","2.6","V","34-135"
"VEGFA","NP_001028928.1","P15692 ","1BJ1","X-ray","2.4","V/W","34-135"
"VEGFA","NP_001028928.1","P15692 ","1CZ8","X-ray","2.4","V/W","40-133"
"VEGFA","NP_001028928.1","P15692 ","1FLT","X-ray","1.7","V/W","38-135"
"VEGFA","NP_001028928.1","P15692 ","1KAT","NMR","-","V/W","37-135"
"VEGFA","NP_001028928.1","P15692 ","1KMX","NMR","-","A","183-232"
"VEGFA","NP_001028928.1","P15692 ","1MJV","X-ray","2.1","A/B","40-134"
"VEGFA","NP_001028928.1","P15692 ","1MKG","X-ray","2.5","A/B/C/D","40-134"
"VEGFA","NP_001028928.1","P15692 ","1MKK","X-ray","1.32","A/B","40-134"
"VEGFA","NP_001028928.1","P15692 ","1QTY","X-ray","2.7","R/S/V/W","34-135"
"VEGFA","NP_001028928.1","P15692 ","1TZH","X-ray","2.6","V/W","34-135"
"VEGFA","NP_001028928.1","P15692 ","1TZI","X-ray","2.8","V","34-135"
"VEGFA","NP_001028928.1","P15692 ","1VGH","NMR","-","A","183-232"
"VEGFA","NP_001028928.1","P15692 ","1VPF","X-ray","2.5","A/B/C/D","34-135"
"VEGFA","NP_001028928.1","P15692 ","1VPP","X-ray","1.9","V/W","34-135"
"VEGFA","NP_001028928.1","P15692 ","2FJG","X-ray","2.8","V/W","34-135"
"VEGFA","NP_001028928.1","P15692 ","2FJH","X-ray","3.1","V/W","34-135"
"VEGFA","NP_001028928.1","P15692 ","2QR0","X-ray","3.5","C/D/I/J/O/P/U/V","39-135"
"VEGFA","NP_001028928.1","P15692 ","2VGH","NMR","-","A","183-232"
"VEGFA","NP_001028928.1","P15692 ","2VPF","X-ray","1.93","A/B/C/D/E/F/G/H","34-135"
"VEGFA","NP_001028928.1","P15692 ","3BDY","X-ray","2.6","V","34-135"
"VEGFA","NP_003367.4","P15692 ","1BJ1","X-ray","2.4","V/W","34-135"
"VEGFA","NP_003367.4","P15692 ","1CZ8","X-ray","2.4","V/W","40-133"
"VEGFA","NP_003367.4","P15692 ","1FLT","X-ray","1.7","V/W","38-135"
"VEGFA","NP_003367.4","P15692 ","1KAT","NMR","-","V/W","37-135"
"VEGFA","NP_003367.4","P15692 ","1KMX","NMR","-","A","183-232"
"VEGFA","NP_003367.4","P15692 ","1MJV","X-ray","2.1","A/B","40-134"
"VEGFA","NP_003367.4","P15692 ","1MKG","X-ray","2.5","A/B/C/D","40-134"
"VEGFA","NP_003367.4","P15692 ","1MKK","X-ray","1.32","A/B","40-134"
"VEGFA","NP_003367.4","P15692 ","1QTY","X-ray","2.7","R/S/V/W","34-135"
"VEGFA","NP_003367.4","P15692 ","1TZH","X-ray","2.6","V/W","34-135"
"VEGFA","NP_003367.4","P15692 ","1TZI","X-ray","2.8","V","34-135"
"VEGFA","NP_003367.4","P15692 ","1VGH","NMR","-","A","183-232"
"VEGFA","NP_003367.4","P15692 ","1VPF","X-ray","2.5","A/B/C/D","34-135"
"VEGFA","NP_003367.4","P15692 ","1VPP","X-ray","1.9","V/W","34-135"
"VEGFA","NP_003367.4","P15692 ","2FJG","X-ray","2.8","V/W","34-135"
"VEGFA","NP_003367.4","P15692 ","2FJH","X-ray","3.1","V/W","34-135"
"VEGFA","NP_003367.4","P15692 ","2QR0","X-ray","3.5","C/D/I/J/O/P/U/V","39-135"
"VEGFA","NP_003367.4","P15692 ","2VGH","NMR","-","A","183-232"
"VEGFA","NP_003367.4","P15692 ","2VPF","X-ray","1.93","A/B/C/D/E/F/G/H","34-135"
"VEGFA","NP_003367.4","P15692 ","3BDY","X-ray","2.6","V","34-135"
"VEGFB","NP_003368.1","P49765","2C7W","X-ray","2.48","A/B","31-129"
"VEGFB","NP_003368.1","P49765","2VWE","X-ray","3.4","A/B","22-136"
"VEGFB","NP_003368.1","P49765","2XAC","X-ray","2.71","A/B","31-129"
"VEGFC","NP_005420.1","P49767 ","2X1W","X-ray","2.7","A/B/C/D","112-215"
"VEGFC","NP_005420.1","P49767 ","2X1X","X-ray","3.1","E","112-215"
"VHL","NP_000542.1","P40337","1LM8","X-ray","1.85","V","54-213"
"VHL","NP_000542.1","P40337","1LQB","X-ray","2","C","54-213"
"VHL","NP_000542.1","P40337","1VCB","X-ray","2.7","C/F/I/L","54-213"
"VHL","NP_937799.1","P40337","1LM8","X-ray","1.85","V","54-213"
"VHL","NP_937799.1","P40337","1LQB","X-ray","2","C","54-213"
"VHL","NP_937799.1","P40337","1VCB","X-ray","2.7","C/F/I/L","54-213"
"VPS35","NP_060676.2","Q96QK1","2R17","X-ray","2.8","C/D","483-780"
"VSIG4","NP_001093901.1","Q9Y279 ","2ICC","X-ray","1.2","A","19-137"
"VSIG4","NP_001093901.1","Q9Y279 ","2ICE","X-ray","3.1","S/T","19-137"
"VSIG4","NP_001093901.1","Q9Y279 ","2ICF","X-ray","4.1","S","19-137"
"VSIG4","NP_009199.1","Q9Y279 ","2ICC","X-ray","1.2","A","19-137"
"VSIG4","NP_009199.1","Q9Y279 ","2ICE","X-ray","3.1","S/T","19-137"
"VSIG4","NP_009199.1","Q9Y279 ","2ICF","X-ray","4.1","S","19-137"
"VWF","NP_000543.2","P04275","1AO3","X-ray","2.2","A/B","1686-1872"
"VWF","NP_000543.2","P04275","1ATZ","X-ray","1.8","A/B","1685-1873"
"VWF","NP_000543.2","P04275","1AUQ","X-ray","2.3","A","1261-1468"
"VWF","NP_000543.2","P04275","1FE8","X-ray","2.03","A/B/C","1683-1874"
"VWF","NP_000543.2","P04275","1FNS","X-ray","2","A","1271-1465"
"VWF","NP_000543.2","P04275","1IJB","X-ray","1.8","A","1263-1464"
"VWF","NP_000543.2","P04275","1IJK","X-ray","2.6","A","1263-1464"
"VWF","NP_000543.2","P04275","1M10","X-ray","3.1","A","1261-1468"
"VWF","NP_000543.2","P04275","1OAK","X-ray","2.2","A","1271-1465"
"VWF","NP_000543.2","P04275","1SQ0","X-ray","2.6","A","1260-1471"
"VWF","NP_000543.2","P04275","1U0N","X-ray","2.95","A","1261-1468"
"VWF","NP_000543.2","P04275","1UEX","X-ray","2.85","C","1260-1468"
"VWF","NP_000543.2","P04275","2ADF","X-ray","1.9","A","1683-1874"
"VWF","NP_000543.2","P04275","3GXB","X-ray","1.9","A/B","1495-1671"
"VWF","NP_000543.2","P04275","3HXO","X-ray","2.4","A","1260-1468"
"VWF","NP_000543.2","P04275","3HXQ","X-ray","2.69","A","1260-1468"
"WT1","NP_000369.3","P19544","1LU6","model","-","A","310-449"
"WT1","NP_000369.3","P19544","1XF7","NMR","-","A","381-407"
"WT1","NP_000369.3","P19544","2G7T","model","-","A","310-449"
"WT1","NP_000369.3","P19544","2G7V","model","-","A","310-449"
"WT1","NP_000369.3","P19544","2G7W","model","-","A","310-449"
"WT1","NP_000369.3","P19544","2G7X","model","-","A","310-449"
"WT1","NP_000369.3","P19544","2JP9","NMR","-","A","318-438"
"WT1","NP_000369.3","P19544","2JPA","NMR","-","A","318-438"
"WT1","NP_000369.3","P19544","2PRT","X-ray","3.15","A","318-438"
"WT1","NP_000369.3","P19544","3HRJ","X-ray","2","C/F","126-134"
"WT1","NP_077742.2","P19544","1LU6","model","-","A","310-449"
"WT1","NP_077742.2","P19544","1XF7","NMR","-","A","381-407"
"WT1","NP_077742.2","P19544","2G7T","model","-","A","310-449"
"WT1","NP_077742.2","P19544","2G7V","model","-","A","310-449"
"WT1","NP_077742.2","P19544","2G7W","model","-","A","310-449"
"WT1","NP_077742.2","P19544","2G7X","model","-","A","310-449"
"WT1","NP_077742.2","P19544","2JP9","NMR","-","A","318-438"
"WT1","NP_077742.2","P19544","2JPA","NMR","-","A","318-438"
"WT1","NP_077742.2","P19544","2PRT","X-ray","3.15","A","318-438"
"WT1","NP_077742.2","P19544","3HRJ","X-ray","2","C/F","126-134"
"WT1","NP_077743.2","P19544","1LU6","model","-","A","310-449"
"WT1","NP_077743.2","P19544","1XF7","NMR","-","A","381-407"
"WT1","NP_077743.2","P19544","2G7T","model","-","A","310-449"
"WT1","NP_077743.2","P19544","2G7V","model","-","A","310-449"
"WT1","NP_077743.2","P19544","2G7W","model","-","A","310-449"
"WT1","NP_077743.2","P19544","2G7X","model","-","A","310-449"
"WT1","NP_077743.2","P19544","2JP9","NMR","-","A","318-438"
"WT1","NP_077743.2","P19544","2JPA","NMR","-","A","318-438"
"WT1","NP_077743.2","P19544","2PRT","X-ray","3.15","A","318-438"
"WT1","NP_077743.2","P19544","3HRJ","X-ray","2","C/F","126-134"
"WT1","NP_077744.3","P19544","1LU6","model","-","A","310-449"
"WT1","NP_077744.3","P19544","1XF7","NMR","-","A","381-407"
"WT1","NP_077744.3","P19544","2G7T","model","-","A","310-449"
"WT1","NP_077744.3","P19544","2G7V","model","-","A","310-449"
"WT1","NP_077744.3","P19544","2G7W","model","-","A","310-449"
"WT1","NP_077744.3","P19544","2G7X","model","-","A","310-449"
"WT1","NP_077744.3","P19544","2JP9","NMR","-","A","318-438"
"WT1","NP_077744.3","P19544","2JPA","NMR","-","A","318-438"
"WT1","NP_077744.3","P19544","2PRT","X-ray","3.15","A","318-438"
"WT1","NP_077744.3","P19544","3HRJ","X-ray","2","C/F","126-134"
"XRCC1","NP_006288.2","P18887","1CDZ","X-ray","3.2","A","538-633"
"XRCC1","NP_006288.2","P18887","1XNA","NMR","-","A","1-183"
"XRCC1","NP_006288.2","P18887","1XNT","NMR","-","A","1-183"
"XRCC1","NP_006288.2","P18887","2D8M","NMR","-","A","305-420"
"XRCC1","NP_006288.2","P18887","2W3O","X-ray","1.85","C/D","515-522"
"XRCC1","NP_006288.2","P18887","3K75","X-ray","2.95","B/C","1-183"
"XRCC1","NP_006288.2","P18887","3K77","X-ray","2.6","A/B/C/D/E/F/G/H","1-155"
"XRCC1","NP_006288.2","P18887","3LQC","X-ray","2.35","A","1-183"
"YIF1A","NP_065203.2","O95070","-","-","-","-","-"
"ZBED2","NP_078784.2","Q9BTP6 ","2DJR","NMR","-","A","55-117"
"ZNF217","NP_006517.1","O75362","2HU2","X-ray","2.85","B","752-760"
